datetime,month,month_num,day,time,track_name,artist_name,album_name
2025-01-03T07:06:02Z,January,1,3,07:06:02,Angel Of My Dreams - S.A.D. Version - Slow. Angelic. Dramatic.,JADE,Angel Of My Dreams - S.A.D. Version (Slow. Angelic. Dramatic.)
2025-01-04T02:53:02Z,January,1,4,02:53:02,Dade County Dreaming (feat. JT & Yung Miami),Camila Cabello,"C,XOXO"
2025-01-04T02:56:24Z,January,1,4,02:56:24,I LUV IT (feat. Playboi Carti),Camila Cabello,I LUV IT (feat. Playboi Carti)
2025-01-04T02:59:37Z,January,1,4,02:59:37,1999 - EASYFUN Remix,Charli xcx,1999
2025-01-04T03:03:05Z,January,1,4,03:03:05,I Belong In Your Arms,Chairlift,Something
2025-01-04T03:06:05Z,January,1,4,03:06:05,New Woman (feat. ROSALÍA),LISA,New Woman (feat. ROSALÍA)
2025-01-04T03:09:18Z,January,1,4,03:09:18,It's ok I'm ok,Tate McRae,It's ok I'm ok
2025-01-04T03:13:34Z,January,1,4,03:13:34,c2.0,Charli xcx,how i'm feeling now
2025-01-04T03:15:50Z,January,1,4,03:15:50,Bronze,Thy Slaughter,"PC Music, Vol. 1"
2025-01-04T03:17:02Z,January,1,4,03:17:02,Aquamarine / Arcamarine,Addison Rae,Aquamarine / Arcamarine
2025-01-04T03:39:04Z,January,1,4,03:39:04,STEREOTYPE,STAYC,STEREOTYPE
2025-01-04T03:43:04Z,January,1,4,03:43:04,I Want You To Know,Zedd,True Colors
2025-01-04T03:47:01Z,January,1,4,03:47:01,Lipgloss (feat. CupcakKe),Charli xcx,Number 1 Angel
2025-01-04T03:50:04Z,January,1,4,03:50:04,UNFORGIVEN (feat. Nile Rodgers),LE SSERAFIM,UNFORGIVEN
2025-01-05T22:01:21Z,January,1,5,22:01:21,WHISTLE,BLACKPINK,SQUARE ONE
2025-01-05T22:04:40Z,January,1,5,22:04:40,1999 - EASYFUN Remix,Charli xcx,1999
2025-01-05T22:08:25Z,January,1,5,22:08:25,break,xo,whitenoise
2025-01-05T22:11:20Z,January,1,5,22:11:20,Sugar Water Cyanide,Rebecca Black,Sugar Water Cyanide
2025-01-05T22:16:50Z,January,1,5,22:16:50,Galina,Allie X,Girl With No Face
2025-01-05T22:20:36Z,January,1,5,22:20:36,Angel Of My Dreams - S.A.D. Version - Slow. Angelic. Dramatic.,JADE,Angel Of My Dreams - S.A.D. Version (Slow. Angelic. Dramatic.)
2025-01-05T22:24:06Z,January,1,5,22:24:06,Sober,Lorde,Melodrama
2025-01-05T22:27:38Z,January,1,5,22:27:38,So I,Charli xcx,BRAT
2025-01-05T22:30:37Z,January,1,5,22:30:37,Castle In The Sky,Kim Petras,Feed The Beast
2025-01-05T22:33:38Z,January,1,5,22:33:38,Dade County Dreaming (feat. JT & Yung Miami),Camila Cabello,"C,XOXO"
2025-01-05T22:36:31Z,January,1,5,22:36:31,Smart,LE SSERAFIM,EASY
2025-01-05T22:41:19Z,January,1,5,22:41:19,I Belong In Your Arms,Chairlift,Something
2025-01-05T22:45:16Z,January,1,5,22:45:16,too bad for us,ROSÉ,rosie
2025-01-05T22:49:26Z,January,1,5,22:49:26,stay a little longer,ROSÉ,rosie
2025-01-05T22:53:03Z,January,1,5,22:53:03,number one girl,ROSÉ,rosie
2025-01-06T01:26:34Z,January,1,6,01:26:34,Like It Like It,TWICE,STRATEGY
2025-01-06T05:08:22Z,January,1,6,05:08:22,Tonight I Might,KATSEYE,SIS (Soft Is Strong)
2025-01-06T05:12:37Z,January,1,6,05:12:37,Can't We Just Leave the Monster Alive?,TOMORROW X TOGETHER,The Dream Chapter: MAGIC
2025-01-06T05:15:21Z,January,1,6,05:15:21,Deep Down,TOMORROW X TOGETHER,The Name Chapter: FREEFALL
2025-01-06T05:18:05Z,January,1,6,05:18:05,Deep Down,TOMORROW X TOGETHER,The Name Chapter: FREEFALL
2025-01-06T05:22:37Z,January,1,6,05:22:37,xXXi_wud_nvrstøp_ÜXXx (Remix) [feat. Tommy Cash & Hannah Diamond],100 gecs,1000 gecs and The Tree of Clues
2025-01-06T05:27:10Z,January,1,6,05:27:10,Delicious (feat. Tommy Cash),Charli xcx,Pop 2
2025-01-06T05:30:59Z,January,1,6,05:30:59,Hello goodbye,Charli xcx,Brat and it’s the same but there’s three more songs so it’s not
2025-01-06T05:33:46Z,January,1,6,05:33:46,Sympathy is a knife,Charli xcx,BRAT
2025-01-06T05:37:08Z,January,1,6,05:37:08,Supernatural,ITZY,GOLD
2025-01-06T05:40:30Z,January,1,6,05:40:30,LALISA,LISA,LALISA
2025-01-06T05:45:05Z,January,1,6,05:45:05,I might say something stupid featuring the 1975 & jon hopkins,Charli xcx,Brat and it’s completely different but also still brat
2025-01-06T05:47:56Z,January,1,6,05:47:56,Falling Endlessly,WILLOW,<COPINGMECHANISM>
2025-01-06T05:50:54Z,January,1,6,05:50:54,Moth to the Flame,Chairlift,Moth
2025-01-06T05:54:12Z,January,1,6,05:54:12,My Dilemma,Selena Gomez & The Scene,When The Sun Goes Down
2025-01-06T05:58:11Z,January,1,6,05:58:11,When The Sun Goes Down,Selena Gomez & The Scene,When The Sun Goes Down
2025-01-06T06:02:21Z,January,1,6,06:02:21,Beg for You (feat. Rina Sawayama) - A. G. Cook & VERNON OF SEVENTEEN Remix,Charli xcx,Beg For You (feat. Rina Sawayama)
2025-01-06T06:05:51Z,January,1,6,06:05:51,UNTOUCHABLE,ITZY,BORN TO BE
2025-01-06T06:08:44Z,January,1,6,06:08:44,I GOT YOU,TWICE,With YOU-th
2025-01-06T06:12:51Z,January,1,6,06:12:51,Beautiful,A. G. Cook,"PC Music, Vol. 1"
2025-01-06T06:16:50Z,January,1,6,06:16:50,1999 - EASYFUN Remix,Charli xcx,1999
2025-01-06T06:20:21Z,January,1,6,06:20:21,break,xo,whitenoise
2025-01-06T06:23:54Z,January,1,6,06:23:54,Every Night,Hannah Diamond,"PC Music, Vol. 1"
2025-01-06T06:26:39Z,January,1,6,06:26:39,Never Stay High,JSTJR,Never Stay High
2025-01-06T06:27:21Z,January,1,6,06:27:21,Amanaemonesia,Chairlift,Something
2025-01-06T06:31:46Z,January,1,6,06:31:46,My Barn My Rules,MCR-T,My Barn My Rules
2025-01-06T06:34:48Z,January,1,6,06:34:48,It's ok I'm ok,Tate McRae,It's ok I'm ok
2025-01-06T06:37:40Z,January,1,6,06:37:40,MEOW,MEOVV,MEOW
2025-01-06T06:40:40Z,January,1,6,06:40:40,Roll Up,BLACKSWAN,Roll Up
2025-01-06T06:43:47Z,January,1,6,06:43:47,Mi Último Deseo,BamBam,BAMESIS
2025-01-06T06:47:43Z,January,1,6,06:47:43,c2.0,Charli xcx,how i'm feeling now
2025-01-06T06:51:14Z,January,1,6,06:51:14,detonate,Charli xcx,how i'm feeling now
2025-01-06T06:53:52Z,January,1,6,06:53:52,Dade County Dreaming (feat. JT & Yung Miami),Camila Cabello,"C,XOXO"
2025-01-06T06:57:00Z,January,1,6,06:57:00,Club classics featuring bb trickz,Charli xcx,Brat and it’s completely different but also still brat
2025-01-06T06:59:50Z,January,1,6,06:59:50,Diet Pepsi,Addison Rae,Diet Pepsi
2025-01-07T00:04:47Z,January,1,7,00:04:47,Thousand Pieces,Kim Petras,Feed The Beast
2025-01-07T00:08:38Z,January,1,7,00:08:38,NUEVAYoL,Bad Bunny,DeBÍ TiRAR MáS FOToS
2025-01-07T00:11:14Z,January,1,7,00:11:14,VOY A LLeVARTE PA PR,Bad Bunny,DeBÍ TiRAR MáS FOToS
2025-01-07T00:17:22Z,January,1,7,00:17:22,BAILE INoLVIDABLE,Bad Bunny,DeBÍ TiRAR MáS FOToS
2025-01-07T00:20:48Z,January,1,7,00:20:48,PERFuMITO NUEVO,Bad Bunny,DeBÍ TiRAR MáS FOToS
2025-01-07T00:37:15Z,January,1,7,00:37:15,WELTiTA,Bad Bunny,DeBÍ TiRAR MáS FOToS
2025-01-07T00:40:28Z,January,1,7,00:40:28,WELTiTA,Bad Bunny,DeBÍ TiRAR MáS FOToS
2025-01-07T00:45:06Z,January,1,7,00:45:06,VeLDÁ,Bad Bunny,DeBÍ TiRAR MáS FOToS
2025-01-07T01:36:43Z,January,1,7,01:36:43,EL CLúB,Bad Bunny,DeBÍ TiRAR MáS FOToS
2025-01-07T01:39:46Z,January,1,7,01:39:46,NUEVAYoL,Bad Bunny,DeBÍ TiRAR MáS FOToS
2025-01-07T01:50:46Z,January,1,7,01:50:46,VeLDÁ,Bad Bunny,DeBÍ TiRAR MáS FOToS
2025-01-07T01:54:29Z,January,1,7,01:54:29,EL CLúB,Bad Bunny,DeBÍ TiRAR MáS FOToS
2025-01-07T01:58:40Z,January,1,7,01:58:40,KETU TeCRÉ,Bad Bunny,DeBÍ TiRAR MáS FOToS
2025-01-07T02:02:24Z,January,1,7,02:02:24,BOKeTE,Bad Bunny,DeBÍ TiRAR MáS FOToS
2025-01-07T02:05:43Z,January,1,7,02:05:43,KLOuFRENS,Bad Bunny,DeBÍ TiRAR MáS FOToS
2025-01-07T02:08:53Z,January,1,7,02:08:53,TURiSTA,Bad Bunny,DeBÍ TiRAR MáS FOToS
2025-01-07T02:12:42Z,January,1,7,02:12:42,CAFé CON RON,Bad Bunny,DeBÍ TiRAR MáS FOToS
2025-01-07T02:16:09Z,January,1,7,02:16:09,PIToRRO DE COCO,Bad Bunny,DeBÍ TiRAR MáS FOToS
2025-01-07T09:50:25Z,January,1,7,09:50:25,LO QUE LE PASÓ A HAWAii,Bad Bunny,DeBÍ TiRAR MáS FOToS
2025-01-07T21:41:12Z,January,1,7,21:41:12,NUEVAYoL,Bad Bunny,DeBÍ TiRAR MáS FOToS
2025-01-07T21:43:48Z,January,1,7,21:43:48,VOY A LLeVARTE PA PR,Bad Bunny,DeBÍ TiRAR MáS FOToS
2025-01-07T23:02:09Z,January,1,7,23:02:09,BAILE INoLVIDABLE,Bad Bunny,DeBÍ TiRAR MáS FOToS
2025-01-07T23:05:30Z,January,1,7,23:05:30,PERFuMITO NUEVO,Bad Bunny,DeBÍ TiRAR MáS FOToS
2025-01-07T23:08:41Z,January,1,7,23:08:41,WELTiTA,Bad Bunny,DeBÍ TiRAR MáS FOToS
2025-01-07T23:12:36Z,January,1,7,23:12:36,VeLDÁ,Bad Bunny,DeBÍ TiRAR MáS FOToS
2025-01-08T00:18:18Z,January,1,8,00:18:18,EL CLúB,Bad Bunny,DeBÍ TiRAR MáS FOToS
2025-01-08T00:27:47Z,January,1,8,00:27:47,Shooting Star,Kep1er,Kep1going On
2025-01-08T00:28:51Z,January,1,8,00:28:51,Shooting Star,Kep1er,Kep1going On
2025-01-08T00:31:39Z,January,1,8,00:31:39,No Doubt,ENHYPEN,ROMANCE : UNTOLD -daydream-
2025-01-08T05:52:53Z,January,1,8,05:52:53,Whiplash,aespa,Whiplash - The 5th Mini Album
2025-01-09T00:47:40Z,January,1,9,00:47:40,Perverts,Ethel Cain,Perverts
2025-01-09T00:54:26Z,January,1,9,00:54:26,Punish,Ethel Cain,Perverts
2025-01-09T03:18:36Z,January,1,9,03:18:36,Housofpsychoticwomn,Ethel Cain,Perverts
2025-01-09T03:23:54Z,January,1,9,03:23:54,NUEVAYoL,Bad Bunny,DeBÍ TiRAR MáS FOToS
2025-01-09T03:26:30Z,January,1,9,03:26:30,VOY A LLeVARTE PA PR,Bad Bunny,DeBÍ TiRAR MáS FOToS
2025-01-09T03:32:38Z,January,1,9,03:32:38,BAILE INoLVIDABLE,Bad Bunny,DeBÍ TiRAR MáS FOToS
2025-01-09T03:35:58Z,January,1,9,03:35:58,PERFuMITO NUEVO,Bad Bunny,DeBÍ TiRAR MáS FOToS
2025-01-09T03:39:06Z,January,1,9,03:39:06,WELTiTA,Bad Bunny,DeBÍ TiRAR MáS FOToS
2025-01-09T03:43:01Z,January,1,9,03:43:01,VeLDÁ,Bad Bunny,DeBÍ TiRAR MáS FOToS
2025-01-09T03:46:44Z,January,1,9,03:46:44,EL CLúB,Bad Bunny,DeBÍ TiRAR MáS FOToS
2025-01-09T03:50:55Z,January,1,9,03:50:55,KETU TeCRÉ,Bad Bunny,DeBÍ TiRAR MáS FOToS
2025-01-09T03:56:10Z,January,1,9,03:56:10,BOKeTE,Bad Bunny,DeBÍ TiRAR MáS FOToS
2025-01-09T03:59:29Z,January,1,9,03:59:29,KLOuFRENS,Bad Bunny,DeBÍ TiRAR MáS FOToS
2025-01-09T04:02:39Z,January,1,9,04:02:39,TURiSTA,Bad Bunny,DeBÍ TiRAR MáS FOToS
2025-01-09T04:06:28Z,January,1,9,04:06:28,CAFé CON RON,Bad Bunny,DeBÍ TiRAR MáS FOToS
2025-01-09T06:56:39Z,January,1,9,06:56:39,PIToRRO DE COCO,Bad Bunny,DeBÍ TiRAR MáS FOToS
2025-01-09T07:00:57Z,January,1,9,07:00:57,KETU TeCRÉ,Bad Bunny,DeBÍ TiRAR MáS FOToS
2025-01-09T07:05:04Z,January,1,9,07:05:04,LO QUE LE PASÓ A HAWAii,Bad Bunny,DeBÍ TiRAR MáS FOToS
2025-01-09T07:08:29Z,January,1,9,07:08:29,EoO,Bad Bunny,DeBÍ TiRAR MáS FOToS
2025-01-09T07:12:26Z,January,1,9,07:12:26,DtMF,Bad Bunny,DeBÍ TiRAR MáS FOToS
2025-01-09T07:15:59Z,January,1,9,07:15:59,LA MuDANZA,Bad Bunny,DeBÍ TiRAR MáS FOToS
2025-01-09T07:19:49Z,January,1,9,07:19:49,EoO,Bad Bunny,DeBÍ TiRAR MáS FOToS
2025-01-09T07:23:44Z,January,1,9,07:23:44,LO QUE LE PASÓ A HAWAii,Bad Bunny,DeBÍ TiRAR MáS FOToS
2025-01-09T07:52:02Z,January,1,9,07:52:02,EoO,Bad Bunny,DeBÍ TiRAR MáS FOToS
2025-01-09T07:55:39Z,January,1,9,07:55:39,Shooting Star,Kep1er,Kep1going On
2025-01-09T07:58:41Z,January,1,9,07:58:41,Whiplash,aespa,Whiplash - The 5th Mini Album
2025-01-09T08:02:13Z,January,1,9,08:02:13,break,xo,whitenoise
2025-01-09T08:05:38Z,January,1,9,08:05:38,EoO,Bad Bunny,DeBÍ TiRAR MáS FOToS
2025-01-09T08:12:52Z,January,1,9,08:12:52,No Doubt,ENHYPEN,ROMANCE : UNTOLD -daydream-
2025-01-09T08:20:18Z,January,1,9,08:20:18,CYBERKISS 2 U*,BLACKSTARKIDS,CYBERKISS 2 U*
2025-01-09T08:23:19Z,January,1,9,08:23:19,curious/furious - Live,WILLOW,WILLOW: Live At Electric Lady
2025-01-09T08:28:30Z,January,1,9,08:28:30,Me Pregunto,Belanova,Gran Disco Mini Precio - Dulce Beat
2025-01-09T09:42:50Z,January,1,9,09:42:50,KETU TeCRÉ,Bad Bunny,DeBÍ TiRAR MáS FOToS
2025-01-09T09:46:54Z,January,1,9,09:46:54,DtMF,Bad Bunny,DeBÍ TiRAR MáS FOToS
2025-01-09T09:50:27Z,January,1,9,09:50:27,LA MuDANZA,Bad Bunny,DeBÍ TiRAR MáS FOToS
2025-01-09T10:27:13Z,January,1,9,10:27:13,Aquamarine / Arcamarine,Addison Rae,Aquamarine / Arcamarine
2025-01-09T10:32:28Z,January,1,9,10:32:28,The Walk,Imogen Heap,Speak for Yourself
2025-01-09T23:12:27Z,January,1,9,23:12:27,KETU TeCRÉ,Bad Bunny,DeBÍ TiRAR MáS FOToS
2025-01-09T23:15:52Z,January,1,9,23:15:52,EoO,Bad Bunny,DeBÍ TiRAR MáS FOToS
2025-01-09T23:19:35Z,January,1,9,23:19:35,EL CLúB,Bad Bunny,DeBÍ TiRAR MáS FOToS
2025-01-09T23:23:31Z,January,1,9,23:23:31,VeLDÁ,Bad Bunny,DeBÍ TiRAR MáS FOToS
2025-01-09T23:27:58Z,January,1,9,23:27:58,LO QUE LE PASÓ A HAWAii,Bad Bunny,DeBÍ TiRAR MáS FOToS
2025-01-11T04:02:17Z,January,1,11,04:02:17,Shooting Star,Kep1er,Kep1going On
2025-01-11T04:05:05Z,January,1,11,04:05:05,No Doubt,ENHYPEN,ROMANCE : UNTOLD -daydream-
2025-01-11T04:19:08Z,January,1,11,04:19:08,Whiplash,aespa,Whiplash - The 5th Mini Album
2025-01-11T04:31:27Z,January,1,11,04:31:27,SUPERSCAR,ADÉLA,SUPERSCAR
2025-01-11T04:34:47Z,January,1,11,04:34:47,Me Pregunto,Belanova,Gran Disco Mini Precio - Dulce Beat
2025-01-11T06:34:10Z,January,1,11,06:34:10,Backseat (feat. Carly Rae Jepsen),Charli xcx,Pop 2
2025-01-11T06:53:40Z,January,1,11,06:53:40,Delicious (feat. Tommy Cash),Charli xcx,Pop 2
2025-01-11T06:57:04Z,January,1,11,06:57:04,EoO,Bad Bunny,DeBÍ TiRAR MáS FOToS
2025-01-11T07:01:27Z,January,1,11,07:01:27,KETU TeCRÉ,Bad Bunny,DeBÍ TiRAR MáS FOToS
2025-01-11T07:02:02Z,January,1,11,07:02:02,BOKeTE,Bad Bunny,DeBÍ TiRAR MáS FOToS
2025-01-11T07:05:51Z,January,1,11,07:05:51,LO QUE LE PASÓ A HAWAii,Bad Bunny,DeBÍ TiRAR MáS FOToS
2025-01-11T07:09:47Z,January,1,11,07:09:47,VeLDÁ,Bad Bunny,DeBÍ TiRAR MáS FOToS
2025-01-11T21:44:13Z,January,1,11,21:44:13,EL CLúB,Bad Bunny,DeBÍ TiRAR MáS FOToS
2025-01-11T21:48:40Z,January,1,11,21:48:40,KETU TeCRÉ,Bad Bunny,DeBÍ TiRAR MáS FOToS
2025-01-11T21:52:36Z,January,1,11,21:52:36,VeLDÁ,Bad Bunny,DeBÍ TiRAR MáS FOToS
2025-01-11T21:56:19Z,January,1,11,21:56:19,EL CLúB,Bad Bunny,DeBÍ TiRAR MáS FOToS
2025-01-11T21:59:44Z,January,1,11,21:59:44,EoO,Bad Bunny,DeBÍ TiRAR MáS FOToS
2025-01-11T22:03:34Z,January,1,11,22:03:34,LO QUE LE PASÓ A HAWAii,Bad Bunny,DeBÍ TiRAR MáS FOToS
2025-01-11T22:07:38Z,January,1,11,22:07:38,25/8,Bad Bunny,YHLQMDLG
2025-01-11T22:56:12Z,January,1,11,22:56:12,IT girl,JADE,IT girl
2025-01-11T23:11:56Z,January,1,11,23:11:56,Me Pregunto,Belanova,Gran Disco Mini Precio - Dulce Beat
2025-01-11T23:15:41Z,January,1,11,23:15:41,Baila Mi Corazón,Belanova,Fantasía Pop
2025-01-11T23:21:52Z,January,1,11,23:21:52,Shooting Star,Kep1er,Kep1going On
2025-01-11T23:32:04Z,January,1,11,23:32:04,Whiplash,aespa,Whiplash - The 5th Mini Album
2025-01-11T23:35:16Z,January,1,11,23:35:16,1999 - EASYFUN Remix,Charli xcx,1999
2025-01-12T01:06:33Z,January,1,12,01:06:33,Sugar Water Cyanide,Rebecca Black,Sugar Water Cyanide
2025-01-12T07:51:00Z,January,1,12,07:51:00,Me Pregunto,Belanova,Gran Disco Mini Precio - Dulce Beat
2025-01-12T07:54:36Z,January,1,12,07:54:36,Baila Mi Corazón,Belanova,Fantasía Pop
2025-01-12T07:57:40Z,January,1,12,07:57:40,Shooting Star,Kep1er,Kep1going On
2025-01-12T08:00:53Z,January,1,12,08:00:53,1999 - EASYFUN Remix,Charli xcx,1999
2025-01-12T08:03:40Z,January,1,12,08:03:40,No Doubt,ENHYPEN,ROMANCE : UNTOLD -daydream-
2025-01-12T08:06:44Z,January,1,12,08:06:44,Whiplash,aespa,Whiplash - The 5th Mini Album
2025-01-12T08:35:21Z,January,1,12,08:35:21,Immaterial,SOPHIE,OIL OF EVERY PEARL'S UN-INSIDES
2025-01-12T08:39:07Z,January,1,12,08:39:07,JUST LIKE WE NEVER SAID GOODBYE,SOPHIE,JUST LIKE WE NEVER SAID GOODBYE
2025-01-12T08:41:33Z,January,1,12,08:41:33,crush,2hollis,crush
2025-01-12T08:46:52Z,January,1,12,08:46:52,Backseat (feat. Carly Rae Jepsen),Charli xcx,Pop 2
2025-01-12T08:50:33Z,January,1,12,08:50:33,c2.0,Charli xcx,how i'm feeling now
2025-01-12T08:53:22Z,January,1,12,08:53:22,Apple,Charli xcx,BRAT
2025-01-12T08:55:59Z,January,1,12,08:55:59,Sympathy is a knife,Charli xcx,BRAT
2025-01-12T08:58:52Z,January,1,12,08:58:52,Sympathy is a knife,Charli xcx,BRAT
2025-01-12T09:02:29Z,January,1,12,09:02:29,Constant Repeat,Charli xcx,CRASH
2025-01-12T09:07:01Z,January,1,12,09:07:01,Delicious (feat. Tommy Cash),Charli xcx,Pop 2
2025-01-12T10:42:03Z,January,1,12,10:42:03,Club classics,Charli xcx,BRAT
2025-01-12T10:45:15Z,January,1,12,10:45:15,Club classics featuring bb trickz,Charli xcx,Brat and it’s completely different but also still brat
2025-01-12T10:48:07Z,January,1,12,10:48:07,Sympathy is a knife featuring ariana grande,Charli xcx,Brat and it’s completely different but also still brat
2025-01-13T20:09:12Z,January,1,13,20:09:12,Me Pregunto,Belanova,Gran Disco Mini Precio - Dulce Beat
2025-01-13T20:12:38Z,January,1,13,20:12:38,I Belong In Your Arms,Chairlift,Something
2025-01-13T20:16:23Z,January,1,13,20:16:23,Homemade Dynamite,Lorde,Melodrama
2025-01-14T06:14:24Z,January,1,14,06:14:24,Supercut,Lorde,Melodrama
2025-01-14T06:18:57Z,January,1,14,06:18:57,I Really Like You,Carly Rae Jepsen,Emotion
2025-01-14T06:26:04Z,January,1,14,06:26:04,Strangers,Ethel Cain,Preacher’s Daughter
2025-01-14T06:31:15Z,January,1,14,06:31:15,Sun Bleached Flies,Ethel Cain,Preacher’s Daughter
2025-01-14T06:36:17Z,January,1,14,06:36:17,Hard Times,Ethel Cain,Preacher’s Daughter
2025-01-14T07:23:01Z,January,1,14,07:23:01,funeral,Ayesha Erotica,funeral
2025-01-14T07:26:35Z,January,1,14,07:26:35,3,Britney Spears,The Essential Britney Spears
2025-01-14T07:31:47Z,January,1,14,07:31:47,Gimme More,Britney Spears,Blackout
2025-01-14T07:35:19Z,January,1,14,07:35:19,Piece of Me,Britney Spears,Blackout
2025-01-14T07:39:08Z,January,1,14,07:39:08,Radar,Britney Spears,Blackout
2025-01-14T07:42:25Z,January,1,14,07:42:25,Break the Ice,Britney Spears,Blackout
2025-01-14T07:47:17Z,January,1,14,07:47:17,Heaven On Earth,Britney Spears,Blackout
2025-01-14T07:52:17Z,January,1,14,07:52:17,Get Naked (I Got a Plan),Britney Spears,Blackout
2025-01-14T07:55:12Z,January,1,14,07:55:12,Freakshow,Britney Spears,Blackout
2025-01-14T07:58:34Z,January,1,14,07:58:34,Toy Soldier,Britney Spears,Blackout
2025-01-14T08:01:51Z,January,1,14,08:01:51,Hot as Ice,Britney Spears,Blackout
2025-01-14T08:05:19Z,January,1,14,08:05:19,Ooh Ooh Baby,Britney Spears,Blackout
2025-01-14T08:08:22Z,January,1,14,08:08:22,Perfect Lover,Britney Spears,Blackout
2025-01-14T08:13:26Z,January,1,14,08:13:26,Why Should I Be Sad,Britney Spears,Blackout
2025-01-14T08:17:15Z,January,1,14,08:17:15,Get Back,Britney Spears,Blackout
2025-01-14T08:19:10Z,January,1,14,08:19:10,Gimme More - Junkie XL Dub,Britney Spears,Blackout
2025-01-14T08:20:17Z,January,1,14,08:20:17,Everybody,Britney Spears,Blackout
2025-01-14T08:24:55Z,January,1,14,08:24:55,Get Back,Britney Spears,Blackout
2025-01-14T08:29:39Z,January,1,14,08:29:39,Get Naked (I Got a Plan),Britney Spears,Blackout
2025-01-14T08:32:35Z,January,1,14,08:32:35,Freakshow,Britney Spears,Blackout
2025-01-14T08:33:30Z,January,1,14,08:33:30,Toy Soldier,Britney Spears,Blackout
2025-01-14T08:36:46Z,January,1,14,08:36:46,Hot as Ice,Britney Spears,Blackout
2025-01-14T08:42:57Z,January,1,14,08:42:57,Ooh Ooh Baby,Britney Spears,Blackout
2025-01-14T08:46:54Z,January,1,14,08:46:54,Radar,Britney Spears,Blackout
2025-01-14T17:19:16Z,January,1,14,17:19:16,Get Back,Britney Spears,Blackout
2025-01-14T17:23:08Z,January,1,14,17:23:08,Get Back,Britney Spears,Blackout
2025-01-14T17:27:54Z,January,1,14,17:27:54,Get Naked (I Got a Plan),Britney Spears,Blackout
2025-01-14T17:30:49Z,January,1,14,17:30:49,Freakshow,Britney Spears,Blackout
2025-01-14T17:33:54Z,January,1,14,17:33:54,Perfect Lover,Britney Spears,Blackout
2025-01-14T22:50:27Z,January,1,14,22:50:27,Radar,Britney Spears,Blackout
2025-01-14T22:54:15Z,January,1,14,22:54:15,Get Back,Britney Spears,Blackout
2025-01-14T22:57:11Z,January,1,14,22:57:11,Freakshow,Britney Spears,Blackout
2025-01-14T23:01:09Z,January,1,14,23:01:09,Radar,Britney Spears,Blackout
2025-01-14T23:04:40Z,January,1,14,23:04:40,Get Naked (I Got a Plan),Britney Spears,Blackout
2025-01-15T06:47:21Z,January,1,15,06:47:21,Get Back,Britney Spears,Blackout
2025-01-15T06:51:15Z,January,1,15,06:51:15,Get Back,Britney Spears,Blackout
2025-01-15T07:21:42Z,January,1,15,07:21:42,Kite War,HYUKOH,AAA
2025-01-15T07:26:49Z,January,1,15,07:26:49,Alter Ego (with JT),Doechii,Alter Ego (with JT)
2025-01-15T07:30:08Z,January,1,15,07:30:08,Freakshow,Britney Spears,Blackout
2025-01-15T08:08:45Z,January,1,15,08:08:45,Radar,Britney Spears,Blackout
2025-01-15T08:11:52Z,January,1,15,08:11:52,Me Pregunto,Belanova,Gran Disco Mini Precio - Dulce Beat
2025-01-15T08:23:15Z,January,1,15,08:23:15,KETU TeCRÉ,Bad Bunny,DeBÍ TiRAR MáS FOToS
2025-01-15T08:25:29Z,January,1,15,08:25:29,intro,xo,whitenoise
2025-01-15T08:28:04Z,January,1,15,08:28:04,time,xo,whitenoise
2025-01-15T08:30:42Z,January,1,15,08:30:42,breathe,xo,whitenoise
2025-01-15T08:33:26Z,January,1,15,08:33:26,air,xo,whitenoise
2025-01-15T08:37:14Z,January,1,15,08:37:14,apollo,xo,whitenoise
2025-01-15T08:38:49Z,January,1,15,08:38:49,flash,xo,whitenoise
2025-01-15T08:41:40Z,January,1,15,08:41:40,u,xo,whitenoise
2025-01-15T08:44:10Z,January,1,15,08:44:10,rainfall,xo,whitenoise
2025-01-15T08:47:41Z,January,1,15,08:47:41,break,xo,whitenoise
2025-01-15T20:40:23Z,January,1,15,20:40:23,swim,xo,whitenoise
2025-01-15T20:43:05Z,January,1,15,20:43:05,rainfall,xo,whitenoise
2025-01-15T20:44:48Z,January,1,15,20:44:48,break,xo,whitenoise
2025-01-15T20:47:42Z,January,1,15,20:47:42,Freakshow,Britney Spears,Blackout
2025-01-15T20:51:43Z,January,1,15,20:51:43,Get Back,Britney Spears,Blackout
2025-01-15T20:55:08Z,January,1,15,20:55:08,Get Naked (I Got a Plan),Britney Spears,Blackout
2025-01-16T01:33:29Z,January,1,16,01:33:29,Break the Ice,Britney Spears,Blackout
2025-01-16T01:36:20Z,January,1,16,01:36:20,It's a Mirror,Perfume Genius,It's a Mirror
2025-01-16T01:40:08Z,January,1,16,01:40:08,Get Back,Britney Spears,Blackout
2025-01-16T01:43:04Z,January,1,16,01:43:04,Freakshow,Britney Spears,Blackout
2025-01-16T01:46:54Z,January,1,16,01:46:54,Radar,Britney Spears,Blackout
2025-01-16T01:50:26Z,January,1,16,01:50:26,Piece of Me,Britney Spears,Blackout
2025-01-16T05:43:24Z,January,1,16,05:43:24,Bunny Is A Rider - Nikki Nair 'Satellite' Remix,Caroline Polachek,Bunny Is A Rider
2025-01-16T22:51:47Z,January,1,16,22:51:47,Get Back,Britney Spears,Blackout
2025-01-16T22:54:42Z,January,1,16,22:54:42,Freakshow,Britney Spears,Blackout
2025-01-16T22:58:20Z,January,1,16,22:58:20,Piece of Me,Britney Spears,Blackout
2025-01-16T23:03:42Z,January,1,16,23:03:42,Gimme More,Britney Spears,Blackout
2025-01-17T00:45:07Z,January,1,17,00:45:07,Get Back,Britney Spears,Blackout
2025-01-17T03:32:26Z,January,1,17,03:32:26,Piece of Me,Britney Spears,Blackout
2025-01-17T03:36:37Z,January,1,17,03:36:37,Gimme More,Britney Spears,Blackout
2025-01-17T03:39:32Z,January,1,17,03:39:32,Freakshow,Britney Spears,Blackout
2025-01-17T05:51:38Z,January,1,17,05:51:38,EoO,Bad Bunny,DeBÍ TiRAR MáS FOToS
2025-01-17T05:55:19Z,January,1,17,05:55:19,EoO,Bad Bunny,DeBÍ TiRAR MáS FOToS
2025-01-17T05:59:29Z,January,1,17,05:59:29,KETU TeCRÉ,Bad Bunny,DeBÍ TiRAR MáS FOToS
2025-01-17T06:03:25Z,January,1,17,06:03:25,VeLDÁ,Bad Bunny,DeBÍ TiRAR MáS FOToS
2025-01-17T06:07:40Z,January,1,17,06:07:40,Sympathy is a knife,Charli xcx,BRAT
2025-01-17T06:10:10Z,January,1,17,06:10:10,Club classics,Charli xcx,BRAT
2025-01-17T06:13:19Z,January,1,17,06:13:19,Constant Repeat,Charli xcx,CRASH
2025-01-17T06:15:48Z,January,1,17,06:15:48,rainfall,xo,whitenoise
2025-01-17T06:19:19Z,January,1,17,06:19:19,break,xo,whitenoise
2025-01-17T06:23:18Z,January,1,17,06:23:18,Backseat (feat. Carly Rae Jepsen),Charli xcx,Pop 2
2025-01-17T06:26:28Z,January,1,17,06:26:28,Homemade Dynamite,Lorde,Melodrama
2025-01-17T06:29:21Z,January,1,17,06:29:21,Club classics featuring bb trickz,Charli xcx,Brat and it’s completely different but also still brat
2025-01-17T06:33:08Z,January,1,17,06:33:08,Radar,Britney Spears,Blackout
2025-01-17T07:21:06Z,January,1,17,07:21:06,New Woman (feat. ROSALÍA),LISA,New Woman (feat. ROSALÍA)
2025-01-17T07:24:56Z,January,1,17,07:24:56,Don't Call,Daya,Don't Call
2025-01-17T07:28:15Z,January,1,17,07:28:15,Aquamarine / Arcamarine,Addison Rae,Aquamarine / Arcamarine
2025-01-17T07:33:26Z,January,1,17,07:33:26,Can't We Just Leave the Monster Alive?,TOMORROW X TOGETHER,The Dream Chapter: MAGIC
2025-01-17T07:36:10Z,January,1,17,07:36:10,Deep Down,TOMORROW X TOGETHER,The Name Chapter: FREEFALL
2025-01-17T07:39:05Z,January,1,17,07:39:05,Viola,Yves,I Did
2025-01-17T07:41:41Z,January,1,17,07:41:41,in my bag,Meg Donnelly,in my bag
2025-01-17T07:46:33Z,January,1,17,07:46:33,Reason Why (feat. Kim Petras and BC Kingdom),SOPHIE,Reason Why (feat. Kim Petras and BC Kingdom)
2025-01-17T07:51:06Z,January,1,17,07:51:06,Delicious (feat. Tommy Cash),Charli xcx,Pop 2
2025-01-17T07:53:33Z,January,1,17,07:53:33,Castle In The Sky,Kim Petras,Feed The Beast
2025-01-17T07:56:08Z,January,1,17,07:56:08,gold,2hollis,gold
2025-01-17T08:00:01Z,January,1,17,08:00:01,Immaterial,SOPHIE,OIL OF EVERY PEARL'S UN-INSIDES
2025-01-17T08:02:28Z,January,1,17,08:02:28,crush,2hollis,crush
2025-01-17T08:06:02Z,January,1,17,08:06:02,Laplander,Finn Keane,Deep Trouble
2025-01-17T08:10:03Z,January,1,17,08:10:03,Sugar Water Cyanide,Rebecca Black,Sugar Water Cyanide
2025-01-17T08:14:14Z,January,1,17,08:14:14,I might say something stupid featuring the 1975 & jon hopkins,Charli xcx,Brat and it’s completely different but also still brat
2025-01-17T08:16:52Z,January,1,17,08:16:52,Von dutch a. g. cook remix featuring addison rae,Charli xcx,Brat and it’s completely different but also still brat
2025-01-17T08:19:38Z,January,1,17,08:19:38,Apple,Charli xcx,BRAT
2025-01-17T08:24:26Z,January,1,17,08:24:26,Who,Jimin,MUSE
2025-01-17T08:29:54Z,January,1,17,08:29:54,BATTLE OF THE LARYNX,Melanie Martinez,PORTALS
2025-01-17T23:01:21Z,January,1,17,23:01:21,Eusexua,FKA twigs,Eusexua
2025-01-17T23:54:53Z,January,1,17,23:54:53,Dade County Dreaming (feat. JT & Yung Miami),Camila Cabello,"C,XOXO"
2025-01-17T23:57:56Z,January,1,17,23:57:56,I LUV IT (feat. Playboi Carti),Camila Cabello,"C,XOXO"
2025-01-18T00:02:18Z,January,1,18,00:02:18,Sympathy is a knife featuring ariana grande,Charli xcx,Brat and it’s completely different but also still brat
2025-01-18T00:04:26Z,January,1,18,00:04:26,gold,2hollis,gold
2025-01-18T00:04:35Z,January,1,18,00:04:35,I LUV IT (feat. Playboi Carti),Camila Cabello,I LUV IT (feat. Playboi Carti)
2025-01-18T00:06:56Z,January,1,18,00:06:56,crush,2hollis,crush
2025-01-18T01:20:57Z,January,1,18,01:20:57,Perfect Lover,Britney Spears,Blackout
2025-01-18T01:23:57Z,January,1,18,01:23:57,Freakshow,Britney Spears,Blackout
2025-01-18T01:29:05Z,January,1,18,01:29:05,WILDFLOWER,Billie Eilish,HIT ME HARD AND SOFT
2025-01-18T01:34:49Z,January,1,18,01:34:49,BLUE,Billie Eilish,HIT ME HARD AND SOFT
2025-01-18T01:39:37Z,January,1,18,01:39:37,I Belong In Your Arms,Chairlift,Something
2025-01-18T01:42:40Z,January,1,18,01:42:40,NUEVAYoL,Bad Bunny,DeBÍ TiRAR MáS FOToS
2025-01-18T01:45:16Z,January,1,18,01:45:16,VOY A LLeVARTE PA PR,Bad Bunny,DeBÍ TiRAR MáS FOToS
2025-01-18T01:51:24Z,January,1,18,01:51:24,BAILE INoLVIDABLE,Bad Bunny,DeBÍ TiRAR MáS FOToS
2025-01-18T01:54:49Z,January,1,18,01:54:49,PERFuMITO NUEVO,Bad Bunny,DeBÍ TiRAR MáS FOToS
2025-01-18T01:58:12Z,January,1,18,01:58:12,WELTiTA,Bad Bunny,DeBÍ TiRAR MáS FOToS
2025-01-18T02:01:37Z,January,1,18,02:01:37,"Girl, so confusing featuring lorde",Charli xcx,Brat and it’s completely different but also still brat
2025-01-18T02:04:15Z,January,1,18,02:04:15,Apple featuring the japanese house,Charli xcx,Brat and it’s completely different but also still brat
2025-01-18T02:06:48Z,January,1,18,02:06:48,B2b featuring tinashe,Charli xcx,Brat and it’s completely different but also still brat
2025-01-18T02:10:11Z,January,1,18,02:10:11,365 featuring shygirl,Charli xcx,Brat and it’s completely different but also still brat
2025-01-18T02:12:34Z,January,1,18,02:12:34,Guess featuring billie eilish,Charli xcx,Brat and it’s completely different but also still brat
2025-01-18T02:14:50Z,January,1,18,02:14:50,360,Charli xcx,Brat and it’s completely different but also still brat
2025-01-18T02:17:24Z,January,1,18,02:17:24,Club classics,Charli xcx,Brat and it’s completely different but also still brat
2025-01-18T02:19:55Z,January,1,18,02:19:55,Sympathy is a knife,Charli xcx,Brat and it’s completely different but also still brat
2025-01-18T02:20:47Z,January,1,18,02:20:47,I might say something stupid,Charli xcx,Brat and it’s completely different but also still brat
2025-01-18T02:24:14Z,January,1,18,02:24:14,Everything is romantic,Charli xcx,Brat and it’s completely different but also still brat
2025-01-18T02:27:37Z,January,1,18,02:27:37,Rewind,Charli xcx,Brat and it’s completely different but also still brat
2025-01-18T02:31:09Z,January,1,18,02:31:09,FOREVER,BABYMONSTER,FOREVER
2025-01-18T02:32:13Z,January,1,18,02:32:13,Zombie,The Cranberries,No Need To Argue (The Complete Sessions 1994-1995)
2025-01-18T02:35:48Z,January,1,18,02:35:48,Lucky,Charli xcx,Pop 2
2025-01-18T02:41:26Z,January,1,18,02:41:26,august,Taylor Swift,folklore
2025-01-18T02:44:54Z,January,1,18,02:44:54,Sober,Lorde,Melodrama
2025-01-18T02:48:39Z,January,1,18,02:48:39,No Body,Finn Keane,ELECTRIC
2025-01-18T02:52:41Z,January,1,18,02:52:41,Bunny Is A Rider - Nikki Nair 'Satellite' Remix,Caroline Polachek,Bunny Is A Rider
2025-01-18T02:56:16Z,January,1,18,02:56:16,Better Off Alone,Alice Deejay,Who Needs Guitars Anyway?
2025-01-18T03:00:25Z,January,1,18,03:00:25,Thinking About You (feat. Ayah Marar),Calvin Harris,18 Months
2025-01-18T03:04:21Z,January,1,18,03:04:21,Hey QT,QT,Hey QT
2025-01-18T03:09:16Z,January,1,18,03:09:16,party 4 u,Charli xcx,how i'm feeling now
2025-01-18T03:12:17Z,January,1,18,03:12:17,New Woman (feat. ROSALÍA),LISA,New Woman (feat. ROSALÍA)
2025-01-18T03:15:12Z,January,1,18,03:15:12,Supersonic,fromis_9,Supersonic
2025-01-18T03:17:52Z,January,1,18,03:17:52,Love You Anyway,Carlie Hanson,Tough Boy
2025-01-18T03:19:57Z,January,1,18,03:19:57,pink diamond,Charli xcx,how i'm feeling now
2025-01-18T03:22:49Z,January,1,18,03:22:49,Liability,Lorde,Melodrama
2025-01-18T03:25:16Z,January,1,18,03:25:16,Used to Know Me,Charli xcx,CRASH
2025-01-18T03:29:31Z,January,1,18,03:29:31,Genesis,Grimes,Visions
2025-01-18T03:31:55Z,January,1,18,03:31:55,Liability (Reprise),Lorde,Melodrama
2025-01-18T03:35:02Z,January,1,18,03:35:02,Illusion,Carlie Hanson,Wisconsin
2025-01-18T03:37:52Z,January,1,18,03:37:52,Sorry if I Hurt You,Charli xcx,CRASH
2025-01-18T03:41:42Z,January,1,18,03:41:42,Don't Call,Daya,Don't Call
2025-01-18T03:45:14Z,January,1,18,03:45:14,Constant Repeat,Charli xcx,CRASH
2025-01-18T03:50:59Z,January,1,18,03:50:59,Coma,Caroline Polachek,"Desire, I Want To Turn Into You: Everasking Edition"
2025-01-18T03:54:26Z,January,1,18,03:54:26,Passion,PinkPantheress,to hell with it
2025-01-18T03:58:17Z,January,1,18,03:58:17,ALIEN SUPERSTAR,Beyoncé,RENAISSANCE
2025-01-18T04:01:15Z,January,1,18,04:01:15,covering faces,Carlie Hanson,covering faces
2025-01-18T04:04:23Z,January,1,18,04:04:23,Something,NAYEON,NA
2025-01-18T04:07:46Z,January,1,18,04:07:46,Pulp,Toro Oro,Two Lonely Singles
2025-01-18T04:11:32Z,January,1,18,04:11:32,Mood Ring,Lorde,Solar Power
2025-01-18T04:15:56Z,January,1,18,04:15:56,Exhilarate (feat. Bibi Bourelly),SOPHIE,Exhilarate (feat. Bibi Bourelly)
2025-01-18T04:19:10Z,January,1,18,04:19:10,All Night,Icona Pop,THIS IS... ICONA POP
2025-01-18T04:22:03Z,January,1,18,04:22:03,Nothing On (But The Radio),Addison Rae,AR
2025-01-18T04:25:58Z,January,1,18,04:25:58,Lipgloss (feat. CupcakKe),Charli xcx,Number 1 Angel
2025-01-18T04:29:00Z,January,1,18,04:29:00,White Flag,Clairo,Immunity
2025-01-18T04:32:41Z,January,1,18,04:32:41,Starburned and Unkissed,Caroline Polachek,Starburned and Unkissed
2025-01-18T04:35:28Z,January,1,18,04:35:28,Big Star,Lorde,Solar Power
2025-01-18T04:38:22Z,January,1,18,04:38:22,Roll Up,BLACKSWAN,Roll Up
2025-01-18T04:41:55Z,January,1,18,04:41:55,Screen Cleaner,George Daniel,Screen Cleaner
2025-01-18T04:44:14Z,January,1,18,04:44:14,Rockstar,LISA,Rockstar
2025-01-18T04:48:14Z,January,1,18,04:48:14,FANCY,TWICE,FANCY YOU
2025-01-18T04:53:09Z,January,1,18,04:53:09,L’AMOUR DE MA VIE [OVER NOW EXTENDED EDIT],Billie Eilish,L’AMOUR DE MA VIE [OVER NOW EXTENDED EDIT]
2025-01-18T04:57:17Z,January,1,18,04:57:17,I Believe,Caroline Polachek,"Desire, I Want To Turn Into You"
2025-01-18T05:00:42Z,January,1,18,05:00:42,After Midnight,Chappell Roan,The Rise and Fall of a Midwest Princess
2025-01-18T05:03:54Z,January,1,18,05:03:54,Thoughts,Charli xcx,Charli
2025-01-18T05:08:01Z,January,1,18,05:08:01,Emotional,Charli xcx,Number 1 Angel
2025-01-18T21:59:03Z,January,1,18,21:59:03,Love,Lana Del Rey,Lust For Life
2025-01-18T21:59:55Z,January,1,18,21:59:55,Get Back,Britney Spears,Blackout
2025-01-18T22:04:07Z,January,1,18,22:04:07,Gimme More,Britney Spears,Blackout
2025-01-18T22:06:14Z,January,1,18,22:06:14,gold,2hollis,gold
2025-01-18T22:08:41Z,January,1,18,22:08:41,crush,2hollis,crush
2025-01-18T22:12:04Z,January,1,18,22:12:04,Aquamarine / Arcamarine,Addison Rae,Aquamarine / Arcamarine
2025-01-18T22:15:07Z,January,1,18,22:15:07,New Woman (feat. ROSALÍA),LISA,New Woman (feat. ROSALÍA)
2025-01-18T22:19:04Z,January,1,18,22:19:04,Backseat (feat. Carly Rae Jepsen),Charli xcx,Pop 2
2025-01-18T23:12:02Z,January,1,18,23:12:02,IT girl,JADE,IT girl
2025-01-18T23:15:25Z,January,1,18,23:15:25,Angel Of My Dreams,JADE,IT girl
2025-01-18T23:17:53Z,January,1,18,23:17:53,Spring breakers,Charli xcx,Brat and it’s the same but there’s three more songs so it’s not
2025-01-18T23:22:53Z,January,1,18,23:22:53,c2.0,Charli xcx,how i'm feeling now
2025-01-18T23:25:15Z,January,1,18,23:25:15,Your Mom,Carlie Hanson,Tough Boy
2025-01-18T23:29:28Z,January,1,18,23:29:28,California King Bed,Rihanna,Loud
2025-01-18T23:32:56Z,January,1,18,23:32:56,wish that i could,UMI,Forest in the City
2025-01-19T01:00:48Z,January,1,19,01:00:48,UFO,f5ve,UFO
2025-01-19T01:04:40Z,January,1,19,01:04:40,Immaterial,SOPHIE,OIL OF EVERY PEARL'S UN-INSIDES
2025-01-19T01:13:47Z,January,1,19,01:13:47,Whole New World/Pretend World,SOPHIE,OIL OF EVERY PEARL'S UN-INSIDES
2025-01-19T01:17:50Z,January,1,19,01:17:50,Piece of Me,Britney Spears,Blackout
2025-01-19T01:22:13Z,January,1,19,01:22:13,Exhilarate (feat. Bibi Bourelly),SOPHIE,Exhilarate (feat. Bibi Bourelly)
2025-01-19T01:27:53Z,January,1,19,01:27:53,Sympathy is a knife featuring ariana grande,Charli xcx,Brat and it’s completely different but also still brat
2025-01-19T01:33:50Z,January,1,19,01:33:50,My Barn My Rules,MCR-T,My Barn My Rules
2025-01-19T01:37:55Z,January,1,19,01:37:55,Welcome To My Island,Caroline Polachek,"Desire, I Want To Turn Into You"
2025-01-19T01:42:02Z,January,1,19,01:42:02,I Believe,Caroline Polachek,"Desire, I Want To Turn Into You"
2025-01-19T01:45:16Z,January,1,19,01:45:16,Bunny Is A Rider,Caroline Polachek,"Desire, I Want To Turn Into You"
2025-01-19T01:48:59Z,January,1,19,01:48:59,Sunset,Caroline Polachek,"Desire, I Want To Turn Into You"
2025-01-19T01:53:44Z,January,1,19,01:53:44,Fly To You (feat. Grimes and Dido),Caroline Polachek,"Desire, I Want To Turn Into You"
2025-01-19T03:08:08Z,January,1,19,03:08:08,1999 - EASYFUN Remix,Charli xcx,1999
2025-01-19T03:12:27Z,January,1,19,03:12:27,A New Kind Of Love - Demo,Frou Frou,A New Kind Of Love
2025-01-19T03:16:04Z,January,1,19,03:16:04,sister,2hollis,boy
2025-01-19T03:17:25Z,January,1,19,03:17:25,say it,2hollis,boy
2025-01-19T03:20:10Z,January,1,19,03:20:10,Never Stay High,JSTJR,Never Stay High
2025-01-19T03:23:17Z,January,1,19,03:23:17,teenage soldier,2hollis,boy
2025-01-19T03:24:43Z,January,1,19,03:24:43,Amanaemonesia,Chairlift,Something
2025-01-19T03:27:05Z,January,1,19,03:27:05,lie,2hollis,boy
2025-01-19T03:29:34Z,January,1,19,03:29:34,3,2hollis,boy
2025-01-19T03:33:00Z,January,1,19,03:33:00,I LUV IT (feat. Playboi Carti),Camila Cabello,"C,XOXO"
2025-01-19T03:37:31Z,January,1,19,03:37:31,Genesis,Grimes,Visions
2025-01-19T03:42:00Z,January,1,19,03:42:00,Dreamer - Compound Version,Charli xcx,Number 1 Angel
2025-01-19T23:45:39Z,January,1,19,23:45:39,sister,2hollis,boy
2025-01-19T23:48:13Z,January,1,19,23:48:13,crush,2hollis,crush
2025-01-19T23:52:05Z,January,1,19,23:52:05,Get Back,Britney Spears,Blackout
2025-01-19T23:55:09Z,January,1,19,23:55:09,Perfect Lover,Britney Spears,Blackout
2025-01-20T00:00:02Z,January,1,20,00:00:02,Freakshow,Britney Spears,Blackout
2025-01-20T00:03:25Z,January,1,20,00:03:25,Brave,TWICE,BETWEEN 1&2
2025-01-20T00:07:25Z,January,1,20,00:07:25,Immaterial,SOPHIE,OIL OF EVERY PEARL'S UN-INSIDES
2025-01-20T00:13:05Z,January,1,20,00:13:05,Nothing On (But The Radio),Addison Rae,AR
2025-01-20T00:15:46Z,January,1,20,00:15:46,Obsessed,Addison Rae,Obsessed
2025-01-20T00:19:44Z,January,1,20,00:19:44,Plane Trees (feat. Mustafa),Omar Apollo,God Said No
2025-01-20T00:22:34Z,January,1,20,00:22:34,UFO,f5ve,UFO
2025-01-20T02:00:38Z,January,1,20,02:00:38,Gimme More,Britney Spears,Blackout
2025-01-20T02:06:44Z,January,1,20,02:06:44,Welcome To My Island,Caroline Polachek,"Desire, I Want To Turn Into You"
2025-01-20T02:09:39Z,January,1,20,02:09:39,Angel Of My Dreams,JADE,Angel Of My Dreams
2025-01-20T02:12:38Z,January,1,20,02:12:38,Smoke,Caroline Polachek,"Desire, I Want To Turn Into You"
2025-01-20T02:16:52Z,January,1,20,02:16:52,I might say something stupid featuring the 1975 & jon hopkins,Charli xcx,Brat and it’s completely different but also still brat
2025-01-20T02:19:58Z,January,1,20,02:19:58,Paradise (feat. Hannah Diamond),Charli xcx,Vroom Vroom EP
2025-01-20T02:22:38Z,January,1,20,02:22:38,Trophy,Charli xcx,Vroom Vroom EP
2025-01-20T02:26:22Z,January,1,20,02:26:22,Bunny Is A Rider - Nikki Nair 'Satellite' Remix,Caroline Polachek,Bunny Is A Rider
2025-01-20T02:29:49Z,January,1,20,02:29:49,Lovesick Girls,BLACKPINK,THE ALBUM
2025-01-20T02:33:44Z,January,1,20,02:33:44,PLAYING WITH FIRE,BLACKPINK,SQUARE TWO
2025-01-20T02:37:55Z,January,1,20,02:37:55,No Body,Finn Keane,ELECTRIC
2025-01-20T02:42:34Z,January,1,20,02:42:34,Delicious (feat. Tommy Cash),Charli xcx,Pop 2
2025-01-20T02:46:27Z,January,1,20,02:46:27,FOREVER,BABYMONSTER,FOREVER
2025-01-20T02:49:57Z,January,1,20,02:49:57,WANNABE,ITZY,IT'z ME
2025-01-20T02:54:04Z,January,1,20,02:54:04,Reason Why (feat. Kim Petras and BC Kingdom),SOPHIE,Reason Why (feat. Kim Petras and BC Kingdom)
2025-01-20T02:57:48Z,January,1,20,02:57:48,As If It's Your Last,BLACKPINK,As If It's Your Last
2025-01-20T03:01:36Z,January,1,20,03:01:36,UNTOUCHABLE,ITZY,BORN TO BE
2025-01-20T03:04:44Z,January,1,20,03:04:44,No Angel,Charli xcx,Focus / No Angel
2025-01-20T03:07:35Z,January,1,20,03:07:35,Baby,Charli xcx,CRASH
2025-01-20T03:10:15Z,January,1,20,03:10:15,Xcxoplex (with Charli XCX),A. G. Cook,Apple vs. 7G
2025-01-20T03:13:49Z,January,1,20,03:13:49,FANCY,TWICE,FANCY YOU
2025-01-20T03:17:30Z,January,1,20,03:17:30,SO BAD,STAYC,Star To A Young Culture
2025-01-20T03:20:19Z,January,1,20,03:20:19,Beg for You (feat. Rina Sawayama),Charli xcx,CRASH
2025-01-20T03:23:47Z,January,1,20,03:23:47,Tennis Court,Lorde,Pure Heroine
2025-01-20T03:27:25Z,January,1,20,03:27:25,Sober,Lorde,Melodrama
2025-01-20T03:30:35Z,January,1,20,03:30:35,Homemade Dynamite,Lorde,Melodrama
2025-01-20T03:35:07Z,January,1,20,03:35:07,The Louvre,Lorde,Melodrama
2025-01-20T03:38:06Z,January,1,20,03:38:06,Sober II (Melodrama),Lorde,Melodrama
2025-01-20T03:40:22Z,January,1,20,03:40:22,Liability (Reprise),Lorde,Melodrama
2025-01-20T03:43:41Z,January,1,20,03:43:41,Perfect Places,Lorde,Melodrama
2025-01-20T03:45:53Z,January,1,20,03:45:53,Perfect Places,Lorde,Melodrama
2025-01-20T03:49:24Z,January,1,20,03:49:24,Crush,Ethel Cain,Inbred
2025-01-20T03:53:54Z,January,1,20,03:53:54,Je T'Adore,Kim Petras,Problématique
2025-01-20T03:57:23Z,January,1,20,03:57:23,Be Your USA,Finn Keane,ELECTRIC
2025-01-20T04:02:05Z,January,1,20,04:02:05,Heartache,A. G. Cook,Britpop
2025-01-20T04:06:03Z,January,1,20,04:06:03,El Alma Que Te Trajo,Safety Trance,El Alma Que Te Trajo
2025-01-20T04:08:52Z,January,1,20,04:08:52,La Chíqui,Arca,KiCk i
2025-01-20T04:11:36Z,January,1,20,04:11:36,Estrogen,Arca,kiCK iiiii
2025-01-20T04:15:33Z,January,1,20,04:15:33,detonate,Charli xcx,how i'm feeling now
2025-01-20T04:19:52Z,January,1,20,04:19:52,American Teenager,Ethel Cain,Preacher’s Daughter
2025-01-20T04:23:19Z,January,1,20,04:23:19,Porsche (feat. MØ),Charli xcx,Pop 2
2025-01-20T04:27:09Z,January,1,20,04:27:09,Bum Like You,Robyn,Robyn
2025-01-20T04:30:24Z,January,1,20,04:30:24,Bunny Is A Rider,Caroline Polachek,"Desire, I Want To Turn Into You"
2025-01-20T04:34:10Z,January,1,20,04:34:10,Every Night,Hannah Diamond,"PC Music, Vol. 1"
2025-01-20T04:37:42Z,January,1,20,04:37:42,Roll the Dice,Toro Oro,Roll the Dice
2025-01-20T04:41:23Z,January,1,20,04:41:23,JUST LIKE WE NEVER SAID GOODBYE,SOPHIE,JUST LIKE WE NEVER SAID GOODBYE
2025-01-20T04:45:35Z,January,1,20,04:45:35,Beautiful,A. G. Cook,"PC Music, Vol. 1"
2025-01-20T04:48:16Z,January,1,20,04:48:16,Sympathy is a knife featuring ariana grande,Charli xcx,Brat and it’s completely different but also still brat
2025-01-20T04:53:29Z,January,1,20,04:53:29,Girls Night Out,Charli xcx,Girls Night Out
2025-01-20T04:58:56Z,January,1,20,04:58:56,3,Britney Spears,The Essential Britney Spears
2025-01-20T05:02:52Z,January,1,20,05:02:52,Womanizer,Britney Spears,Circus (Deluxe Version)
2025-01-20T05:06:04Z,January,1,20,05:06:04,Circus,Britney Spears,Circus (Deluxe Version)
2025-01-20T05:09:58Z,January,1,20,05:09:58,Out from Under,Britney Spears,Circus (Deluxe Version)
2025-01-20T05:13:57Z,January,1,20,05:13:57,Kill the Lights,Britney Spears,Circus (Deluxe Version)
2025-01-20T05:16:50Z,January,1,20,05:16:50,Shattered Glass,Britney Spears,Circus (Deluxe Version)
2025-01-20T05:20:26Z,January,1,20,05:20:26,If U Seek Amy,Britney Spears,Circus (Deluxe Version)
2025-01-20T05:24:25Z,January,1,20,05:24:25,Till the World Ends,Britney Spears,Femme Fatale (Deluxe Version)
2025-01-20T05:28:14Z,January,1,20,05:28:14,Hold It Against Me,Britney Spears,Femme Fatale (Deluxe Version)
2025-01-20T05:31:52Z,January,1,20,05:31:52,Inside Out,Britney Spears,Femme Fatale (Deluxe Version)
2025-01-20T05:35:23Z,January,1,20,05:35:23,I Wanna Go,Britney Spears,Femme Fatale (Deluxe Version)
2025-01-20T05:36:09Z,January,1,20,05:36:09,How I Roll,Britney Spears,Femme Fatale (Deluxe Version)
2025-01-20T05:39:32Z,January,1,20,05:39:32,I'm a Slave 4 U,Britney Spears,Britney (Digital Deluxe Version)
2025-01-20T07:18:15Z,January,1,20,07:18:15,Welcome To My Island - George Daniel & Charli XCX Remix,Caroline Polachek,Welcome To My Island
2025-01-20T07:21:10Z,January,1,20,07:21:10,Thousand Pieces,Kim Petras,Feed The Beast
2025-01-20T07:29:04Z,January,1,20,07:29:04,Loba,Shakira,She Wolf (Expanded Edition)
2025-01-20T07:31:41Z,January,1,20,07:31:41,greedy,Tate McRae,THINK LATER
2025-01-20T07:37:30Z,January,1,20,07:37:30,Don't Call,Daya,Don't Call
2025-01-20T08:01:16Z,January,1,20,08:01:16,Hold It Against Me,Britney Spears,Femme Fatale (Deluxe Version)
2025-01-20T08:04:42Z,January,1,20,08:04:42,3,Britney Spears,The Essential Britney Spears
2025-01-20T22:56:31Z,January,1,20,22:56:31,Roll Up,BLACKSWAN,Roll Up
2025-01-20T23:06:08Z,January,1,20,23:06:08,3,Britney Spears,The Essential Britney Spears
2025-01-20T23:53:07Z,January,1,20,23:53:07,I Really Like You,Carly Rae Jepsen,Emotion
2025-01-21T10:21:45Z,January,1,21,10:21:45,A New Day Has Come,Céline Dion,A New Day Has Come
2025-01-21T16:30:47Z,January,1,21,16:30:47,A New Day Has Come - Radio Remix,Céline Dion,A New Day Has Come
2025-01-21T17:16:50Z,January,1,21,17:16:50,UFO,f5ve,UFO
2025-01-21T17:20:37Z,January,1,21,17:20:37,Hot as Ice,Britney Spears,Blackout
2025-01-21T17:24:46Z,January,1,21,17:24:46,how2fly,ISOxo,kidsgonemad!
2025-01-21T17:28:11Z,January,1,21,17:28:11,Tennis Court,Lorde,Pure Heroine
2025-01-21T22:57:08Z,January,1,21,22:57:08,Green Light,Lorde,Melodrama
2025-01-22T00:08:59Z,January,1,22,00:08:59,Hot as Ice,Britney Spears,Blackout
2025-01-22T00:14:05Z,January,1,22,00:14:05,3,Britney Spears,The Essential Britney Spears
2025-01-22T00:17:16Z,January,1,22,00:17:16,Homemade Dynamite,Lorde,Melodrama
2025-01-22T00:20:12Z,January,1,22,00:20:12,Club classics,Charli xcx,BRAT
2025-01-22T00:24:02Z,January,1,22,00:24:02,Get Back,Britney Spears,Blackout
2025-01-22T00:28:27Z,January,1,22,00:28:27,Backseat (feat. Carly Rae Jepsen),Charli xcx,Pop 2
2025-01-22T00:32:23Z,January,1,22,00:32:23,Out of My Head (feat. Tove Lo and ALMA),Charli xcx,Pop 2
2025-01-22T00:35:59Z,January,1,22,00:35:59,Lucky,Charli xcx,Pop 2
2025-01-22T00:40:13Z,January,1,22,00:40:13,Tears (feat. Caroline Polachek),Charli xcx,Pop 2
2025-01-22T00:44:04Z,January,1,22,00:44:04,"I Got It (feat. Brooke Candy, CupcakKe and Pabllo Vittar)",Charli xcx,Pop 2
2025-01-22T00:47:43Z,January,1,22,00:47:43,Femmebot (feat. Dorian Electra and Mykki Blanco),Charli xcx,Pop 2
2025-01-22T00:52:15Z,January,1,22,00:52:15,Delicious (feat. Tommy Cash),Charli xcx,Pop 2
2025-01-22T00:56:08Z,January,1,22,00:56:08,Unlock it (Lock It) - feat. Kim Petras and Jay Park,Charli xcx,Pop 2
2025-01-22T00:59:35Z,January,1,22,00:59:35,Porsche (feat. MØ),Charli xcx,Pop 2
2025-01-22T01:05:02Z,January,1,22,01:05:02,Track 10,Charli xcx,Pop 2
2025-01-22T01:34:25Z,January,1,22,01:34:25,Trophy,Charli xcx,Vroom Vroom EP
2025-01-22T01:39:09Z,January,1,22,01:39:09,Perfect Lover,Britney Spears,Blackout
2025-01-22T01:42:41Z,January,1,22,01:42:41,Pretty Savage,BLACKPINK,THE ALBUM
2025-01-22T01:46:31Z,January,1,22,01:46:31,Hold It Against Me,Britney Spears,Femme Fatale (Deluxe Version)
2025-01-22T01:49:46Z,January,1,22,01:49:46,Roll Up,BLACKSWAN,Roll Up
2025-01-22T01:53:49Z,January,1,22,01:53:49,how2fly,ISOxo,kidsgonemad!
2025-01-22T01:56:49Z,January,1,22,01:56:49,nintendo 64,wes mills,nintendo 64
2025-01-22T02:00:07Z,January,1,22,02:00:07,Sympathy is a knife,Charli xcx,BRAT
2025-01-22T02:03:31Z,January,1,22,02:03:31,walk away as the door slams,Lil Peep,HELLBOY
2025-01-22T02:06:13Z,January,1,22,02:06:13,Snot (feat. Deb Never),Carlie Hanson,Tough Boy
2025-01-22T02:09:05Z,January,1,22,02:09:05,Diet Pepsi,Addison Rae,Diet Pepsi
2025-01-22T02:14:33Z,January,1,22,02:14:33,Dress You Up,Madonna,Like a Virgin
2025-01-22T02:20:14Z,January,1,22,02:20:14,Time After Time,Cyndi Lauper,She's So Unusual
2025-01-22T17:23:46Z,January,1,22,17:23:46,Timewarp - Dimension Remix,Sub Focus,Timewarp
2025-01-22T17:28:38Z,January,1,22,17:28:38,3,Britney Spears,The Essential Britney Spears
2025-01-22T17:31:48Z,January,1,22,17:31:48,Viola,Yves,I Did
2025-01-22T19:00:56Z,January,1,22,19:00:56,Bags - Recorded At Electric Lady Studios,Clairo,Live at Electric Lady
2025-01-22T19:04:12Z,January,1,22,19:04:12,Sober,Lorde,Melodrama
2025-01-22T19:07:22Z,January,1,22,19:07:22,Homemade Dynamite,Lorde,Melodrama
2025-01-22T19:10:40Z,January,1,22,19:10:40,Sober,Lorde,Melodrama
2025-01-22T19:15:18Z,January,1,22,19:15:18,Supercut,Lorde,Melodrama
2025-01-22T19:18:28Z,January,1,22,19:18:28,Homemade Dynamite,Lorde,Melodrama
2025-01-22T19:22:20Z,January,1,22,19:22:20,c2.0,Charli xcx,how i'm feeling now
2025-01-22T19:30:18Z,January,1,22,19:30:18,Tears (feat. Caroline Polachek),Charli xcx,Pop 2
2025-01-22T19:33:02Z,January,1,22,19:33:02,No Body,Finn Keane,ELECTRIC
2025-01-22T19:36:50Z,January,1,22,19:36:50,SHYPOP,ISOxo,kidsgonemad!
2025-01-22T19:40:32Z,January,1,22,19:40:32,Tennis Court,Lorde,Pure Heroine
2025-01-22T19:45:25Z,January,1,22,19:45:25,A World Alone,Lorde,Pure Heroine
2025-01-22T19:49:47Z,January,1,22,19:49:47,Ribs,Lorde,Pure Heroine
2025-01-22T19:53:07Z,January,1,22,19:53:07,Team,Lorde,Pure Heroine
2025-01-22T20:22:48Z,January,1,22,20:22:48,The Path,Lorde,Solar Power
2025-01-22T20:25:59Z,January,1,22,20:25:59,California,Lorde,Solar Power
2025-01-22T20:28:51Z,January,1,22,20:28:51,Dominoes,Lorde,Solar Power
2025-01-22T20:32:37Z,January,1,22,20:32:37,Mood Ring,Lorde,Solar Power
2025-01-22T20:36:20Z,January,1,22,20:36:20,EoO,Bad Bunny,DeBÍ TiRAR MáS FOToS
2025-01-22T20:40:49Z,January,1,22,20:40:49,KETU TeCRÉ,Bad Bunny,DeBÍ TiRAR MáS FOToS
2025-01-23T04:46:11Z,January,1,23,04:46:11,intro,xo,whitenoise
2025-01-23T04:48:52Z,January,1,23,04:48:52,time,xo,whitenoise
2025-01-23T05:02:32Z,January,1,23,05:02:32,breathe,xo,whitenoise
2025-01-23T05:03:13Z,January,1,23,05:03:13,air,xo,whitenoise
2025-01-23T05:33:27Z,January,1,23,05:33:27,Circus,Britney Spears,Circus (Deluxe Version)
2025-01-23T05:37:24Z,January,1,23,05:37:24,Till the World Ends,Britney Spears,Femme Fatale (Deluxe Version)
2025-01-23T05:41:13Z,January,1,23,05:41:13,Hold It Against Me,Britney Spears,Femme Fatale (Deluxe Version)
2025-01-23T05:44:51Z,January,1,23,05:44:51,Inside Out,Britney Spears,Femme Fatale (Deluxe Version)
2025-01-23T05:48:21Z,January,1,23,05:48:21,I Wanna Go,Britney Spears,Femme Fatale (Deluxe Version)
2025-01-23T05:49:11Z,January,1,23,05:49:11,How I Roll,Britney Spears,Femme Fatale (Deluxe Version)
2025-01-23T05:54:07Z,January,1,23,05:54:07,Yummy,Gwen Stefani,The Sweet Escape
2025-01-23T05:57:17Z,January,1,23,05:57:17,Wind It Up,Gwen Stefani,The Sweet Escape
2025-01-23T06:01:25Z,January,1,23,06:01:25,What You Waiting For?,Gwen Stefani,Love. Angel. Music. Baby.
2025-01-23T06:05:21Z,January,1,23,06:05:21,Rich Girl,Gwen Stefani,Love. Angel. Music. Baby.
2025-01-23T06:08:41Z,January,1,23,06:08:41,Hollaback Girl,Gwen Stefani,Love. Angel. Music. Baby.
2025-01-23T06:11:50Z,January,1,23,06:11:50,Cool,Gwen Stefani,Love. Angel. Music. Baby.
2025-01-23T06:15:32Z,January,1,23,06:15:32,Bubble Pop Electric,Gwen Stefani,Love. Angel. Music. Baby.
2025-01-23T06:19:57Z,January,1,23,06:19:57,Luxurious,Gwen Stefani,Love. Angel. Music. Baby.
2025-01-23T06:24:48Z,January,1,23,06:24:48,Harajuku Girls,Gwen Stefani,Love. Angel. Music. Baby.
2025-01-23T06:28:55Z,January,1,23,06:28:55,Crash,Gwen Stefani,Love. Angel. Music. Baby.
2025-01-23T06:33:04Z,January,1,23,06:33:04,The Real Thing,Gwen Stefani,Love. Angel. Music. Baby.
2025-01-23T06:37:51Z,January,1,23,06:37:51,Serious,Gwen Stefani,Love. Angel. Music. Baby.
2025-01-23T06:41:28Z,January,1,23,06:41:28,Danger Zone,Gwen Stefani,Love. Angel. Music. Baby.
2025-01-23T07:42:09Z,January,1,23,07:42:09,Long Way To Go,Gwen Stefani,Love. Angel. Music. Baby.
2025-01-23T07:44:58Z,January,1,23,07:44:58,Deep Down,TOMORROW X TOGETHER,The Name Chapter: FREEFALL
2025-01-23T07:49:02Z,January,1,23,07:49:02,Can't We Just Leave the Monster Alive?,TOMORROW X TOGETHER,The Dream Chapter: MAGIC
2025-01-23T07:53:13Z,January,1,23,07:53:13,I might say something stupid featuring the 1975 & jon hopkins,Charli xcx,Brat and it’s completely different but also still brat
2025-01-23T07:57:40Z,January,1,23,07:57:40,JUST LIKE WE NEVER SAID GOODBYE,SOPHIE,JUST LIKE WE NEVER SAID GOODBYE
2025-01-23T08:01:32Z,January,1,23,08:01:32,Immaterial,SOPHIE,OIL OF EVERY PEARL'S UN-INSIDES
2025-01-23T08:08:27Z,January,1,23,08:08:27,you once said my name for the first time,2hollis,boy
2025-01-23T08:12:02Z,January,1,23,08:12:02,two bad,2hollis,boy
2025-01-23T08:15:38Z,January,1,23,08:15:38,sister,2hollis,boy
2025-01-23T08:18:04Z,January,1,23,08:18:04,crush,2hollis,boy
2025-01-23T08:20:43Z,January,1,23,08:20:43,i saw it flash before me,2hollis,boy
2025-01-23T08:22:03Z,January,1,23,08:22:03,say it,2hollis,boy
2025-01-23T08:25:34Z,January,1,23,08:25:34,teenage soldier,2hollis,boy
2025-01-23T08:27:57Z,January,1,23,08:27:57,lie,2hollis,boy
2025-01-23T08:30:41Z,January,1,23,08:30:41,3,2hollis,boy
2025-01-23T19:40:34Z,January,1,23,19:40:34,Yummy,Gwen Stefani,The Sweet Escape
2025-01-23T19:44:45Z,January,1,23,19:44:45,KETU TeCRÉ,Bad Bunny,DeBÍ TiRAR MáS FOToS
2025-01-23T19:48:13Z,January,1,23,19:48:13,EoO,Bad Bunny,DeBÍ TiRAR MáS FOToS
2025-01-23T19:52:08Z,January,1,23,19:52:08,VeLDÁ,Bad Bunny,DeBÍ TiRAR MáS FOToS
2025-01-23T23:01:07Z,January,1,23,23:01:07,Kids,MGMT,Oracular Spectacular
2025-01-23T23:03:59Z,January,1,23,23:03:59,True Religion,Shygirl,True Religion
2025-01-23T23:08:43Z,January,1,23,23:08:43,Luxurious,Gwen Stefani,Love. Angel. Music. Baby.
2025-01-23T23:13:30Z,January,1,23,23:13:30,detonate,Charli xcx,how i'm feeling now
2025-01-23T23:19:49Z,January,1,23,23:19:49,Perfect Lover,Britney Spears,Blackout
2025-01-23T23:23:44Z,January,1,23,23:23:44,Tennis Court,Lorde,Pure Heroine
2025-01-23T23:28:48Z,January,1,23,23:28:48,Ribs,Lorde,Pure Heroine
2025-01-24T02:41:06Z,January,1,24,02:41:06,3,Britney Spears,The Essential Britney Spears
2025-01-24T02:44:32Z,January,1,24,02:44:32,Wind It Up,Gwen Stefani,The Sweet Escape
2025-01-24T02:47:46Z,January,1,24,02:47:46,Whiplash,aespa,Whiplash - The 5th Mini Album
2025-01-24T02:51:23Z,January,1,24,02:51:23,EoO,Bad Bunny,DeBÍ TiRAR MáS FOToS
2025-01-24T02:54:59Z,January,1,24,02:54:59,Club classics,Charli xcx,BRAT
2025-01-24T02:58:23Z,January,1,24,02:58:23,Von dutch a. g. cook remix featuring addison rae,Charli xcx,Brat and it’s completely different but also still brat
2025-01-24T03:02:25Z,January,1,24,03:02:25,guilty conscience,Tate McRae,THINK LATER
2025-01-24T03:06:17Z,January,1,24,03:06:17,Reason Why (feat. Kim Petras and BC Kingdom),SOPHIE,Reason Why (feat. Kim Petras and BC Kingdom)
2025-01-24T03:19:05Z,January,1,24,03:19:05,you and i,wes mills,early days
2025-01-24T03:24:05Z,January,1,24,03:24:05,Get Naked (I Got a Plan),Britney Spears,Blackout
2025-01-24T03:30:20Z,January,1,24,03:30:20,Dade County Dreaming (feat. JT & Yung Miami),Camila Cabello,"C,XOXO"
2025-01-24T03:35:18Z,January,1,24,03:35:18,Exhilarate (feat. Bibi Bourelly),SOPHIE,Exhilarate (feat. Bibi Bourelly)
2025-01-24T03:39:01Z,January,1,24,03:39:01,Angel Of My Dreams,JADE,Angel Of My Dreams
2025-01-24T03:43:17Z,January,1,24,03:43:17,Hold It Against Me,Britney Spears,Femme Fatale (Deluxe Version)
2025-01-24T03:46:13Z,January,1,24,03:46:13,Freakshow,Britney Spears,Blackout
2025-01-24T03:49:58Z,January,1,24,03:49:58,Brave,TWICE,BETWEEN 1&2
2025-01-24T03:52:30Z,January,1,24,03:52:30,Sympathy is a knife,Charli xcx,BRAT
2025-01-24T03:56:49Z,January,1,24,03:56:49,c2.0,Charli xcx,how i'm feeling now
2025-01-24T03:59:38Z,January,1,24,03:59:38,t r a n s p a r e n t s o u l feat. Travis Barker,WILLOW,t r a n s p a r e n t s o u l feat. Travis Barker
2025-01-24T04:02:27Z,January,1,24,04:02:27,hover like a GODDESS,WILLOW,hover like a GODDESS
2025-01-24T04:05:56Z,January,1,24,04:05:56,Who Knew - Edit,P!nk,I'm Not Dead
2025-01-24T04:11:57Z,January,1,24,04:11:57,you once said my name for the first time,2hollis,boy
2025-01-24T04:16:49Z,January,1,24,04:16:49,Galina,Allie X,Girl With No Face
2025-01-24T04:21:21Z,January,1,24,04:21:21,how2fly,ISOxo,kidsgonemad!
2025-01-24T04:26:14Z,January,1,24,04:26:14,Dress You Up,Madonna,Like a Virgin
2025-01-24T04:29:28Z,January,1,24,04:29:28,New Woman (feat. ROSALÍA),LISA,New Woman (feat. ROSALÍA)
2025-01-24T04:33:47Z,January,1,24,04:33:47,Gimme More,Britney Spears,Blackout
2025-01-24T04:37:19Z,January,1,24,04:37:19,Piece of Me,Britney Spears,Blackout
2025-01-24T04:41:18Z,January,1,24,04:41:18,Till the World Ends,Britney Spears,Femme Fatale (Deluxe Version)
2025-01-24T05:00:25Z,January,1,24,05:00:25,Constant Repeat,Charli xcx,CRASH
2025-01-24T05:04:20Z,January,1,24,05:04:20,JUST LIKE WE NEVER SAID GOODBYE,SOPHIE,JUST LIKE WE NEVER SAID GOODBYE
2025-01-24T05:07:24Z,January,1,24,05:07:24,Supersonic,fromis_9,Supersonic
2025-01-24T05:12:21Z,January,1,24,05:12:21,I might say something stupid featuring the 1975 & jon hopkins,Charli xcx,Brat and it’s completely different but also still brat
2025-01-24T05:16:59Z,January,1,24,05:16:59,Supercut,Lorde,Melodrama
2025-01-24T05:20:24Z,January,1,24,05:20:24,EoO,Bad Bunny,DeBÍ TiRAR MáS FOToS
2025-01-24T05:24:20Z,January,1,24,05:24:20,VeLDÁ,Bad Bunny,DeBÍ TiRAR MáS FOToS
2025-01-24T05:28:02Z,January,1,24,05:28:02,EL CLúB,Bad Bunny,DeBÍ TiRAR MáS FOToS
2025-01-24T05:32:13Z,January,1,24,05:32:13,KETU TeCRÉ,Bad Bunny,DeBÍ TiRAR MáS FOToS
2025-01-24T05:35:08Z,January,1,24,05:35:08,Sugar Water Cyanide,Rebecca Black,Sugar Water Cyanide
2025-01-24T05:37:47Z,January,1,24,05:37:47,Apple,Charli xcx,BRAT
2025-01-24T05:40:33Z,January,1,24,05:40:33,Sports car,Tate McRae,Sports car
2025-01-24T05:43:24Z,January,1,24,05:43:24,True Religion,Shygirl,True Religion
2025-01-24T05:47:27Z,January,1,24,05:47:27,Bum Like You,Robyn,Robyn
2025-01-24T05:51:46Z,January,1,24,05:51:46,American Teenager,Ethel Cain,Preacher’s Daughter
2025-01-24T05:55:45Z,January,1,24,05:55:45,Dreamer - Compound Version,Charli xcx,Number 1 Angel
2025-01-24T05:59:38Z,January,1,24,05:59:38,Don't Call,Daya,Don't Call
2025-01-24T06:02:52Z,January,1,24,06:02:52,Aquamarine / Arcamarine,Addison Rae,Aquamarine / Arcamarine
2025-01-24T06:06:15Z,January,1,24,06:06:15,Miss Me - Demo,Lauv,Without You
2025-01-24T06:10:27Z,January,1,24,06:10:27,Crush,Ethel Cain,Inbred
2025-01-24T06:14:51Z,January,1,24,06:14:51,Screen Cleaner,George Daniel,Screen Cleaner
2025-01-24T21:46:26Z,January,1,24,21:46:26,Freakshow,Britney Spears,Blackout
2025-01-24T21:49:25Z,January,1,24,21:49:25,Roll the Dice,Toro Oro,Roll the Dice
2025-01-24T21:53:13Z,January,1,24,21:53:13,So I,Charli xcx,BRAT
2025-01-24T21:56:12Z,January,1,24,21:56:12,Sympathy is a knife featuring ariana grande,Charli xcx,Brat and it’s completely different but also still brat
2025-01-24T22:11:53Z,January,1,24,22:11:53,Je T'Adore,Kim Petras,Problématique
2025-01-24T22:15:01Z,January,1,24,22:15:01,Wind It Up,Gwen Stefani,The Sweet Escape
2025-01-24T22:20:06Z,January,1,24,22:20:06,Yummy,Gwen Stefani,The Sweet Escape
2025-01-24T22:22:28Z,January,1,24,22:22:28,Fat Juicy & Wet,Sexyy Red,Fat Juicy & Wet
2025-01-24T22:32:58Z,January,1,24,22:32:58,Wind It Up,Gwen Stefani,The Sweet Escape
2025-01-24T22:36:12Z,January,1,24,22:36:12,can't slow down,almost monday,can't slow down
2025-01-24T22:39:54Z,January,1,24,22:39:54,Survivors,Selena Gomez,Revival
2025-01-25T07:40:19Z,January,1,25,07:40:19,IT girl,JADE,IT girl
2025-01-26T22:05:25Z,January,1,26,22:05:25,True Religion,Shygirl,True Religion
2025-01-26T22:10:21Z,January,1,26,22:10:21,Yummy,Gwen Stefani,The Sweet Escape
2025-01-26T23:26:46Z,January,1,26,23:26:46,Me Pregunto,Belanova,Gran Disco Mini Precio - Dulce Beat
2025-01-27T04:28:41Z,January,1,27,04:28:41,Shooting Star,Kep1er,Kep1going On
2025-01-27T04:31:39Z,January,1,27,04:31:39,Deep Down,TOMORROW X TOGETHER,The Name Chapter: FREEFALL
2025-01-27T04:37:56Z,January,1,27,04:37:56,Tonight I Might,KATSEYE,SIS (Soft Is Strong)
2025-01-27T04:40:33Z,January,1,27,04:40:33,Tonight I Might,KATSEYE,SIS (Soft Is Strong)
2025-01-27T04:44:16Z,January,1,27,04:44:16,Ever Seen,beabadoobee,This Is How Tomorrow Moves
2025-01-27T04:51:19Z,January,1,27,04:51:19,The One That Got Away,Katy Perry,Teenage Dream: The Complete Confection
2025-01-27T04:56:03Z,January,1,27,04:56:03,Eusexua,FKA twigs,EUSEXUA
2025-01-27T05:00:00Z,January,1,27,05:00:00,Girl Feels Good,FKA twigs,EUSEXUA
2025-01-27T05:03:17Z,January,1,27,05:03:17,Perfect Stranger,FKA twigs,EUSEXUA
2025-01-27T05:06:28Z,January,1,27,05:06:28,Drums of Death,FKA twigs,EUSEXUA
2025-01-27T05:10:54Z,January,1,27,05:10:54,Room Of Fools,FKA twigs,EUSEXUA
2025-01-27T05:13:51Z,January,1,27,05:13:51,Sticky,FKA twigs,EUSEXUA
2025-01-27T05:18:24Z,January,1,27,05:18:24,"Keep It, Hold It",FKA twigs,EUSEXUA
2025-01-27T05:20:54Z,January,1,27,05:20:54,Childlike Things,FKA twigs,EUSEXUA
2025-01-27T05:25:38Z,January,1,27,05:25:38,Striptease,FKA twigs,EUSEXUA
2025-01-27T05:30:19Z,January,1,27,05:30:19,24hr Dog,FKA twigs,EUSEXUA
2025-01-27T05:34:37Z,January,1,27,05:34:37,Wanderlust,FKA twigs,EUSEXUA
2025-01-27T05:37:19Z,January,1,27,05:37:19,Childlike Things,FKA twigs,EUSEXUA
2025-01-27T05:42:09Z,January,1,27,05:42:09,Harajuku Girls,Gwen Stefani,Love. Angel. Music. Baby.
2025-01-27T05:47:15Z,January,1,27,05:47:15,Yummy,Gwen Stefani,The Sweet Escape
2025-01-27T06:03:37Z,January,1,27,06:03:37,Wind It Up,Gwen Stefani,The Sweet Escape
2025-01-27T06:07:03Z,January,1,27,06:07:03,JUST LIKE WE NEVER SAID GOODBYE,SOPHIE,JUST LIKE WE NEVER SAID GOODBYE
2025-01-27T06:10:48Z,January,1,27,06:10:48,number one girl,ROSÉ,rosie
2025-01-27T06:15:12Z,January,1,27,06:15:12,Perfect Places,Lorde,Melodrama
2025-01-27T06:18:46Z,January,1,27,06:18:46,Constant Repeat,Charli xcx,CRASH
2025-01-27T06:21:44Z,January,1,27,06:21:44,Diet Pepsi,Addison Rae,Diet Pepsi
2025-01-27T06:26:08Z,January,1,27,06:26:08,I Believe,Caroline Polachek,"Desire, I Want To Turn Into You"
2025-01-27T06:31:04Z,January,1,27,06:31:04,L’AMOUR DE MA VIE [OVER NOW EXTENDED EDIT],Billie Eilish,L’AMOUR DE MA VIE [OVER NOW EXTENDED EDIT]
2025-01-27T06:34:59Z,January,1,27,06:34:59,Get Back,Britney Spears,Blackout
2025-01-27T19:58:16Z,January,1,27,19:58:16,Yummy,Gwen Stefani,The Sweet Escape
2025-01-27T20:02:16Z,January,1,27,20:02:16,No Doubt,ENHYPEN,ROMANCE : UNTOLD -daydream-
2025-01-27T20:05:15Z,January,1,27,20:05:15,Childlike Things,FKA twigs,EUSEXUA
2025-01-27T20:08:12Z,January,1,27,20:08:12,Sticky,FKA twigs,EUSEXUA
2025-01-27T20:10:58Z,January,1,27,20:10:58,Childlike Things,FKA twigs,EUSEXUA
2025-01-27T23:26:26Z,January,1,27,23:26:26,Harajuku Girls,Gwen Stefani,Love. Angel. Music. Baby.
2025-01-27T23:31:21Z,January,1,27,23:31:21,Harajuku Girls,Gwen Stefani,Love. Angel. Music. Baby.
2025-01-27T23:33:55Z,January,1,27,23:33:55,Childlike Things,FKA twigs,EUSEXUA
2025-01-27T23:42:19Z,January,1,27,23:42:19,"Keep It, Hold It",FKA twigs,EUSEXUA
2025-01-27T23:48:40Z,January,1,27,23:48:40,Childlike Things,FKA twigs,EUSEXUA
2025-01-28T00:14:03Z,January,1,28,00:14:03,Quarter Life,TOMORROW X TOGETHER,minisode 3: TOMORROW
2025-01-28T01:49:51Z,January,1,28,01:49:51,Childlike Things,FKA twigs,EUSEXUA
2025-01-28T01:53:49Z,January,1,28,01:53:49,Trophy,Charli xcx,Vroom Vroom EP
2025-01-28T01:58:37Z,January,1,28,01:58:37,Delicious (feat. Tommy Cash),Charli xcx,Pop 2
2025-01-28T02:02:11Z,January,1,28,02:02:11,Something,NAYEON,NA
2025-01-28T02:02:47Z,January,1,28,02:02:47,I Don’t Wanna Live Forever (Fifty Shades Darker),ZAYN,Fifty Shades Darker
2025-01-28T02:05:42Z,January,1,28,02:05:42,Roll Up,BLACKSWAN,Roll Up
2025-01-28T02:08:03Z,January,1,28,02:08:03,Obsessed,Addison Rae,Obsessed
2025-01-28T02:11:27Z,January,1,28,02:11:27,CRY FOR ME,TWICE,CRY FOR ME
2025-01-28T02:14:01Z,January,1,28,02:14:01,Ghost,Justin Bieber,Justice
2025-01-28T02:17:30Z,January,1,28,02:17:30,Freakshow,Britney Spears,Blackout
2025-01-28T22:42:02Z,January,1,28,22:42:02,New Woman (feat. ROSALÍA),LISA,New Woman (feat. ROSALÍA)
2025-01-28T22:45:05Z,January,1,28,22:45:05,Childlike Things,FKA twigs,EUSEXUA
2025-01-28T22:48:24Z,January,1,28,22:48:24,Sticky,FKA twigs,EUSEXUA
2025-01-28T22:53:43Z,January,1,28,22:53:43,Harajuku Girls,Gwen Stefani,Love. Angel. Music. Baby.
2025-01-28T22:57:56Z,January,1,28,22:57:56,Piece of Me,Britney Spears,Blackout
2025-01-29T01:47:36Z,January,1,29,01:47:36,Smart,LE SSERAFIM,EASY
2025-01-29T01:50:14Z,January,1,29,01:50:14,How Can I Not Know What I Need Right Now,Charli xcx,CRASH
2025-01-29T01:54:37Z,January,1,29,01:54:37,Don't Call,Daya,Don't Call
2025-01-29T01:59:02Z,January,1,29,01:59:02,BEAUTY IN DEATH,Chase Atlantic,BEAUTY IN DEATH
2025-01-29T02:01:53Z,January,1,29,02:01:53,you broke me first,Tate McRae,TOO YOUNG TO BE SAD
2025-01-29T02:06:19Z,January,1,29,02:06:19,Pogo,Digitalism,Idealism
2025-01-29T02:09:12Z,January,1,29,02:09:12,Stop & Erase,Selena Gomez & The Scene,Kiss & Tell
2025-01-29T02:12:37Z,January,1,29,02:12:37,Homemade Dynamite,Lorde,Melodrama
2025-01-29T02:16:07Z,January,1,29,02:16:07,you and i,wes mills,early days
2025-01-29T02:22:07Z,January,1,29,02:22:07,Attention Whore (feat. Channel Tres),Tove Lo,Dirt Femme
2025-01-29T02:25:39Z,January,1,29,02:25:39,Perfect Lover,Britney Spears,Blackout
2025-01-29T02:29:01Z,January,1,29,02:29:01,Slipping Away,Beauty School Dropout,BOYS DO CRY
2025-01-29T02:32:38Z,January,1,29,02:32:38,White Teeth Teens,Lorde,Pure Heroine
2025-01-29T02:36:42Z,January,1,29,02:36:42,You Make Me Feel... (feat. Sabi),Cobra Starship,Night Shades
2025-01-29T02:39:58Z,January,1,29,02:39:58,Whip My Hair,WILLOW,Whip My Hair
2025-01-29T02:44:45Z,January,1,29,02:44:45,Get Naked (I Got a Plan),Britney Spears,Blackout
2025-01-29T02:48:27Z,January,1,29,02:48:27,Perfect Places,Lorde,Melodrama
2025-01-29T02:49:45Z,January,1,29,02:49:45,intro,xo,whitenoise
2025-01-29T02:52:20Z,January,1,29,02:52:20,time,xo,whitenoise
2025-01-29T02:54:58Z,January,1,29,02:54:58,breathe,xo,whitenoise
2025-01-29T02:57:41Z,January,1,29,02:57:41,air,xo,whitenoise
2025-01-29T03:01:30Z,January,1,29,03:01:30,apollo,xo,whitenoise
2025-01-29T03:03:05Z,January,1,29,03:03:05,flash,xo,whitenoise
2025-01-29T03:05:56Z,January,1,29,03:05:56,u,xo,whitenoise
2025-01-29T03:08:26Z,January,1,29,03:08:26,rainfall,xo,whitenoise
2025-01-29T03:11:56Z,January,1,29,03:11:56,break,xo,whitenoise
2025-01-29T03:40:15Z,January,1,29,03:40:15,Childlike Things,FKA twigs,EUSEXUA
2025-01-29T03:45:11Z,January,1,29,03:45:11,Yummy,Gwen Stefani,The Sweet Escape
2025-01-29T03:48:21Z,January,1,29,03:48:21,Wind It Up,Gwen Stefani,The Sweet Escape
2025-01-29T03:51:45Z,January,1,29,03:51:45,3,Britney Spears,The Essential Britney Spears
2025-01-29T03:55:41Z,January,1,29,03:55:41,I LUV IT (feat. Playboi Carti),Camila Cabello,"C,XOXO"
2025-01-29T03:58:21Z,January,1,29,03:58:21,Snot (feat. Deb Never),Carlie Hanson,Tough Boy
2025-01-29T04:02:23Z,January,1,29,04:02:23,how2fly,ISOxo,kidsgonemad!
2025-01-29T04:05:00Z,January,1,29,04:05:00,KGM(irl)*,ISOxo,KGM(irl)*
2025-01-29T04:07:18Z,January,1,29,04:07:18,dontstopme! (demo),ISOxo,KGM(irl)*
2025-01-29T04:09:53Z,January,1,29,04:09:53,dontstopme! (DRYDEN Remix),ISOxo,KGM(irl)*
2025-01-29T04:13:49Z,January,1,29,04:13:49,SHYPOP (REDUX),ISOxo,KGM(irl)*
2025-01-29T04:16:10Z,January,1,29,04:16:10,nevrletmego (how2fly demo),ISOxo,KGM(irl)*
2025-01-29T04:54:46Z,January,1,29,04:54:46,Crumbs,Rebecca Black,Let Her Burn
2025-01-29T04:58:50Z,January,1,29,04:58:50,Backseat (feat. Carly Rae Jepsen),Charli xcx,Pop 2
2025-01-29T05:02:58Z,January,1,29,05:02:58,"I Got It (feat. Brooke Candy, CupcakKe and Pabllo Vittar)",Charli xcx,Pop 2
2025-01-29T05:08:24Z,January,1,29,05:08:24,Track 10,Charli xcx,Pop 2
2025-01-29T06:02:59Z,January,1,29,06:02:59,HARD,SOPHIE,HARD
2025-01-29T06:05:58Z,January,1,29,06:05:58,Green Man,A. G. Cook,Britpop
2025-01-29T06:09:24Z,January,1,29,06:09:24,Secret (Shh),Charli xcx,Vroom Vroom EP
2025-01-29T06:12:30Z,January,1,29,06:12:30,Thousand Pieces,Kim Petras,Feed The Beast
2025-01-29T06:15:35Z,January,1,29,06:15:35,Smart,LE SSERAFIM,EASY
2025-01-29T06:19:11Z,January,1,29,06:19:11,ALIEN SUPERSTAR,Beyoncé,RENAISSANCE
2025-01-29T06:20:53Z,January,1,29,06:20:53,Cubana,Kim Petras,Slut Pop Miami
2025-01-29T06:24:37Z,January,1,29,06:24:37,Pretty Savage,BLACKPINK,THE ALBUM
2025-01-29T06:29:06Z,January,1,29,06:29:06,Here (In Your Arms),Hellogoodbye,Zombies! Aliens! Vampires! Dinosaurs!
2025-01-29T06:44:41Z,January,1,29,06:44:41,Faded,Kim Petras,Faded
2025-01-29T06:48:36Z,January,1,29,06:48:36,Imagining,Rina Sawayama,Hold The Girl
2025-01-29T06:51:52Z,January,1,29,06:51:52,Supernatural,ITZY,GOLD
2025-01-29T06:57:11Z,January,1,29,06:57:11,Knew Better / Forever Boy,Ariana Grande,Dangerous Woman
2025-01-29T07:02:30Z,January,1,29,07:02:30,Bags - Recorded At Electric Lady Studios,Clairo,Live at Electric Lady
2025-01-29T07:07:54Z,January,1,29,07:07:54,Kids,MGMT,Oracular Spectacular
2025-01-29T07:10:53Z,January,1,29,07:10:53,Roll Up,BLACKSWAN,Roll Up
2025-01-29T07:14:42Z,January,1,29,07:14:42,Easy,Troye Sivan,In A Dream
2025-01-29T07:18:58Z,January,1,29,07:18:58,The Man with the Axe,Lorde,Solar Power
2025-01-29T07:23:41Z,January,1,29,07:23:41,Purr,VIVIZ,<Queendom2> Position Unit Battle Part.1-2
2025-01-29T07:27:17Z,January,1,29,07:27:17,So Hot You're Hurting My Feelings - A. G. Cook Remix,Caroline Polachek,So Hot You're Hurting My Feelings (A. G. Cook Remix)
2025-01-29T07:30:07Z,January,1,29,07:30:07,Diet Pepsi,Addison Rae,Diet Pepsi
2025-01-29T07:32:42Z,January,1,29,07:32:42,love is embarrassing,Olivia Rodrigo,GUTS
2025-01-29T07:36:35Z,January,1,29,07:36:35,sister,2hollis,boy
2025-01-29T07:40:51Z,January,1,29,07:40:51,Genesis,Grimes,Visions
2025-01-29T07:44:26Z,January,1,29,07:44:26,Sober,Lorde,Melodrama
2025-01-29T07:48:57Z,January,1,29,07:48:57,The Louvre,Lorde,Melodrama
2025-01-29T07:55:05Z,January,1,29,07:55:05,Hard Feelings/Loveless,Lorde,Melodrama
2025-01-29T07:58:03Z,January,1,29,07:58:03,Sober II (Melodrama),Lorde,Melodrama
2025-01-29T08:01:40Z,January,1,29,08:01:40,Writer In The Dark,Lorde,Melodrama
2025-01-29T08:06:18Z,January,1,29,08:06:18,Supercut,Lorde,Melodrama
2025-01-29T08:08:34Z,January,1,29,08:08:34,Liability (Reprise),Lorde,Melodrama
2025-01-29T08:12:15Z,January,1,29,08:12:15,Perfect Places,Lorde,Melodrama
2025-01-29T08:15:07Z,January,1,29,08:15:07,Liability,Lorde,Melodrama
2025-01-29T08:18:27Z,January,1,29,08:18:27,Tennis Court,Lorde,Pure Heroine
2025-01-29T08:20:46Z,January,1,29,08:20:46,Million Dollar Bills,Lorde,The Love Club EP
2025-01-29T08:24:27Z,January,1,29,08:24:27,The Path,Lorde,Solar Power
2025-01-29T08:30:31Z,January,1,29,08:30:31,Mood Ring,Lorde,Solar Power
2025-01-29T08:34:20Z,January,1,29,08:34:20,Can't We Just Leave the Monster Alive?,TOMORROW X TOGETHER,The Dream Chapter: MAGIC
2025-01-29T08:37:39Z,January,1,29,08:37:39,Deep Down,TOMORROW X TOGETHER,The Name Chapter: FREEFALL
2025-01-29T08:40:29Z,January,1,29,08:40:29,Fashion Icon (feat. Ayesha Erotica),Aliyah's Interlude,Fashion Icon (feat. Ayesha Erotica)
2025-01-29T17:28:14Z,January,1,29,17:28:14,Supernatural,ITZY,GOLD
2025-01-29T17:33:11Z,January,1,29,17:33:11,Exhilarate (feat. Bibi Bourelly),SOPHIE,Exhilarate (feat. Bibi Bourelly)
2025-01-29T18:55:14Z,January,1,29,18:55:14,Sympathy is a knife featuring ariana grande,Charli xcx,Brat and it’s completely different but also still brat
2025-01-29T18:59:57Z,January,1,29,18:59:57,Sober,Lorde,Melodrama
2025-01-29T19:04:35Z,January,1,29,19:04:35,Supercut,Lorde,Melodrama
2025-01-29T19:09:07Z,January,1,29,19:09:07,The Louvre,Lorde,Melodrama
2025-01-29T19:12:30Z,January,1,29,19:12:30,Liability (Reprise),Lorde,Melodrama
2025-01-29T19:16:12Z,January,1,29,19:16:12,Perfect Places,Lorde,Melodrama
2025-01-29T19:20:07Z,January,1,29,19:20:07,Green Light,Lorde,Melodrama
2025-01-29T19:29:48Z,January,1,29,19:29:48,Tennis Court,Lorde,Pure Heroine
2025-01-29T19:34:08Z,January,1,29,19:34:08,Ribs,Lorde,Pure Heroine
2025-01-29T19:38:15Z,January,1,29,19:38:15,The Path,Lorde,Solar Power
2025-01-29T19:43:54Z,January,1,29,19:43:54,California,Lorde,Solar Power
2025-01-29T19:47:58Z,January,1,29,19:47:58,Fallen Fruit,Lorde,Solar Power
2025-01-29T19:51:36Z,January,1,29,19:51:36,Secrets from a Girl (Who's Seen it All),Lorde,Solar Power
2025-01-29T19:55:52Z,January,1,29,19:55:52,The Man with the Axe,Lorde,Solar Power
2025-01-29T19:59:47Z,January,1,29,19:59:47,Dominoes,Lorde,Solar Power
2025-01-30T17:20:30Z,January,1,30,17:20:30,Big Star,Lorde,Solar Power
2025-01-30T17:24:22Z,January,1,30,17:24:22,afraid (feat. nate sib),2hollis,afraid (feat. nate sib)
2025-01-30T17:27:24Z,January,1,30,17:27:24,Childlike Things,FKA twigs,EUSEXUA
2025-01-30T17:32:20Z,January,1,30,17:32:20,Yummy,Gwen Stefani,The Sweet Escape
2025-01-30T19:42:11Z,January,1,30,19:42:11,JUST LIKE WE NEVER SAID GOODBYE,SOPHIE,JUST LIKE WE NEVER SAID GOODBYE
2025-01-30T21:17:16Z,January,1,30,21:17:16,JUST LIKE WE NEVER SAID GOODBYE,SOPHIE,JUST LIKE WE NEVER SAID GOODBYE
2025-01-30T21:26:21Z,January,1,30,21:26:21,Whole New World/Pretend World,SOPHIE,OIL OF EVERY PEARL'S UN-INSIDES
2025-01-30T21:28:53Z,January,1,30,21:28:53,Childlike Things,FKA twigs,EUSEXUA
2025-01-30T21:34:07Z,January,1,30,21:34:07,Yummy,Gwen Stefani,The Sweet Escape
2025-01-30T21:37:56Z,January,1,30,21:37:56,Get Back,Britney Spears,Blackout
2025-01-30T21:41:16Z,January,1,30,21:41:16,New Woman (feat. ROSALÍA),LISA,New Woman (feat. ROSALÍA)
2025-01-30T21:45:31Z,January,1,30,21:45:31,how2fly,ISOxo,kidsgonemad!
2025-01-30T21:50:12Z,January,1,30,21:50:12,c2.0,Charli xcx,how i'm feeling now
2025-01-30T21:53:32Z,January,1,30,21:53:32,Bunny Is A Rider,Caroline Polachek,"Desire, I Want To Turn Into You"
2025-01-30T23:03:24Z,January,1,30,23:03:24,Apple,Charli xcx,BRAT
2025-01-30T23:06:00Z,January,1,30,23:06:00,Club classics,Charli xcx,BRAT
2025-01-30T23:08:36Z,January,1,30,23:08:36,Xcxoplex (with Charli XCX),A. G. Cook,Apple vs. 7G
2025-01-30T23:12:27Z,January,1,30,23:12:27,Je T'Adore,Kim Petras,Problématique
2025-01-30T23:16:48Z,January,1,30,23:16:48,Thinking About You (feat. Ayah Marar),Calvin Harris,18 Months
2025-01-30T23:20:22Z,January,1,30,23:20:22,When The Sun Goes Down,Selena Gomez & The Scene,When The Sun Goes Down
2025-01-30T23:24:39Z,January,1,30,23:24:39,Radar,Britney Spears,Blackout
2025-01-30T23:27:41Z,January,1,30,23:27:41,Spinning (with Charli XCX & The 1975) (A. G. Cook Remix),Charli xcx,Spinning (A. G. Cook Remixes)
2025-01-30T23:31:47Z,January,1,30,23:31:47,Closer To You,Clairo,Immunity
2025-01-30T23:35:28Z,January,1,30,23:35:28,Starburned and Unkissed,Caroline Polachek,Starburned and Unkissed
2025-01-30T23:39:16Z,January,1,30,23:39:16,Bitch I'm Madonna,Madonna,Rebel Heart
2025-01-30T23:42:13Z,January,1,30,23:42:13,Busy Girl,Tove Lo,HEAT
2025-01-30T23:45:17Z,January,1,30,23:45:17,B2b,Charli xcx,BRAT
2025-01-30T23:49:42Z,January,1,30,23:49:42,I might say something stupid featuring the 1975 & jon hopkins,Charli xcx,Brat and it’s completely different but also still brat
2025-01-30T23:53:27Z,January,1,30,23:53:27,Tenemos Que Hablar,Bad Bunny,X 100PRE
2025-01-30T23:57:37Z,January,1,30,23:57:37,Everything is romantic,Charli xcx,BRAT
2025-01-31T00:00:25Z,January,1,31,00:00:25,MONEY,LISA,LALISA
2025-01-31T00:03:03Z,January,1,31,00:03:03,Sympathy is a knife,Charli xcx,BRAT
2025-01-31T00:08:06Z,January,1,31,00:08:06,Novacane,Frank Ocean,Novacane
2025-01-31T00:11:15Z,January,1,31,00:11:15,Paradise (feat. Hannah Diamond),Charli xcx,Vroom Vroom EP
2025-01-31T00:15:12Z,January,1,31,00:15:12,You Make Me Feel... (feat. Sabi),Cobra Starship,Night Shades
2025-01-31T00:19:03Z,January,1,31,00:19:03,Freakshow,Britney Spears,Blackout
2025-01-31T00:26:28Z,January,1,31,00:26:28,FOREVER,BABYMONSTER,FOREVER
2025-01-31T00:29:17Z,January,1,31,00:29:17,FEARLESS (2023 Ver.),LE SSERAFIM,UNFORGIVEN
2025-01-31T02:27:33Z,January,1,31,02:27:33,HOT,SEVENTEEN,SEVENTEEN 4th Album 'Face the Sun'
2025-01-31T03:17:31Z,January,1,31,03:17:31,Exhilarate (feat. Bibi Bourelly),SOPHIE,Exhilarate (feat. Bibi Bourelly)
2025-01-31T03:21:19Z,January,1,31,03:21:19,Every Night,Hannah Diamond,"PC Music, Vol. 1"
2025-01-31T03:24:51Z,January,1,31,03:24:51,Misery Business,Paramore,Riot!
2025-01-31T03:28:43Z,January,1,31,03:28:43,Don't Call,Daya,Don't Call
2025-01-31T03:32:19Z,January,1,31,03:32:19,Piece of Me,Britney Spears,Blackout
2025-01-31T03:37:37Z,January,1,31,03:37:37,Gimme More,Britney Spears,Blackout
2025-01-31T03:41:15Z,January,1,31,03:41:15,Circus,Britney Spears,Circus (Deluxe Version)
2025-01-31T03:44:27Z,January,1,31,03:44:27,Crumbs,Rebecca Black,Let Her Burn
2025-01-31T03:47:22Z,January,1,31,03:47:22,Sugar Water Cyanide,Rebecca Black,Sugar Water Cyanide
2025-01-31T03:49:58Z,January,1,31,03:49:58,Doe Eyed,Rebecca Black,Let Her Burn
2025-01-31T03:54:13Z,January,1,31,03:54:13,Sick To My Stomach,Rebecca Black,Let Her Burn
2025-01-31T03:57:34Z,January,1,31,03:57:34,afraid (feat. nate sib),2hollis,afraid (feat. nate sib)
2025-01-31T04:01:19Z,January,1,31,04:01:19,Boys Night,Brevin Kim,DOG HEAD
2025-01-31T04:03:51Z,January,1,31,04:03:51,Roll Up,BLACKSWAN,Roll Up
2025-01-31T04:08:32Z,January,1,31,04:08:32,Delicious (feat. Tommy Cash),Charli xcx,Pop 2
2025-01-31T04:12:17Z,January,1,31,04:12:17,Apple,Charli xcx,BRAT
2025-01-31T04:15:32Z,January,1,31,04:15:32,Selfish Girl,Charli xcx,CRASH
2025-01-31T04:19:52Z,January,1,31,04:19:52,3,Britney Spears,The Essential Britney Spears
2025-01-31T04:22:02Z,January,1,31,04:22:02,Uptight,Toro Oro,Uptight
2025-01-31T04:25:21Z,January,1,31,04:25:21,Got Me Started,Troye Sivan,Something To Give Each Other
2025-01-31T04:28:34Z,January,1,31,04:28:34,Spinning (with Charli XCX & The 1975),No Rome,Spinning (with Charli XCX & The 1975)
2025-01-31T04:31:53Z,January,1,31,04:31:53,Supernatural,ITZY,GOLD
2025-01-31T04:34:51Z,January,1,31,04:34:51,Trophy,Charli xcx,Vroom Vroom EP
2025-01-31T04:38:55Z,January,1,31,04:38:55,Pogo,Digitalism,Idealism
2025-01-31T04:42:35Z,January,1,31,04:42:35,Perfect Lover,Britney Spears,Blackout
2025-01-31T04:46:44Z,January,1,31,04:46:44,Immaterial,SOPHIE,OIL OF EVERY PEARL'S UN-INSIDES
2025-01-31T04:50:18Z,January,1,31,04:50:18,Sun Sex Party,Babymorocco,Sun Sex Party
2025-01-31T05:33:24Z,January,1,31,05:33:24,Brave,TWICE,BETWEEN 1&2
2025-01-31T05:38:29Z,January,1,31,05:38:29,So I,Charli xcx,BRAT
2025-01-31T05:41:24Z,January,1,31,05:41:24,Sunset,Caroline Polachek,"Desire, I Want To Turn Into You"
2025-01-31T05:45:12Z,January,1,31,05:45:12,Beautiful,A. G. Cook,"PC Music, Vol. 1"
2025-01-31T05:48:41Z,January,1,31,05:48:41,Sexy to Someone,Clairo,Sexy to Someone
2025-01-31T05:51:55Z,January,1,31,05:51:55,Vroom Vroom,Charli xcx,Vroom Vroom EP
2025-01-31T05:54:49Z,January,1,31,05:54:49,Club classics featuring bb trickz,Charli xcx,Brat and it’s completely different but also still brat
2025-01-31T05:59:06Z,January,1,31,05:59:06,The Man with the Axe,Lorde,Solar Power
2025-01-31T06:02:03Z,January,1,31,06:02:03,B.O.A.T.,Camila Cabello,"C,XOXO"
2025-01-31T06:04:52Z,January,1,31,06:04:52,Rewind,Charli xcx,BRAT
2025-01-31T06:08:47Z,January,1,31,06:08:47,Green Light,Lorde,Melodrama
2025-01-31T06:11:43Z,January,1,31,06:11:43,Illusion,Carlie Hanson,Wisconsin
2025-01-31T08:53:01Z,January,1,31,08:53:01,California,Lorde,Solar Power
2025-02-01T01:57:07Z,February,2,1,01:57:07,Love Hangover (feat. Dominic Fike),JENNIE,Love Hangover (feat. Dominic Fike)
2025-02-01T02:00:02Z,February,2,1,02:00:02,Love Hangover (feat. Dominic Fike),JENNIE,Love Hangover (feat. Dominic Fike)
2025-02-01T02:03:16Z,February,2,1,02:03:16,Smart,LE SSERAFIM,EASY
2025-02-01T02:07:32Z,February,2,1,02:07:32,PLAYING WITH FIRE,BLACKPINK,SQUARE TWO
2025-02-01T02:10:23Z,February,2,1,02:10:23,Falling Endlessly,WILLOW,<COPINGMECHANISM>
2025-02-01T02:13:58Z,February,2,1,02:13:58,Golf On TV,Lennon Stella,Three. Two. One.
2025-02-01T02:18:25Z,February,2,1,02:18:25,Coachella - Woodstock In My Mind,Lana Del Rey,Lust For Life
2025-02-01T02:21:52Z,February,2,1,02:21:52,NEVER GONNA LIKE YOU,Bea Miller,NEVER GONNA LIKE YOU
2025-02-01T02:26:55Z,February,2,1,02:26:55,Kids,MGMT,Oracular Spectacular
2025-02-01T02:33:03Z,February,2,1,02:33:03,Hard Feelings/Loveless,Lorde,Melodrama
2025-02-01T02:35:26Z,February,2,1,02:35:26,Xcxoplex (with Charli XCX),A. G. Cook,Apple vs. 7G
2025-02-01T02:40:37Z,February,2,1,02:40:37,WILDFLOWER,Billie Eilish,HIT ME HARD AND SOFT
2025-02-01T02:44:47Z,February,2,1,02:44:47,Immaterial,SOPHIE,OIL OF EVERY PEARL'S UN-INSIDES
2025-02-01T02:48:46Z,February,2,1,02:48:46,"Girl, so confusing featuring lorde",Charli xcx,Brat and it’s completely different but also still brat
2025-02-01T07:28:45Z,February,2,1,07:28:45,Delicious (feat. Tommy Cash),Charli xcx,Pop 2
2025-02-01T07:31:37Z,February,2,1,07:31:37,Don′t,LEE CHAE YEON,SHOWDOWN
2025-02-01T07:34:25Z,February,2,1,07:34:25,Nothing On (But The Radio),Addison Rae,AR
2025-02-01T07:37:30Z,February,2,1,07:37:30,Rockstar,LISA,Rockstar
2025-02-01T07:41:33Z,February,2,1,07:41:33,3,Britney Spears,The Essential Britney Spears
2025-02-01T07:45:03Z,February,2,1,07:45:03,Sugar Water Cyanide,Rebecca Black,Sugar Water Cyanide
2025-02-01T07:50:16Z,February,2,1,07:50:16,You Make Me Feel... (feat. Sabi),Cobra Starship,Night Shades
2025-02-01T07:51:10Z,February,2,1,07:51:10,Count Contessa,Azealia Banks,Count Contessa
2025-02-01T07:57:04Z,February,2,1,07:57:04,Who's That Chick? (feat. Rihanna),David Guetta,One More Love
2025-02-01T08:00:28Z,February,2,1,08:00:28,Sexy Bitch (feat. Akon),David Guetta,One Love
2025-02-01T08:04:05Z,February,2,1,08:04:05,Like A G6,Far East Movement,Free Wired
2025-02-01T08:05:01Z,February,2,1,08:05:01,STARSTRUKK (feat. Katy Perry),3OH!3,WANT
2025-02-01T08:09:03Z,February,2,1,08:09:03,S&M,Rihanna,Loud
2025-02-01T08:12:38Z,February,2,1,08:12:38,Where Them Girls At (feat. Nicki Minaj & Flo Rida),David Guetta,Nothing but the Beat 2.0
2025-02-01T08:16:00Z,February,2,1,08:16:00,Who's That Chick? (feat. Rihanna),David Guetta,One More Love
2025-02-01T08:19:32Z,February,2,1,08:19:32,Piece of Me,Britney Spears,Blackout
2025-02-01T08:23:44Z,February,2,1,08:23:44,Gimme More,Britney Spears,Blackout
2025-02-01T08:27:10Z,February,2,1,08:27:10,Wind It Up,Gwen Stefani,The Sweet Escape
2025-02-01T08:31:02Z,February,2,1,08:31:02,"I Got It (feat. Brooke Candy, CupcakKe and Pabllo Vittar)",Charli xcx,Pop 2
2025-02-01T08:35:18Z,February,2,1,08:35:18,Backseat (feat. Carly Rae Jepsen),Charli xcx,Pop 2
2025-02-01T08:38:55Z,February,2,1,08:38:55,Porsche (feat. MØ),Charli xcx,Pop 2
2025-02-01T08:43:06Z,February,2,1,08:43:06,Girls Night Out,Charli xcx,Girls Night Out
2025-02-01T08:46:05Z,February,2,1,08:46:05,365 featuring shygirl,Charli xcx,Brat and it’s completely different but also still brat
2025-02-01T08:50:20Z,February,2,1,08:50:20,IN A DREAM,Troye Sivan,In A Dream
2025-02-01T08:54:10Z,February,2,1,08:54:10,visions,Charli xcx,how i'm feeling now
2025-02-01T08:57:06Z,February,2,1,08:57:06,Spinning (with Charli XCX & The 1975) (A. G. Cook Remix),Charli xcx,Spinning (A. G. Cook Remixes)
2025-02-01T09:02:01Z,February,2,1,09:02:01,I like u (Extended),Tove Lo,I like u (Remixes)
2025-02-01T09:04:35Z,February,2,1,09:04:35,Ghost,Justin Bieber,Justice
2025-02-01T09:07:18Z,February,2,1,09:07:18,Sunset,Caroline Polachek,"Desire, I Want To Turn Into You"
2025-02-01T09:10:40Z,February,2,1,09:10:40,FIVE,ITZY,GOLD
2025-02-01T09:15:21Z,February,2,1,09:15:21,S&M,Rihanna,Loud
2025-02-01T09:18:07Z,February,2,1,09:18:07,Childlike Things,FKA twigs,EUSEXUA
2025-02-01T09:20:33Z,February,2,1,09:20:33,crush,2hollis,boy
2025-02-01T09:25:48Z,February,2,1,09:25:48,Harajuku Girls,Gwen Stefani,Love. Angel. Music. Baby.
2025-02-01T09:28:42Z,February,2,1,09:28:42,in my bag,Meg Donnelly,in my bag
2025-02-01T09:31:57Z,February,2,1,09:31:57,Aquamarine / Arcamarine,Addison Rae,Aquamarine / Arcamarine
2025-02-01T09:36:13Z,February,2,1,09:36:13,Goodnight and Go,Imogen Heap,Speak for Yourself
2025-02-01T09:40:40Z,February,2,1,09:40:40,Hide and Seek,Imogen Heap,Speak for Yourself
2025-02-01T09:44:02Z,February,2,1,09:44:02,Dade County Dreaming (feat. JT & Yung Miami),Camila Cabello,"C,XOXO"
2025-02-01T09:47:00Z,February,2,1,09:47:00,good 4 u,Olivia Rodrigo,SOUR
2025-02-01T09:51:07Z,February,2,1,09:51:07,Moscow Mule,Bad Bunny,Un Verano Sin Ti
2025-02-01T09:54:21Z,February,2,1,09:54:21,Bunny Is A Rider,Caroline Polachek,"Desire, I Want To Turn Into You"
2025-02-01T09:57:35Z,February,2,1,09:57:35,I Hate Your Room - From the Podcast Musical “Valentine’s Day In Hell”,Carlie Hanson,I Hate Your Room
2025-02-01T10:01:23Z,February,2,1,10:01:23,As If It's Your Last,BLACKPINK,As If It's Your Last
2025-02-01T10:06:31Z,February,2,1,10:06:31,Hair,Lady Gaga,Born This Way
2025-02-01T10:11:54Z,February,2,1,10:11:54,Kids,MGMT,Oracular Spectacular
2025-02-01T10:15:00Z,February,2,1,10:15:00,Je T'Adore,Kim Petras,Problématique
2025-02-01T10:18:09Z,February,2,1,10:18:09,JUST LIKE WE NEVER SAID GOODBYE,SOPHIE,JUST LIKE WE NEVER SAID GOODBYE
2025-02-01T10:20:54Z,February,2,1,10:20:54,Sympathy is a knife featuring ariana grande,Charli xcx,Brat and it’s completely different but also still brat
2025-02-01T10:24:10Z,February,2,1,10:24:10,Wanna Be Missed,Hayley Kiyoko,Expectations
2025-02-01T10:28:40Z,February,2,1,10:28:40,Immaterial,SOPHIE,OIL OF EVERY PEARL'S UN-INSIDES
2025-02-01T10:32:31Z,February,2,1,10:32:31,I Wanna Go,Britney Spears,Femme Fatale (Deluxe Version)
2025-02-01T10:34:45Z,February,2,1,10:34:45,Good Time,The Dare,What's Wrong With New York?
2025-02-01T10:37:54Z,February,2,1,10:37:54,Smart,LE SSERAFIM,EASY
2025-02-01T10:40:51Z,February,2,1,10:40:51,B.O.A.T.,Camila Cabello,"C,XOXO"
2025-02-01T10:43:57Z,February,2,1,10:43:57,Closer To You,Clairo,Immunity
2025-02-01T10:47:43Z,February,2,1,10:47:43,Paradise (feat. Hannah Diamond),Charli xcx,Vroom Vroom EP
2025-02-01T10:51:00Z,February,2,1,10:51:00,La La Land,Demi Lovato,Don't Forget
2025-02-01T10:54:45Z,February,2,1,10:54:45,LOST BOY,Troye Sivan,Blue Neighbourhood
2025-02-01T10:57:26Z,February,2,1,10:57:26,walk away as the door slams,Lil Peep,HELLBOY
2025-02-01T11:02:13Z,February,2,1,11:02:13,In The Dark,DEV,The Night The Sun Came Up
2025-02-01T11:06:46Z,February,2,1,11:06:46,Black Eye,Allie X,Girl With No Face
2025-02-01T11:10:09Z,February,2,1,11:10:09,Roll with Me,Charli xcx,Number 1 Angel
2025-02-01T11:12:51Z,February,2,1,11:12:51,Sympathy is a knife,Charli xcx,BRAT
2025-02-01T11:17:33Z,February,2,1,11:17:33,I might say something stupid featuring the 1975 & jon hopkins,Charli xcx,Brat and it’s completely different but also still brat
2025-02-01T11:21:11Z,February,2,1,11:21:11,Sober,Lorde,Melodrama
2025-02-01T11:25:10Z,February,2,1,11:25:10,Talking Body,Tove Lo,Queen Of The Clouds
2025-02-01T11:29:22Z,February,2,1,11:29:22,Lipgloss (feat. CupcakKe),Charli xcx,Number 1 Angel
2025-02-01T11:33:34Z,February,2,1,11:33:34,Dress You Up,Madonna,Like a Virgin
2025-02-01T11:37:00Z,February,2,1,11:37:00,3,Britney Spears,The Essential Britney Spears
2025-02-01T11:39:33Z,February,2,1,11:39:33,Spring breakers,Charli xcx,Brat and it’s the same but there’s three more songs so it’s not
2025-02-01T11:43:11Z,February,2,1,11:43:11,afraid (feat. nate sib),2hollis,afraid (feat. nate sib)
2025-02-01T11:45:47Z,February,2,1,11:45:47,Doe Eyed,Rebecca Black,Let Her Burn
2025-02-01T11:49:35Z,February,2,1,11:49:35,Bitch I'm Madonna,Madonna,Rebel Heart
2025-02-01T11:50:43Z,February,2,1,11:50:43,SHYPOP (REDUX),ISOxo,KGM(irl)*
2025-02-01T11:54:11Z,February,2,1,11:54:11,SHYPOP,ISOxo,kidsgonemad!
2025-02-01T11:58:45Z,February,2,1,11:58:45,SKYLIT,ISOxo,kidsgonemad!
2025-02-01T12:02:47Z,February,2,1,12:02:47,how2fly,ISOxo,kidsgonemad!
2025-02-01T12:31:55Z,February,2,1,12:31:55,SKYLIT,ISOxo,kidsgonemad!
2025-02-01T23:44:11Z,February,2,1,23:44:11,Doe Eyed,Rebecca Black,Let Her Burn
2025-02-02T01:43:15Z,February,2,2,01:43:15,Childlike Things,FKA twigs,EUSEXUA
2025-02-02T01:45:49Z,February,2,2,01:45:49,Doe Eyed,Rebecca Black,Let Her Burn
2025-02-02T01:49:37Z,February,2,2,01:49:37,Bitch I'm Madonna,Madonna,Rebel Heart
2025-02-02T01:53:25Z,February,2,2,01:53:25,SHYPOP (REDUX),ISOxo,KGM(irl)*
2025-02-02T01:56:16Z,February,2,2,01:56:16,u,xo,whitenoise
2025-02-02T01:57:52Z,February,2,2,01:57:52,flash,xo,whitenoise
2025-02-02T02:01:41Z,February,2,2,02:01:41,apollo,xo,whitenoise
2025-02-02T02:07:00Z,February,2,2,02:07:00,Eusexua,FKA twigs,EUSEXUA
2025-02-02T02:10:57Z,February,2,2,02:10:57,Girl Feels Good,FKA twigs,EUSEXUA
2025-02-02T02:14:14Z,February,2,2,02:14:14,Perfect Stranger,FKA twigs,EUSEXUA
2025-02-02T02:17:25Z,February,2,2,02:17:25,Drums of Death,FKA twigs,EUSEXUA
2025-02-02T02:21:51Z,February,2,2,02:21:51,Room Of Fools,FKA twigs,EUSEXUA
2025-02-02T02:24:48Z,February,2,2,02:24:48,Sticky,FKA twigs,EUSEXUA
2025-02-02T02:29:21Z,February,2,2,02:29:21,"Keep It, Hold It",FKA twigs,EUSEXUA
2025-02-02T02:31:51Z,February,2,2,02:31:51,Childlike Things,FKA twigs,EUSEXUA
2025-02-02T02:36:35Z,February,2,2,02:36:35,Striptease,FKA twigs,EUSEXUA
2025-02-02T02:41:16Z,February,2,2,02:41:16,24hr Dog,FKA twigs,EUSEXUA
2025-02-02T02:45:34Z,February,2,2,02:45:34,Wanderlust,FKA twigs,EUSEXUA
2025-02-02T03:26:47Z,February,2,2,03:26:47,Trophy,Charli xcx,Vroom Vroom EP
2025-02-02T03:31:31Z,February,2,2,03:31:31,Striptease,FKA twigs,EUSEXUA
2025-02-02T03:35:09Z,February,2,2,03:35:09,Who's That Chick? (feat. Rihanna),David Guetta,One More Love
2025-02-02T03:38:08Z,February,2,2,03:38:08,afraid (feat. nate sib),2hollis,afraid (feat. nate sib)
2025-02-02T03:40:44Z,February,2,2,03:40:44,Doe Eyed,Rebecca Black,Let Her Burn
2025-02-02T03:45:47Z,February,2,2,03:45:47,Who's That Chick? (feat. Rihanna),David Guetta,One More Love
2025-02-02T03:48:37Z,February,2,2,03:48:37,Apple,Charli xcx,BRAT
2025-02-02T03:52:01Z,February,2,2,03:52:01,iScream,Deaton Chris Anthony,iScream
2025-02-02T03:55:53Z,February,2,2,03:55:53,"I Got It (feat. Brooke Candy, CupcakKe and Pabllo Vittar)",Charli xcx,Pop 2
2025-02-02T03:59:34Z,February,2,2,03:59:34,Got Me Started,Troye Sivan,Something To Give Each Other
2025-02-02T04:03:06Z,February,2,2,04:03:06,Piece of Me,Britney Spears,Blackout
2025-02-02T04:07:41Z,February,2,2,04:07:41,Genesis,Grimes,Visions
2025-02-02T04:09:51Z,February,2,2,04:09:51,Crash,Charli xcx,CRASH
2025-02-02T04:14:02Z,February,2,2,04:14:02,sister,2hollis,boy
2025-02-02T04:17:23Z,February,2,2,04:17:23,Pretty Savage,BLACKPINK,THE ALBUM
2025-02-02T04:21:04Z,February,2,2,04:21:04,Hot N Cold,Katy Perry,One Of The Boys
2025-02-02T04:23:42Z,February,2,2,04:23:42,Roll Up,BLACKSWAN,Roll Up
2025-02-02T04:27:10Z,February,2,2,04:27:10,Wrong Turn,Kim Petras,TURN OFF THE LIGHT
2025-02-02T04:31:07Z,February,2,2,04:31:07,Faceshopping,SOPHIE,OIL OF EVERY PEARL'S UN-INSIDES
2025-02-02T04:34:15Z,February,2,2,04:34:15,Something,NAYEON,NA
2025-02-02T04:37:30Z,February,2,2,04:37:30,so american,Olivia Rodrigo,GUTS (spilled)
2025-02-02T04:41:02Z,February,2,2,04:41:02,Porsche (feat. MØ),Charli xcx,Pop 2
2025-02-02T04:43:38Z,February,2,2,04:43:38,nintendo 64,wes mills,nintendo 64
2025-02-02T05:53:57Z,February,2,2,05:53:57,Striptease,FKA twigs,EUSEXUA
2025-02-02T05:57:11Z,February,2,2,05:57:11,Crumbs,Rebecca Black,Let Her Burn
2025-02-02T06:00:28Z,February,2,2,06:00:28,Erase You,Rebecca Black,Let Her Burn
2025-02-02T06:03:31Z,February,2,2,06:03:31,Destroy Me,Rebecca Black,Let Her Burn
2025-02-02T06:06:20Z,February,2,2,06:06:20,Misery Loves Company,Rebecca Black,Let Her Burn
2025-02-02T06:10:36Z,February,2,2,06:10:36,Sick To My Stomach,Rebecca Black,Let Her Burn
2025-02-02T06:13:20Z,February,2,2,06:13:20,What Am I Gonna Do With You,Rebecca Black,Let Her Burn
2025-02-02T06:16:10Z,February,2,2,06:16:10,Cry Hard Enough,Rebecca Black,Let Her Burn
2025-02-02T06:18:55Z,February,2,2,06:18:55,Look At You,Rebecca Black,Let Her Burn
2025-02-02T06:22:09Z,February,2,2,06:22:09,Performer,Rebecca Black,Let Her Burn
2025-02-02T06:49:56Z,February,2,2,06:49:56,Aphrodite,Phèdre,Phèdre
2025-02-02T07:04:57Z,February,2,2,07:04:57,...Because I'm Young Arrogant and Hate Everything You Stand For,Machine Girl,…Because I’m Young Arrogant and Hate Everything You Stand For
2025-02-02T07:10:18Z,February,2,2,07:10:18,Turnin On The Screw,Queens of the Stone Age,Era Vulgaris
2025-02-02T07:20:43Z,February,2,2,07:20:43,HOT TO GO!,Chappell Roan,The Rise and Fall of a Midwest Princess
2025-02-02T07:25:02Z,February,2,2,07:25:02,Gimme More,Britney Spears,Blackout
2025-02-02T07:30:07Z,February,2,2,07:30:07,Hey QT,QT,Hey QT
2025-02-02T07:33:01Z,February,2,2,07:33:01,BIPP,SOPHIE,BIPP
2025-02-02T07:36:39Z,February,2,2,07:36:39,Hillside Boys,Kim Petras,Hillside Boys
2025-02-02T07:39:51Z,February,2,2,07:39:51,Supernatural,ITZY,GOLD
2025-02-02T07:43:52Z,February,2,2,07:43:52,Get Back,Britney Spears,Blackout
2025-02-02T07:46:54Z,February,2,2,07:46:54,Spinning (with Charli XCX & The 1975) (A. G. Cook Remix),Charli xcx,Spinning (A. G. Cook Remixes)
2025-02-02T07:50:57Z,February,2,2,07:50:57,drivers license,Olivia Rodrigo,SOUR
2025-02-02T07:54:37Z,February,2,2,07:54:37,FOREVER,BABYMONSTER,FOREVER
2025-02-02T07:58:48Z,February,2,2,07:58:48,Masquerade,Nicki Minaj,Pink Friday ... Roman Reloaded
2025-02-02T08:03:24Z,February,2,2,08:03:24,LOST BOY,Troye Sivan,Blue Neighbourhood
2025-02-02T08:06:07Z,February,2,2,08:06:07,Look At Her Now,Selena Gomez,Rare
2025-02-02T08:10:25Z,February,2,2,08:10:25,Tears (feat. Caroline Polachek),Charli xcx,Pop 2
2025-02-02T08:13:43Z,February,2,2,08:13:43,Paradise (feat. Hannah Diamond),Charli xcx,Vroom Vroom EP
2025-02-02T08:16:07Z,February,2,2,08:16:07,hover like a GODDESS,WILLOW,hover like a GODDESS
2025-02-02T08:19:28Z,February,2,2,08:19:28,Thoughts,Charli xcx,Charli
2025-02-02T08:22:54Z,February,2,2,08:22:54,All Night,Icona Pop,THIS IS... ICONA POP
2025-02-02T08:26:54Z,February,2,2,08:26:54,Beautiful,A. G. Cook,"PC Music, Vol. 1"
2025-02-02T08:30:42Z,February,2,2,08:30:42,Circumambient,Grimes,Visions
2025-02-02T08:35:53Z,February,2,2,08:35:53,Novacane,Frank Ocean,Novacane
2025-02-02T08:38:46Z,February,2,2,08:38:46,Apple,Charli xcx,BRAT
2025-02-02T08:42:06Z,February,2,2,08:42:06,Who's That Chick? (feat. Rihanna),David Guetta,One More Love
2025-02-02T08:50:26Z,February,2,2,08:50:26,Childlike Things,FKA twigs,EUSEXUA
2025-02-02T08:57:29Z,February,2,2,08:57:29,Striptease,FKA twigs,EUSEXUA
2025-02-02T09:00:45Z,February,2,2,09:00:45,Erase You,Rebecca Black,Let Her Burn
2025-02-02T09:03:53Z,February,2,2,09:03:53,Destroy Me,Rebecca Black,Let Her Burn
2025-02-02T09:08:09Z,February,2,2,09:08:09,Sick To My Stomach,Rebecca Black,Let Her Burn
2025-02-02T09:11:00Z,February,2,2,09:11:00,Cry Hard Enough,Rebecca Black,Let Her Burn
2025-02-02T09:13:44Z,February,2,2,09:13:44,Look At You,Rebecca Black,Let Her Burn
2025-02-02T09:19:31Z,February,2,2,09:19:31,too late to cry,Carlie Hanson,too late to cry
2025-02-02T09:22:47Z,February,2,2,09:22:47,baby,Carlie Hanson,baby
2025-02-02T09:25:52Z,February,2,2,09:25:52,LSE to LAX,Carlie Hanson,Wisconsin
2025-02-02T09:28:14Z,February,2,2,09:28:14,College Boy,Carlie Hanson,Wisconsin
2025-02-02T09:31:11Z,February,2,2,09:31:11,Window,Carlie Hanson,Wisconsin
2025-02-02T09:33:59Z,February,2,2,09:33:59,Illusion,Carlie Hanson,Wisconsin
2025-02-02T09:37:29Z,February,2,2,09:37:29,Blueberry Pancakes,Carlie Hanson,Wisconsin
2025-02-02T09:40:24Z,February,2,2,09:40:24,Snot (feat. Deb Never),Carlie Hanson,Tough Boy
2025-02-02T09:43:08Z,February,2,2,09:43:08,Tough Boy,Carlie Hanson,Tough Boy
2025-02-02T09:44:58Z,February,2,2,09:44:58,Nice to Know Ya,Carlie Hanson,Tough Boy
2025-02-02T09:47:26Z,February,2,2,09:47:26,Girls in Line for the Bathroom,Carlie Hanson,Tough Boy
2025-02-02T09:49:35Z,February,2,2,09:49:35,Your Mom,Carlie Hanson,Tough Boy
2025-02-02T09:52:12Z,February,2,2,09:52:12,Fake Smile,Carlie Hanson,Tough Boy
2025-02-02T09:54:50Z,February,2,2,09:54:50,Love You Anyway,Carlie Hanson,Tough Boy
2025-02-02T21:37:54Z,February,2,2,21:37:54,Striptease,FKA twigs,EUSEXUA
2025-02-02T21:54:41Z,February,2,2,21:54:41,Striptease,FKA twigs,EUSEXUA
2025-02-02T21:58:01Z,February,2,2,21:58:01,Who's That Chick? (feat. Rihanna),David Guetta,One More Love
2025-02-02T22:32:47Z,February,2,2,22:32:47,Striptease,FKA twigs,EUSEXUA
2025-02-02T22:36:36Z,February,2,2,22:36:36,Get Back,Britney Spears,Blackout
2025-02-02T22:39:58Z,February,2,2,22:39:58,Who's That Chick? (feat. Rihanna),David Guetta,One More Love
2025-02-02T22:42:33Z,February,2,2,22:42:33,Doe Eyed,Rebecca Black,Let Her Burn
2025-02-02T22:45:05Z,February,2,2,22:45:05,Childlike Things,FKA twigs,EUSEXUA
2025-02-02T22:51:20Z,February,2,2,22:51:20,Yummy,Gwen Stefani,The Sweet Escape
2025-02-02T22:54:30Z,February,2,2,22:54:30,Perfect Lover,Britney Spears,Blackout
2025-02-02T22:59:16Z,February,2,2,22:59:16,Backseat (feat. Carly Rae Jepsen),Charli xcx,Pop 2
2025-02-02T23:04:02Z,February,2,2,23:04:02,Aphrodite,Phèdre,Phèdre
2025-02-02T23:37:28Z,February,2,2,23:37:28,Striptease,FKA twigs,EUSEXUA
2025-02-02T23:41:06Z,February,2,2,23:41:06,Who's That Chick? (feat. Rihanna),David Guetta,One More Love
2025-02-02T23:44:05Z,February,2,2,23:44:05,afraid (feat. nate sib),2hollis,afraid (feat. nate sib)
2025-02-02T23:49:41Z,February,2,2,23:49:41,Doe Eyed,Rebecca Black,Let Her Burn
2025-02-02T23:53:00Z,February,2,2,23:53:00,Bitch I'm Madonna,Madonna,Rebel Heart
2025-02-02T23:56:53Z,February,2,2,23:56:53,"I Got It (feat. Brooke Candy, CupcakKe and Pabllo Vittar)",Charli xcx,Pop 2
2025-02-03T05:31:52Z,February,2,3,05:31:52,Striptease,FKA twigs,EUSEXUA
2025-02-03T05:36:25Z,February,2,3,05:36:25,Aphrodite,Phèdre,Phèdre
2025-02-03T05:43:07Z,February,2,3,05:43:07,S&M,Rihanna,Loud
2025-02-03T05:46:37Z,February,2,3,05:46:37,Who's That Chick? (feat. Rihanna),David Guetta,One More Love
2025-02-03T05:49:37Z,February,2,3,05:49:37,afraid (feat. nate sib),2hollis,afraid (feat. nate sib)
2025-02-03T05:53:08Z,February,2,3,05:53:08,Trophy,Charli xcx,Vroom Vroom EP
2025-02-03T05:55:40Z,February,2,3,05:55:40,Uptight,Toro Oro,Uptight
2025-02-03T05:59:21Z,February,2,3,05:59:21,Tennis Court,Lorde,Pure Heroine
2025-02-03T06:05:07Z,February,2,3,06:05:07,Smart,LE SSERAFIM,EASY
2025-02-03T06:08:31Z,February,2,3,06:08:31,365,Charli xcx,BRAT
2025-02-03T06:12:08Z,February,2,3,06:12:08,Sober,Lorde,Melodrama
2025-02-03T06:16:12Z,February,2,3,06:16:12,Beautiful,A. G. Cook,"PC Music, Vol. 1"
2025-02-03T06:19:02Z,February,2,3,06:19:02,Diet Pepsi,Addison Rae,Diet Pepsi
2025-02-03T06:22:36Z,February,2,3,06:22:36,Laplander,Finn Keane,"PC Music, Vol. 1"
2025-02-03T06:26:10Z,February,2,3,06:26:10,Roll the Dice,Toro Oro,Roll the Dice
2025-02-03T06:29:21Z,February,2,3,06:29:21,Pulp,Toro Oro,Two Lonely Singles
2025-02-03T06:33:53Z,February,2,3,06:33:53,Freakshow,Britney Spears,Blackout
2025-02-03T06:37:00Z,February,2,3,06:37:00,I Don't Wanna Know,Charli xcx,Charli
2025-02-03T06:40:52Z,February,2,3,06:40:52,Last Friday Night (T.G.I.F.),Katy Perry,Teenage Dream
2025-02-03T06:44:48Z,February,2,3,06:44:48,Hey QT,QT,Hey QT
2025-02-03T06:47:01Z,February,2,3,06:47:01,Good Time,The Dare,What's Wrong With New York?
2025-02-03T06:50:15Z,February,2,3,06:50:15,Sober II (Melodrama),Lorde,Melodrama
2025-02-03T06:55:30Z,February,2,3,06:55:30,Delicious (feat. Tommy Cash),Charli xcx,Pop 2
2025-02-03T06:58:30Z,February,2,3,06:58:30,Love Hangover (feat. Dominic Fike),JENNIE,Love Hangover (feat. Dominic Fike)
2025-02-03T08:13:49Z,February,2,3,08:13:49,FANCY,TWICE,FANCY YOU
2025-02-03T08:18:38Z,February,2,3,08:18:38,Don't Call,Daya,Don't Call
2025-02-03T08:21:37Z,February,2,3,08:21:37,Dade County Dreaming (feat. JT & Yung Miami),Camila Cabello,"C,XOXO"
2025-02-03T08:24:37Z,February,2,3,08:24:37,Roll the Dice,Toro Oro,Roll the Dice
2025-02-03T08:28:17Z,February,2,3,08:28:17,Torn,Carlie Hanson,Wisconsin
2025-02-03T08:32:36Z,February,2,3,08:32:36,"Girl, so confusing featuring lorde",Charli xcx,Brat and it’s completely different but also still brat
2025-02-03T08:36:01Z,February,2,3,08:36:01,After Midnight,Chappell Roan,The Rise and Fall of a Midwest Princess
2025-02-03T08:39:08Z,February,2,3,08:39:08,Paradise (feat. Hannah Diamond),Charli xcx,Vroom Vroom EP
2025-02-03T08:42:57Z,February,2,3,08:42:57,TT,TWICE,Twicecoaster: Lane 1
2025-02-03T08:47:18Z,February,2,3,08:47:18,Supernatural,ITZY,GOLD
2025-02-03T08:51:35Z,February,2,3,08:51:35,Bunny Is A Rider - Nikki Nair 'Satellite' Remix,Caroline Polachek,Bunny Is A Rider
2025-02-03T08:55:14Z,February,2,3,08:55:14,Baby,Madison Beer,Baby
2025-02-03T19:49:55Z,February,2,3,19:49:55,Striptease,FKA twigs,EUSEXUA
2025-02-03T19:53:17Z,February,2,3,19:53:17,Who's That Chick? (feat. Rihanna),David Guetta,One More Love
2025-02-03T19:55:46Z,February,2,3,19:55:46,Childlike Things,FKA twigs,EUSEXUA
2025-02-03T19:58:49Z,February,2,3,19:58:49,Me Pregunto,Belanova,Gran Disco Mini Precio - Dulce Beat
2025-02-03T20:04:30Z,February,2,3,20:04:30,Gimme More,Britney Spears,Blackout
2025-02-03T23:19:05Z,February,2,3,23:19:05,Harajuku Girls,Gwen Stefani,Love. Angel. Music. Baby.
2025-02-03T23:23:58Z,February,2,3,23:23:58,Striptease,FKA twigs,EUSEXUA
2025-02-03T23:28:21Z,February,2,3,23:28:21,Sick To My Stomach,Rebecca Black,Let Her Burn
2025-02-03T23:31:19Z,February,2,3,23:31:19,Cry Hard Enough,Rebecca Black,Let Her Burn
2025-02-03T23:34:10Z,February,2,3,23:34:10,Look At You,Rebecca Black,Let Her Burn
2025-02-03T23:36:45Z,February,2,3,23:36:45,Doe Eyed,Rebecca Black,Let Her Burn
2025-02-03T23:40:43Z,February,2,3,23:40:43,Destroy Me,Rebecca Black,Let Her Burn
2025-02-04T03:35:54Z,February,2,4,03:35:54,Archetype,Omar Apollo,Ivory
2025-02-04T03:38:22Z,February,2,4,03:38:22,Cool With You,NewJeans,NewJeans 2nd EP 'Get Up'
2025-02-04T03:42:58Z,February,2,4,03:42:58,The Sound,The 1975,"I like it when you sleep, for you are so beautiful yet so unaware of it"
2025-02-04T03:47:08Z,February,2,4,03:47:08,Maroon,Taylor Swift,Midnights
2025-02-04T03:50:14Z,February,2,4,03:50:14,XO Call Me,VCHA,Girls of the Year
2025-02-04T03:53:48Z,February,2,4,03:53:48,FOREVER,BABYMONSTER,FOREVER
2025-02-04T03:57:03Z,February,2,4,03:57:03,Your Love Is My Drug,Kesha,Animal (Expanded Edition)
2025-02-04T04:02:53Z,February,2,4,04:02:53,Cinderella,Remi Wolf,Big Ideas
2025-02-04T04:06:27Z,February,2,4,04:06:27,Soup,Remi Wolf,Big Ideas
2025-02-04T04:09:13Z,February,2,4,04:09:13,Motorcycle,Remi Wolf,Big Ideas
2025-02-04T04:12:09Z,February,2,4,04:12:09,Toro,Remi Wolf,Big Ideas
2025-02-04T04:24:29Z,February,2,4,04:24:29,Alone in Miami,Remi Wolf,Big Ideas
2025-02-04T04:26:01Z,February,2,4,04:26:01,Alone in Miami,Remi Wolf,Big Ideas
2025-02-04T04:30:27Z,February,2,4,04:30:27,Cherries & Cream,Remi Wolf,Big Ideas
2025-02-04T04:34:22Z,February,2,4,04:34:22,Kangaroo,Remi Wolf,Big Ideas
2025-02-04T04:37:28Z,February,2,4,04:37:28,Pitiful,Remi Wolf,Big Ideas
2025-02-04T04:41:17Z,February,2,4,04:41:17,Wave,Remi Wolf,Big Ideas
2025-02-04T04:43:57Z,February,2,4,04:43:57,When I Thought Of You,Remi Wolf,Big Ideas
2025-02-04T07:33:24Z,February,2,4,07:33:24,Me Pregunto,Belanova,Gran Disco Mini Precio - Dulce Beat
2025-02-04T07:37:00Z,February,2,4,07:37:00,Baila Mi Corazón,Belanova,Fantasía Pop
2025-02-04T07:40:22Z,February,2,4,07:40:22,Rosa Pastel,Belanova,Gran Disco Mini Precio - Dulce Beat
2025-02-04T07:40:55Z,February,2,4,07:40:55,Cada Que...,Belanova,Fantasía Pop
2025-02-04T07:44:12Z,February,2,4,07:44:12,NUEVAYoL,Bad Bunny,DeBÍ TiRAR MáS FOToS
2025-02-04T07:46:48Z,February,2,4,07:46:48,VOY A LLeVARTE PA PR,Bad Bunny,DeBÍ TiRAR MáS FOToS
2025-02-04T07:52:56Z,February,2,4,07:52:56,BAILE INoLVIDABLE,Bad Bunny,DeBÍ TiRAR MáS FOToS
2025-02-04T07:56:16Z,February,2,4,07:56:16,PERFuMITO NUEVO,Bad Bunny,DeBÍ TiRAR MáS FOToS
2025-02-04T07:59:43Z,February,2,4,07:59:43,WELTiTA,Bad Bunny,DeBÍ TiRAR MáS FOToS
2025-02-04T08:03:38Z,February,2,4,08:03:38,VeLDÁ,Bad Bunny,DeBÍ TiRAR MáS FOToS
2025-02-04T08:07:56Z,February,2,4,08:07:56,KETU TeCRÉ,Bad Bunny,DeBÍ TiRAR MáS FOToS
2025-02-04T08:11:21Z,February,2,4,08:11:21,EoO,Bad Bunny,DeBÍ TiRAR MáS FOToS
2025-02-04T10:36:32Z,February,2,4,10:36:32,Cinderella,Remi Wolf,Big Ideas
2025-02-04T21:05:15Z,February,2,4,21:05:15,Alone in Miami,Remi Wolf,Big Ideas
2025-02-04T21:08:11Z,February,2,4,21:08:11,Toro,Remi Wolf,Big Ideas
2025-02-04T21:12:15Z,February,2,4,21:12:15,Cinderella,Remi Wolf,Big Ideas
2025-02-04T21:16:49Z,February,2,4,21:16:49,Aphrodite,Phèdre,Phèdre
2025-02-04T21:21:33Z,February,2,4,21:21:33,Striptease,FKA twigs,EUSEXUA
2025-02-04T21:26:02Z,February,2,4,21:26:02,Goodnight and Go,Imogen Heap,Speak for Yourself
2025-02-04T21:30:12Z,February,2,4,21:30:12,I Belong In Your Arms,Chairlift,Something
2025-02-04T22:43:46Z,February,2,4,22:43:46,Alone in Miami,Remi Wolf,Big Ideas
2025-02-04T22:48:05Z,February,2,4,22:48:05,Me Pregunto,Belanova,Gran Disco Mini Precio - Dulce Beat
2025-02-04T22:51:40Z,February,2,4,22:51:40,Baila Mi Corazón,Belanova,Fantasía Pop
2025-02-04T22:54:33Z,February,2,4,22:54:33,Doe Eyed,Rebecca Black,Let Her Burn
2025-02-04T22:56:58Z,February,2,4,22:56:58,too bad for us,ROSÉ,rosie
2025-02-04T22:57:29Z,February,2,4,22:57:29,Toro,Remi Wolf,Big Ideas
2025-02-05T00:38:07Z,February,2,5,00:38:07,Alone in Miami,Remi Wolf,Big Ideas
2025-02-05T00:42:23Z,February,2,5,00:42:23,Frog Rock,Remi Wolf,Big Ideas
2025-02-05T00:44:43Z,February,2,5,00:44:43,Just the Start,Remi Wolf,Big Ideas
2025-02-05T00:44:50Z,February,2,5,00:44:50,Bitch I'm Madonna,Madonna,Rebel Heart
2025-02-05T00:47:51Z,February,2,5,00:47:51,Slay Bitch - Bonus Track,Remi Wolf,Big Ideas
2025-02-05T03:22:39Z,February,2,5,03:22:39,Talking Body,Tove Lo,Queen Of The Clouds
2025-02-05T03:25:19Z,February,2,5,03:25:19,Trophy,Charli xcx,Vroom Vroom EP
2025-02-05T03:28:19Z,February,2,5,03:28:19,Roll Up,BLACKSWAN,Roll Up
2025-02-05T03:32:26Z,February,2,5,03:32:26,New Woman (feat. ROSALÍA),LISA,New Woman (feat. ROSALÍA)
2025-02-05T03:35:22Z,February,2,5,03:35:22,Viola,Yves,I Did
2025-02-05T03:39:50Z,February,2,5,03:39:50,Tears (feat. Caroline Polachek),Charli xcx,Pop 2
2025-02-05T03:43:20Z,February,2,5,03:43:20,Blue Jeans,Lana Del Rey,Born To Die - The Paradise Edition
2025-02-05T03:46:53Z,February,2,5,03:46:53,Stellar,Incubus,Make Yourself
2025-02-05T03:50:48Z,February,2,5,03:50:48,Privilege,Incubus,Make Yourself
2025-02-05T03:54:22Z,February,2,5,03:54:22,We got so much,LE SSERAFIM,EASY
2025-02-05T03:57:14Z,February,2,5,03:57:14,Smart,LE SSERAFIM,EASY
2025-02-05T04:06:56Z,February,2,5,04:06:56,Thoroughfare,Ethel Cain,Preacher’s Daughter
2025-02-05T04:09:56Z,February,2,5,04:09:56,Vision,(G)I-DLE,2
2025-02-05T04:12:57Z,February,2,5,04:12:57,EASY,LE SSERAFIM,EASY
2025-02-05T04:16:59Z,February,2,5,04:16:59,Just Dance,Lady Gaga,The Fame
2025-02-05T04:20:27Z,February,2,5,04:20:27,Paparazzi,Lady Gaga,The Fame
2025-02-05T04:23:22Z,February,2,5,04:23:22,"Beautiful, Dirty, Rich",Lady Gaga,The Fame
2025-02-05T04:27:04Z,February,2,5,04:27:04,Starstruck,Lady Gaga,The Fame
2025-02-05T04:34:36Z,February,2,5,04:34:36,Paper Gangsta,Lady Gaga,The Fame
2025-02-05T04:35:10Z,February,2,5,04:35:10,Brown Eyes,Lady Gaga,The Fame
2025-02-05T04:38:31Z,February,2,5,04:38:31,i LIKE IT ROUGH,Lady Gaga,The Fame
2025-02-05T04:41:40Z,February,2,5,04:41:40,LIKE THAT,BABYMONSTER,BABYMONS7ER
2025-02-05T04:47:15Z,February,2,5,04:47:15,Desire,Tove Lo,HEAT
2025-02-05T04:50:10Z,February,2,5,04:50:10,Sugar Water Cyanide,Rebecca Black,Sugar Water Cyanide
2025-02-05T06:47:36Z,February,2,5,06:47:36,Jealous,Lennon Stella,Three. Two. One.
2025-02-05T06:50:53Z,February,2,5,06:50:53,Helen of Troy - Bonus Track,Lorde,Solar Power
2025-02-05T06:53:23Z,February,2,5,06:53:23,i'm so gone,Tate McRae,i used to think i could fly
2025-02-05T06:57:13Z,February,2,5,06:57:13,Torn,Carlie Hanson,Wisconsin
2025-02-05T07:01:00Z,February,2,5,07:01:00,Easy,Troye Sivan,In A Dream
2025-02-05T07:05:28Z,February,2,5,07:05:28,Coachella - Woodstock In My Mind,Lana Del Rey,Lust For Life
2025-02-05T07:09:28Z,February,2,5,07:09:28,How To Love,Lil Wayne,Tha Carter IV
2025-02-05T07:12:36Z,February,2,5,07:12:36,GET LOUD,TWICE,Feel Special
2025-02-05T07:16:06Z,February,2,5,07:16:06,CRY FOR ME,TWICE,CRY FOR ME
2025-02-05T07:19:08Z,February,2,5,07:19:08,UNFORGIVEN (feat. Nile Rodgers),LE SSERAFIM,UNFORGIVEN
2025-02-05T07:21:59Z,February,2,5,07:21:59,naïve,WILLOW,lately I feel EVERYTHING
2025-02-05T07:25:28Z,February,2,5,07:25:28,Silver Cross,Charli xcx,Charli
2025-02-05T20:37:02Z,February,2,5,20:37:02,"Girl, so confusing featuring lorde",Charli xcx,Brat and it’s completely different but also still brat
2025-02-05T20:39:43Z,February,2,5,20:39:43,Alone in Miami,Remi Wolf,Big Ideas
2025-02-05T20:43:12Z,February,2,5,20:43:12,Who's That Chick? (feat. Rihanna),David Guetta,One More Love
2025-02-05T20:49:57Z,February,2,5,20:49:57,Striptease,FKA twigs,EUSEXUA
2025-02-05T20:54:11Z,February,2,5,20:54:11,Sick To My Stomach,Rebecca Black,Let Her Burn
2025-02-05T21:13:45Z,February,2,5,21:13:45,SO BAD,STAYC,Star To A Young Culture
2025-02-06T00:23:53Z,February,2,6,00:23:53,KETU TeCRÉ,Bad Bunny,DeBÍ TiRAR MáS FOToS
2025-02-06T00:30:01Z,February,2,6,00:30:01,Striptease,FKA twigs,EUSEXUA
2025-02-06T00:31:52Z,February,2,6,00:31:52,too late to cry,Carlie Hanson,too late to cry
2025-02-06T00:36:18Z,February,2,6,00:36:18,Backseat (feat. Carly Rae Jepsen),Charli xcx,Pop 2
2025-02-06T01:25:32Z,February,2,6,01:25:32,Thoughts,Charli xcx,Charli
2025-02-06T04:19:15Z,February,2,6,04:19:15,Pretty Boy,Lennon Stella,Three. Two. One.
2025-02-06T04:22:34Z,February,2,6,04:22:34,Angel Of My Dreams,JADE,Angel Of My Dreams
2025-02-06T04:26:02Z,February,2,6,04:26:02,Diet Pepsi,Addison Rae,Diet Pepsi
2025-02-06T04:28:46Z,February,2,6,04:28:46,Aquamarine,Addison Rae,Aquamarine
2025-02-06T04:31:18Z,February,2,6,04:31:18,Apple,Charli xcx,BRAT
2025-02-06T04:35:51Z,February,2,6,04:35:51,Delicious (feat. Tommy Cash),Charli xcx,Pop 2
2025-02-06T04:39:07Z,February,2,6,04:39:07,Sympathy is a knife featuring ariana grande,Charli xcx,Brat and it’s completely different but also still brat
2025-02-06T04:43:34Z,February,2,6,04:43:34,Stoned at the Nail Salon,Lorde,Solar Power
2025-02-06T04:46:39Z,February,2,6,04:46:39,Seven (feat. Latto),Jung Kook,Seven (feat. Latto)
2025-02-06T04:47:28Z,February,2,6,04:47:28,Typa Girl,BLACKPINK,BORN PINK
2025-02-06T04:51:20Z,February,2,6,04:51:20,Starstruck,Lady Gaga,The Fame
2025-02-06T04:54:41Z,February,2,6,04:54:41,Boys Boys Boys,Lady Gaga,The Fame
2025-02-06T04:59:14Z,February,2,6,04:59:14,Paper Gangsta,Lady Gaga,The Fame
2025-02-06T05:02:58Z,February,2,6,05:02:58,i LIKE IT ROUGH,Lady Gaga,The Fame
2025-02-06T05:07:58Z,February,2,6,05:07:58,Boys Night,Brevin Kim,DOG HEAD
2025-02-06T05:11:09Z,February,2,6,05:11:09,I Don't Wanna Be Like You,Brevin Kim,DOG HEAD
2025-02-06T05:13:27Z,February,2,6,05:13:27,Wars,Brevin Kim,DOG HEAD
2025-02-06T05:17:18Z,February,2,6,05:17:18,GODSPEED,Camila Cabello,"C,XOXO"
2025-02-06T05:20:25Z,February,2,6,05:20:25,bitches broken hearts,Billie Eilish,bitches broken hearts
2025-02-06T05:23:52Z,February,2,6,05:23:52,Wolves,Selena Gomez,Wolves
2025-02-06T05:26:17Z,February,2,6,05:26:17,Pretender,Carlie Hanson,Pretender
2025-02-06T05:29:48Z,February,2,6,05:29:48,Crush,Ethel Cain,Inbred
2025-02-06T05:35:32Z,February,2,6,05:35:32,BLUE,Billie Eilish,HIT ME HARD AND SOFT
2025-02-06T05:39:36Z,February,2,6,05:39:36,how2fly,ISOxo,kidsgonemad!
2025-02-06T05:42:16Z,February,2,6,05:42:16,in my bag,Meg Donnelly,in my bag
2025-02-06T05:46:22Z,February,2,6,05:46:22,Watching T.V.,Magdalena Bay,Imaginal Disk
2025-02-06T05:50:23Z,February,2,6,05:50:23,FIGURES,Jessie Reyez,Kiddo
2025-02-06T05:53:54Z,February,2,6,05:53:54,Blueberry Pancakes,Carlie Hanson,Wisconsin
2025-02-06T05:56:33Z,February,2,6,05:56:33,UFO,f5ve,UFO
2025-02-06T06:00:45Z,February,2,6,06:00:45,Gimme More,Britney Spears,Blackout
2025-02-06T06:03:55Z,February,2,6,06:03:55,Apple featuring the japanese house,Charli xcx,Brat and it’s completely different but also still brat
2025-02-06T06:07:07Z,February,2,6,06:07:07,curious/furious - Live,WILLOW,WILLOW: Live At Electric Lady
2025-02-06T06:10:28Z,February,2,6,06:10:28,We got so much,LE SSERAFIM,EASY
2025-02-06T06:13:44Z,February,2,6,06:13:44,NO PROBLEM (Feat. Felix of Stray Kids),NAYEON,IM NAYEON
2025-02-06T06:17:18Z,February,2,6,06:17:18,As If It's Your Last,BLACKPINK,As If It's Your Last
2025-02-06T06:19:39Z,February,2,6,06:19:39,360,Charli xcx,360
2025-02-06T06:23:08Z,February,2,6,06:23:08,Paparazzi,Lady Gaga,The Fame
2025-02-06T06:27:04Z,February,2,6,06:27:04,Much Too Much,Lennon Stella,Three. Two. One.
2025-02-06T06:31:23Z,February,2,6,06:31:23,Tears (feat. Caroline Polachek),Charli xcx,Pop 2
2025-02-06T06:34:52Z,February,2,6,06:34:52,TOOTIMETOOTIMETOOTIME,The 1975,A Brief Inquiry Into Online Relationships
2025-02-06T06:39:02Z,February,2,6,06:39:02,Fly To You (feat. Grimes and Dido),Caroline Polachek,"Desire, I Want To Turn Into You"
2025-02-06T06:42:30Z,February,2,6,06:42:30,Homemade Dynamite,Lorde,Melodrama
2025-02-06T06:46:32Z,February,2,6,06:46:32,Just Dance,Lady Gaga,The Fame
2025-02-06T06:49:09Z,February,2,6,06:49:09,2 die 4 (feat. Charli XCX),Addison Rae,AR
2025-02-06T06:54:38Z,February,2,6,06:54:38,High School Sweethearts,Melanie Martinez,K-12
2025-02-06T07:06:06Z,February,2,6,07:06:06,10:36,beabadoobee,Beatopia
2025-02-06T07:10:48Z,February,2,6,07:10:48,Touch It,Ariana Grande,Dangerous Woman
2025-02-06T07:14:01Z,February,2,6,07:14:01,Not In That Way,Sam Smith,In The Lonely Hour
2025-02-06T07:18:43Z,February,2,6,07:18:43,Otherside,Red Hot Chili Peppers,Californication
2025-02-06T07:22:51Z,February,2,6,07:22:51,Beaches,beabadoobee,This Is How Tomorrow Moves
2025-02-06T07:25:37Z,February,2,6,07:25:37,Million Dollar Bills,Lorde,The Love Club EP
2025-02-06T07:28:58Z,February,2,6,07:28:58,ocean eyes,Billie Eilish,dont smile at me
2025-02-06T07:32:36Z,February,2,6,07:32:36,You're Too Close,Francis Karel,You're Too Close
2025-02-06T07:35:45Z,February,2,6,07:35:45,you're not special,Maggie Lindemann,SUCKERPUNCH
2025-02-06T07:39:20Z,February,2,6,07:39:20,Trouble - from ‘Three Months’,Troye Sivan,Trouble
2025-02-06T07:45:06Z,February,2,6,07:45:06,Hard Times,Ethel Cain,Preacher’s Daughter
2025-02-06T07:48:00Z,February,2,6,07:48:00,Reminds Me,Kim Petras,Reminds Me
2025-02-06T07:52:02Z,February,2,6,07:52:02,Never Be the Same,Camila Cabello,Never Be the Same
2025-02-06T07:54:32Z,February,2,6,07:54:32,Gonna Bleach My Eyebrows,Alemeda,Gonna Bleach My Eyebrows
2025-02-06T07:58:51Z,February,2,6,07:58:51,too bad for us,ROSÉ,rosie
2025-02-06T08:02:48Z,February,2,6,08:02:48,What You Waiting For? - Remastered 2019,Gwen Stefani,Love. Angel. Music. Baby.
2025-02-06T08:05:41Z,February,2,6,08:05:41,Slow Motion,Matt Champion,Slow Motion
2025-02-06T18:55:19Z,February,2,6,18:55:19,Boys Night,Brevin Kim,DOG HEAD
2025-02-06T18:57:50Z,February,2,6,18:57:50,Wars,Brevin Kim,DOG HEAD
2025-02-06T19:02:13Z,February,2,6,19:02:13,I Don't Wanna Be Like You,Brevin Kim,DOG HEAD
2025-02-06T19:13:26Z,February,2,6,19:13:26,Boys Night,Brevin Kim,DOG HEAD
2025-02-06T19:18:00Z,February,2,6,19:18:00,Paper Gangsta,Lady Gaga,The Fame
2025-02-06T19:22:25Z,February,2,6,19:22:25,Starstruck,Lady Gaga,The Fame
2025-02-06T21:02:00Z,February,2,6,21:02:00,Boys Night,Brevin Kim,DOG HEAD
2025-02-06T21:05:24Z,February,2,6,21:05:24,Ever Seen,beabadoobee,This Is How Tomorrow Moves
2025-02-06T21:07:59Z,February,2,6,21:07:59,Therapist,Jeremy Zucker,CRUSHER
2025-02-06T21:11:33Z,February,2,6,21:11:33,LSE to LAX,Carlie Hanson,Wisconsin
2025-02-06T21:15:28Z,February,2,6,21:15:28,Roll with Me,Charli xcx,Number 1 Angel
2025-02-06T21:56:27Z,February,2,6,21:56:27,Bags - Recorded At Electric Lady Studios,Clairo,Live at Electric Lady
2025-02-06T22:07:53Z,February,2,6,22:07:53,Roll with Me,Charli xcx,Number 1 Angel
2025-02-06T22:11:22Z,February,2,6,22:11:22,Je T'Adore,Kim Petras,Problématique
2025-02-06T22:16:10Z,February,2,6,22:16:10,Better Off Alone,Alice Deejay,Who Needs Guitars Anyway?
2025-02-06T22:18:47Z,February,2,6,22:18:47,I Love It (feat. Charli XCX),Icona Pop,THIS IS... ICONA POP
2025-02-06T22:23:24Z,February,2,6,22:23:24,The Man with the Axe,Lorde,Solar Power
2025-02-06T22:26:11Z,February,2,6,22:26:11,Vision,(G)I-DLE,2
2025-02-06T22:30:57Z,February,2,6,22:30:57,Quit (feat. Ariana Grande),Cashmere Cat,9
2025-02-06T22:33:49Z,February,2,6,22:33:49,Last Time,Beauty School Dropout,Last Time
2025-02-06T22:38:58Z,February,2,6,22:38:58,Novacane,Frank Ocean,Novacane
2025-02-06T22:42:05Z,February,2,6,22:42:05,Plum,Troye Sivan,Bloom
2025-02-06T22:45:15Z,February,2,6,22:45:15,Kiss and Make Up,Dua Lipa,Dua Lipa
2025-02-06T22:48:44Z,February,2,6,22:48:44,Lucky Strike,Troye Sivan,Bloom
2025-02-06T22:52:36Z,February,2,6,22:52:36,We Can't Stop,Miley Cyrus,Bangerz (Deluxe Version)
2025-02-06T22:55:40Z,February,2,6,22:55:40,So Hot You're Hurting My Feelings,Caroline Polachek,Pang
2025-02-06T23:01:26Z,February,2,6,23:01:26,Coma,Caroline Polachek,"Desire, I Want To Turn Into You: Everasking Edition"
2025-02-06T23:04:46Z,February,2,6,23:04:46,Nothing On (But The Radio),Addison Rae,AR
2025-02-06T23:08:03Z,February,2,6,23:08:03,Diet Pepsi,Addison Rae,Diet Pepsi
2025-02-06T23:11:11Z,February,2,6,23:11:11,Closer To You,Clairo,Immunity
2025-02-06T23:14:45Z,February,2,6,23:14:45,Torn,Carlie Hanson,Wisconsin
2025-02-06T23:18:17Z,February,2,6,23:18:17,Get Ur Freak On,Missy Elliott,Miss E... So Addictive
2025-02-06T23:22:59Z,February,2,6,23:22:59,Something Comforting,Porter Robinson,Nurture
2025-02-06T23:26:46Z,February,2,6,23:26:46,Easy,Troye Sivan,In A Dream
2025-02-06T23:29:54Z,February,2,6,23:29:54,Be Kind (with Halsey),Marshmello,Be Kind (with Halsey)
2025-02-06T23:33:32Z,February,2,6,23:33:32,i LIKE IT ROUGH,Lady Gaga,The Fame
2025-02-06T23:34:13Z,February,2,6,23:34:13,Crash,Charli xcx,CRASH
2025-02-06T23:37:53Z,February,2,6,23:37:53,Telephone,Lady Gaga,The Fame Monster
2025-02-06T23:41:18Z,February,2,6,23:41:18,New Woman (feat. ROSALÍA),LISA,New Woman (feat. ROSALÍA)
2025-02-06T23:44:17Z,February,2,6,23:44:17,Smart,LE SSERAFIM,EASY
2025-02-06T23:46:49Z,February,2,6,23:46:49,Apple,Charli xcx,BRAT
2025-02-06T23:51:30Z,February,2,6,23:51:30,Exhilarate (feat. Bibi Bourelly),SOPHIE,Exhilarate (feat. Bibi Bourelly)
2025-02-07T00:00:58Z,February,2,7,00:00:58,Thoroughfare,Ethel Cain,Preacher’s Daughter
2025-02-07T00:03:38Z,February,2,7,00:03:38,Sympathy is a knife,Charli xcx,BRAT
2025-02-07T00:07:38Z,February,2,7,00:07:38,So I,Charli xcx,BRAT
2025-02-07T00:11:21Z,February,2,7,00:11:21,Piece of Me,Britney Spears,Blackout
2025-02-07T00:14:03Z,February,2,7,00:14:03,Liability (Reprise),Lorde,Melodrama
2025-02-07T00:16:49Z,February,2,7,00:16:49,He Gets Me So High,beabadoobee,Our Extended Play
2025-02-07T00:20:39Z,February,2,7,00:20:39,IN A DREAM,Troye Sivan,In A Dream
2025-02-07T00:46:56Z,February,2,7,00:46:56,Born Again (feat. Doja Cat & RAYE),LISA,Born Again (feat. Doja Cat & RAYE)
2025-02-07T00:49:55Z,February,2,7,00:49:55,Boys Night,Brevin Kim,DOG HEAD
2025-02-07T00:53:34Z,February,2,7,00:53:34,Purr,VIVIZ,<Queendom2> Position Unit Battle Part.1-2
2025-02-07T00:57:01Z,February,2,7,00:57:01,Supernatural,ITZY,GOLD
2025-02-07T01:01:37Z,February,2,7,01:01:37,Mood Ring,Lorde,Solar Power
2025-02-07T01:05:27Z,February,2,7,01:05:27,Get Back,Britney Spears,Blackout
2025-02-07T01:08:33Z,February,2,7,01:08:33,Roll Up,BLACKSWAN,Roll Up
2025-02-07T01:11:13Z,February,2,7,01:11:13,Dade County Dreaming (feat. JT & Yung Miami),Camila Cabello,"C,XOXO"
2025-02-07T01:16:09Z,February,2,7,01:16:09,Supercut,Lorde,Melodrama
2025-02-07T01:19:42Z,February,2,7,01:19:42,365,Charli xcx,BRAT
2025-02-07T03:43:29Z,February,2,7,03:43:29,Born Again (feat. Doja Cat & RAYE),LISA,Born Again (feat. Doja Cat & RAYE)
2025-02-07T03:46:59Z,February,2,7,03:46:59,Stronger,Britney Spears,Oops!... I Did It Again
2025-02-07T03:51:04Z,February,2,7,03:51:04,Live In My Truth (feat. BC Kingdom and LIZ),SOPHIE,SOPHIE
2025-02-07T03:54:25Z,February,2,7,03:54:25,Pretty Savage,BLACKPINK,THE ALBUM
2025-02-07T03:58:46Z,February,2,7,03:58:46,Cola,Lana Del Rey,Paradise
2025-02-07T04:01:37Z,February,2,7,04:01:37,Diet Pepsi,Addison Rae,Aquamarine
2025-02-07T04:04:49Z,February,2,7,04:04:49,MEOW,MEOVV,MEOW
2025-02-07T04:07:41Z,February,2,7,04:07:41,Doe Eyed,Rebecca Black,Let Her Burn
2025-02-07T04:11:21Z,February,2,7,04:11:21,rom com 2004,Soccer Mommy,rom com 2004
2025-02-07T04:14:38Z,February,2,7,04:14:38,He Said She Said,Ashley Tisdale,Headstrong
2025-02-07T04:17:36Z,February,2,7,04:17:36,Next Level Charli,Charli xcx,Charli
2025-02-07T04:20:51Z,February,2,7,04:20:51,I LUV IT (feat. Playboi Carti),Camila Cabello,I LUV IT (feat. Playboi Carti)
2025-02-07T04:24:25Z,February,2,7,04:24:25,Laplander,Finn Keane,"PC Music, Vol. 1"
2025-02-07T04:27:12Z,February,2,7,04:27:12,Young,Sam Smith,Love Goes
2025-02-07T04:30:13Z,February,2,7,04:30:13,Not In That Way,Sam Smith,In The Lonely Hour
2025-02-07T04:33:52Z,February,2,7,04:33:52,What Do You Mean?,Justin Bieber,Purpose
2025-02-07T04:36:53Z,February,2,7,04:36:53,gold,2hollis,gold
2025-02-07T04:41:10Z,February,2,7,04:41:10,"1,2,3 dayz up",Kim Petras,"1,2,3 dayz up"
2025-02-07T04:43:35Z,February,2,7,04:43:35,El Alma Que Te Trajo,Safety Trance,El Alma Que Te Trajo
2025-02-07T04:47:18Z,February,2,7,04:47:18,Circus,Britney Spears,Circus (Deluxe Version)
2025-02-07T04:53:07Z,February,2,7,04:53:07,BLUE,Billie Eilish,HIT ME HARD AND SOFT
2025-02-07T04:58:11Z,February,2,7,04:58:11,how2fly,ISOxo,kidsgonemad!
2025-02-07T05:00:41Z,February,2,7,05:00:41,Ring,Selena Gomez,Rare
2025-02-07T05:05:02Z,February,2,7,05:05:02,Watching T.V.,Magdalena Bay,Imaginal Disk
2025-02-07T05:08:26Z,February,2,7,05:08:26,Strawberries & Cigarettes,Troye Sivan,Strawberries & Cigarettes
2025-02-07T05:12:35Z,February,2,7,05:12:35,Don't Phunk With My Heart,Black Eyed Peas,Monkey Business
2025-02-07T05:16:15Z,February,2,7,05:16:15,Alone in Miami,Remi Wolf,Big Ideas
2025-02-07T05:18:57Z,February,2,7,05:18:57,Kissing Other People,Lennon Stella,Three. Two. One.
2025-02-07T05:22:28Z,February,2,7,05:22:28,Everything is romantic,Charli xcx,BRAT
2025-02-07T05:25:39Z,February,2,7,05:25:39,Whiplash,aespa,Whiplash - The 5th Mini Album
2025-02-07T05:28:18Z,February,2,7,05:28:18,Sympathy is a knife,Charli xcx,BRAT
2025-02-07T05:33:52Z,February,2,7,05:33:52,Escalator,ITZY,BORN TO BE
2025-02-07T05:40:50Z,February,2,7,05:40:50,Dreamin (feat. Daya),Dom Dolla,Dreamin (feat. Daya)
2025-02-07T05:44:07Z,February,2,7,05:44:07,baby,Carlie Hanson,too late to cry
2025-02-07T05:47:06Z,February,2,7,05:47:06,covering faces,Carlie Hanson,too late to cry
2025-02-07T05:48:57Z,February,2,7,05:48:57,too late to cry,Carlie Hanson,too late to cry
2025-02-07T05:51:38Z,February,2,7,05:51:38,how many hours,Carlie Hanson,too late to cry
2025-02-07T05:54:32Z,February,2,7,05:54:32,sinking,Carlie Hanson,too late to cry
2025-02-07T05:57:02Z,February,2,7,05:57:02,portland,Carlie Hanson,too late to cry
2025-02-07T21:23:23Z,February,2,7,21:23:23,rom com 2004,Soccer Mommy,rom com 2004
2025-02-07T21:31:01Z,February,2,7,21:31:01,rom com 2004,Soccer Mommy,rom com 2004
2025-02-07T21:37:21Z,February,2,7,21:37:21,Blueberry Pancakes,Carlie Hanson,Wisconsin
2025-02-07T21:40:36Z,February,2,7,21:40:36,Paradise (feat. Hannah Diamond),Charli xcx,Vroom Vroom EP
2025-02-07T21:44:57Z,February,2,7,21:44:57,Backseat (feat. Carly Rae Jepsen),Charli xcx,Pop 2
2025-02-07T21:49:36Z,February,2,7,21:49:36,The Louvre,Lorde,Melodrama
2025-02-07T21:53:48Z,February,2,7,21:53:48,sister,2hollis,boy
2025-02-07T21:56:58Z,February,2,7,21:56:58,so american,Olivia Rodrigo,GUTS (spilled)
2025-02-07T22:00:04Z,February,2,7,22:00:04,Softly,Clairo,Immunity
2025-02-07T22:02:57Z,February,2,7,22:02:57,Boys Night,Brevin Kim,DOG HEAD
2025-02-07T22:07:52Z,February,2,7,22:07:52,Be a Body,Grimes,Visions
2025-02-07T23:37:23Z,February,2,7,23:37:23,rom com 2004,Soccer Mommy,rom com 2004
2025-02-07T23:40:10Z,February,2,7,23:40:10,Boys Night,Brevin Kim,DOG HEAD
2025-02-07T23:44:34Z,February,2,7,23:44:34,Paper Gangsta,Lady Gaga,The Fame
2025-02-07T23:47:16Z,February,2,7,23:47:16,Alone in Miami,Remi Wolf,Big Ideas
2025-02-07T23:50:58Z,February,2,7,23:50:58,Starstruck,Lady Gaga,The Fame
2025-02-07T23:55:42Z,February,2,7,23:55:42,Striptease,FKA twigs,EUSEXUA
2025-02-08T00:13:44Z,February,2,8,00:13:44,Backseat (feat. Carly Rae Jepsen),Charli xcx,Pop 2
2025-02-08T00:16:40Z,February,2,8,00:16:40,rom com 2004,Soccer Mommy,rom com 2004
2025-02-08T00:21:08Z,February,2,8,00:21:08,Paper Gangsta,Lady Gaga,The Fame
2025-02-08T00:27:32Z,February,2,8,00:27:32,Get Back,Britney Spears,Blackout
2025-02-08T00:30:26Z,February,2,8,00:30:26,Sugar Water Cyanide,Rebecca Black,Sugar Water Cyanide
2025-02-08T00:40:50Z,February,2,8,00:40:50,I think about it all the time,Charli xcx,BRAT
2025-02-08T00:44:41Z,February,2,8,00:44:41,Born Again (feat. Doja Cat & RAYE),LISA,Born Again (feat. Doja Cat & RAYE)
2025-02-08T00:50:14Z,February,2,8,00:50:14,Cinderella,Remi Wolf,Big Ideas
2025-02-08T00:54:07Z,February,2,8,00:54:07,ZIPPER,BROCKHAMPTON,SATURATION III
2025-02-08T00:57:46Z,February,2,8,00:57:46,Cherry,Lana Del Rey,Lust For Life
2025-02-08T01:01:51Z,February,2,8,01:01:51,Torn,Natalie Imbruglia,Left Of The Middle
2025-02-08T01:05:35Z,February,2,8,01:05:35,Be With U (feat. DETO BLACK),Coco & Clair Clair,Sexy
2025-02-08T01:09:37Z,February,2,8,01:09:37,Change My Mind,One Direction,Take Me Home
2025-02-08T01:26:54Z,February,2,8,01:26:54,Striptease,FKA twigs,EUSEXUA
2025-02-08T01:29:46Z,February,2,8,01:29:46,Take U,Jengi,Take U
2025-02-08T01:33:41Z,February,2,8,01:33:41,Rakata,Arca,KICK ii
2025-02-08T01:36:17Z,February,2,8,01:36:17,Doe Eyed,Rebecca Black,Let Her Burn
2025-02-08T01:39:49Z,February,2,8,01:39:49,rom com 2004,Soccer Mommy,rom com 2004
2025-02-08T01:43:28Z,February,2,8,01:43:28,Sympathy is a knife,Charli xcx,BRAT
2025-02-08T01:46:21Z,February,2,8,01:46:21,It's ok I'm ok,Tate McRae,It's ok I'm ok
2025-02-08T01:49:57Z,February,2,8,01:49:57,You Make Me Feel... (feat. Sabi),Cobra Starship,Night Shades
2025-02-08T01:52:48Z,February,2,8,01:52:48,it could’ve been u,Addison Rae,AR
2025-02-08T01:55:12Z,February,2,8,01:55:12,Thousand Pieces,Kim Petras,Feed The Beast
2025-02-08T02:00:26Z,February,2,8,02:00:26,Supernatural,ITZY,GOLD
2025-02-08T02:03:48Z,February,2,8,02:03:48,Feel Something,Clairo,Immunity
2025-02-08T02:08:02Z,February,2,8,02:08:02,Don't Forget,Demi Lovato,Don't Forget
2025-02-08T02:11:16Z,February,2,8,02:11:16,bellyache,Billie Eilish,Bellyache
2025-02-08T02:14:54Z,February,2,8,02:14:54,February 2017 (feat. Clairo and Yaeji),Charli xcx,Charli
2025-02-08T02:19:51Z,February,2,8,02:19:51,Live In My Truth (feat. BC Kingdom and LIZ),SOPHIE,SOPHIE
2025-02-08T02:26:05Z,February,2,8,02:26:05,Snow (Hey Oh),Red Hot Chili Peppers,Stadium Arcadium
2025-02-08T02:30:43Z,February,2,8,02:30:43,Fly To You (feat. Grimes and Dido),Caroline Polachek,"Desire, I Want To Turn Into You"
2025-02-08T02:35:05Z,February,2,8,02:35:05,Piece of Me,Britney Spears,Blackout
2025-02-08T02:38:17Z,February,2,8,02:38:17,Who,Jimin,MUSE
2025-02-08T02:41:43Z,February,2,8,02:41:43,Aquamarine,Addison Rae,Aquamarine
2025-02-08T02:45:37Z,February,2,8,02:45:37,Diet Pepsi,Addison Rae,Aquamarine
2025-02-08T02:49:07Z,February,2,8,02:49:07,Screen Cleaner (Oscar Farrell Remix),George Daniel,Screen Cleaner (Oscar Farrell Remix)
2025-02-08T02:56:07Z,February,2,8,02:56:07,Amrep,Arca,kiCK iiiii
2025-02-08T02:59:01Z,February,2,8,02:59:01,rom com 2004,Soccer Mommy,rom com 2004
2025-02-08T08:31:31Z,February,2,8,08:31:31,Circus,Britney Spears,Circus (Deluxe Version)
2025-02-08T08:35:04Z,February,2,8,08:35:04,rom com 2004,Soccer Mommy,rom com 2004
2025-02-08T08:39:11Z,February,2,8,08:39:11,New Woman (feat. ROSALÍA),LISA,New Woman (feat. ROSALÍA)
2025-02-08T08:44:08Z,February,2,8,08:44:08,Paper Gangsta,Lady Gaga,The Fame
2025-02-08T08:47:48Z,February,2,8,08:47:48,Smoke,Caroline Polachek,"Desire, I Want To Turn Into You"
2025-02-08T08:51:32Z,February,2,8,08:51:32,Homemade Dynamite,Lorde,Melodrama
2025-02-08T08:56:33Z,February,2,8,08:56:33,Moth to the Flame,Chairlift,Moth
2025-02-08T09:01:00Z,February,2,8,09:01:00,Don't Call,Daya,Don't Call
2025-02-08T09:05:54Z,February,2,8,09:05:54,how2fly,ISOxo,kidsgonemad!
2025-02-08T09:11:14Z,February,2,8,09:11:14,I Believe,Caroline Polachek,"Desire, I Want To Turn Into You"
2025-02-08T09:14:05Z,February,2,8,09:14:05,Sunset,Caroline Polachek,"Desire, I Want To Turn Into You"
2025-02-08T09:17:57Z,February,2,8,09:17:57,Knuckle Velvet,Ethel Cain,Golden Age
2025-02-08T09:20:57Z,February,2,8,09:20:57,If Jesus Was A Rockstar,Kim Petras,If Jesus Was A Rockstar
2025-02-08T09:24:11Z,February,2,8,09:24:11,Cool With You,NewJeans,NewJeans 2nd EP 'Get Up'
2025-02-08T09:27:42Z,February,2,8,09:27:42,Sober,Lorde,Melodrama
2025-02-08T09:28:55Z,February,2,8,09:28:55,Last Valentines,PinkPantheress,to hell with it
2025-02-08T09:32:50Z,February,2,8,09:32:50,Feel Something,Clairo,Immunity
2025-02-08T23:46:27Z,February,2,8,23:46:27,rom com 2004,Soccer Mommy,rom com 2004
2025-02-09T00:36:59Z,February,2,9,00:36:59,endless,Oklou,choke enough
2025-02-09T00:39:56Z,February,2,9,00:39:56,thank you for recording,Oklou,choke enough
2025-02-09T00:42:53Z,February,2,9,00:42:53,family and friends,Oklou,choke enough
2025-02-09T00:45:08Z,February,2,9,00:45:08,obvious,Oklou,choke enough
2025-02-09T00:46:41Z,February,2,9,00:46:41,ict,Oklou,choke enough
2025-02-09T00:50:28Z,February,2,9,00:50:28,Bunny Is A Rider,Caroline Polachek,"Desire, I Want To Turn Into You"
2025-02-09T00:53:16Z,February,2,9,00:53:16,Apple,Charli xcx,BRAT
2025-02-09T00:56:04Z,February,2,9,00:56:04,Von dutch a. g. cook remix featuring addison rae,Charli xcx,Brat and it’s completely different but also still brat
2025-02-09T01:00:01Z,February,2,9,01:00:01,Diet Pepsi,Addison Rae,Diet Pepsi
2025-02-09T01:03:36Z,February,2,9,01:03:36,Lucky Strike,Troye Sivan,Bloom
2025-02-09T01:08:00Z,February,2,9,01:08:00,Impossible,Clairo,Immunity
2025-02-09T01:10:43Z,February,2,9,01:10:43,Boys,Charli xcx,Boys
2025-02-09T01:38:29Z,February,2,9,01:38:29,Paper Gangsta,Lady Gaga,The Fame
2025-02-09T01:41:25Z,February,2,9,01:41:25,Toro,Remi Wolf,Big Ideas
2025-02-09T01:45:31Z,February,2,9,01:45:31,Cinderella,Remi Wolf,Big Ideas
2025-02-09T01:48:08Z,February,2,9,01:48:08,Alone in Miami,Remi Wolf,Big Ideas
2025-02-09T02:17:25Z,February,2,9,02:17:25,S&M,Rihanna,Loud
2025-02-09T02:21:48Z,February,2,9,02:21:48,It's a Mirror,Perfume Genius,It's a Mirror
2025-02-09T02:27:34Z,February,2,9,02:27:34,Sick To My Stomach,Rebecca Black,Let Her Burn
2025-02-09T02:31:02Z,February,2,9,02:31:02,Crumbs,Rebecca Black,Let Her Burn
2025-02-09T02:35:03Z,February,2,9,02:35:03,Mi Último Deseo,BamBam,BAMESIS
2025-02-09T02:38:36Z,February,2,9,02:38:36,TT,TWICE,Twicecoaster: Lane 1
2025-02-09T02:42:09Z,February,2,9,02:42:09,Piece of Me,Britney Spears,Blackout
2025-02-09T02:44:27Z,February,2,9,02:44:27,Rockstar,LISA,Rockstar
2025-02-09T02:49:22Z,February,2,9,02:49:22,Golden,Harry Styles,Fine Line
2025-02-09T02:52:27Z,February,2,9,02:52:27,Stereo Love,Edward Maya,Stereo Love
2025-02-09T02:55:34Z,February,2,9,02:55:34,BITCH (takes one to know one),Lennon Stella,BITCH (takes one to know one)
2025-02-09T02:58:00Z,February,2,9,02:58:00,Gonna Bleach My Eyebrows,Alemeda,Gonna Bleach My Eyebrows
2025-02-09T03:00:27Z,February,2,9,03:00:27,Turn it up,PinkPantheress,Turn it up
2025-02-09T03:03:04Z,February,2,9,03:03:04,Miss Carolina,Groupthink,Miss Carolina
2025-02-09T03:06:56Z,February,2,9,03:06:56,Born Again (feat. Doja Cat & RAYE),LISA,Born Again (feat. Doja Cat & RAYE)
2025-02-09T03:09:44Z,February,2,9,03:09:44,Butterfly,UMI,Butterfly
2025-02-09T03:13:07Z,February,2,9,03:13:07,Brave,TWICE,BETWEEN 1&2
2025-02-09T03:38:10Z,February,2,9,03:38:10,Don't Call,Daya,Don't Call
2025-02-09T03:42:13Z,February,2,9,03:42:13,Lights Low,Madison,The Noise Some People Make - EP
2025-02-09T05:11:26Z,February,2,9,05:11:26,Secrets from a Girl (Who's Seen it All),Lorde,Solar Power
2025-02-09T06:55:50Z,February,2,9,06:55:50,pretty isn’t pretty,Olivia Rodrigo,GUTS
2025-02-09T07:01:18Z,February,2,9,07:01:18,BATTLE OF THE LARYNX,Melanie Martinez,PORTALS
2025-02-09T07:06:25Z,February,2,9,07:06:25,NYMPHOLOGY,Melanie Martinez,PORTALS
2025-02-09T07:12:57Z,February,2,9,07:12:57,Happiness,The 1975,Being Funny In A Foreign Language
2025-02-09T07:18:10Z,February,2,9,07:18:10,She's American,The 1975,"I like it when you sleep, for you are so beautiful yet so unaware of it"
2025-02-09T07:22:19Z,February,2,9,07:22:19,The Sound,The 1975,"I like it when you sleep, for you are so beautiful yet so unaware of it"
2025-02-09T07:25:48Z,February,2,9,07:25:48,TOOTIMETOOTIMETOOTIME,The 1975,A Brief Inquiry Into Online Relationships
2025-02-09T08:06:43Z,February,2,9,08:06:43,Then Because She Goes,The 1975,Notes On A Conditional Form
2025-02-09T08:10:34Z,February,2,9,08:10:34,Me & You Together Song,The 1975,Notes On A Conditional Form
2025-02-09T08:16:54Z,February,2,9,08:16:54,you once said my name for the first time,2hollis,boy
2025-02-09T08:18:51Z,February,2,9,08:18:51,say it,2hollis,boy
2025-02-09T08:22:01Z,February,2,9,08:22:01,teenage soldier,2hollis,boy
2025-02-09T08:24:24Z,February,2,9,08:24:24,lie,2hollis,boy
2025-02-09T08:26:59Z,February,2,9,08:26:59,gold,2hollis,gold
2025-02-09T08:29:11Z,February,2,9,08:29:11,trauma,2hollis,trauma
2025-02-09T08:32:10Z,February,2,9,08:32:10,afraid (feat. nate sib),2hollis,afraid (feat. nate sib)
2025-02-09T08:35:03Z,February,2,9,08:35:03,I got it bad,Addison Rae,AR
2025-02-09T08:39:57Z,February,2,9,08:39:57,2 die 4 (feat. Charli XCX),Addison Rae,AR
2025-02-09T08:52:22Z,February,2,9,08:52:22,Weird World,Allie X,Girl With No Face
2025-02-09T08:56:31Z,February,2,9,08:56:31,Knew Better / Forever Boy,Ariana Grande,Dangerous Woman
2025-02-09T08:59:58Z,February,2,9,08:59:58,SHEESH,BABYMONSTER,BABYMONS7ER
2025-02-09T09:04:33Z,February,2,9,09:04:33,Un Ratito,Bad Bunny,Un Verano Sin Ti
2025-02-09T09:05:25Z,February,2,9,09:05:25,Un Ratito,Bad Bunny,Un Verano Sin Ti
2025-02-09T09:08:31Z,February,2,9,09:08:31,Tarot,Bad Bunny,Un Verano Sin Ti
2025-02-09T09:13:20Z,February,2,9,09:13:20,Safaera,Bad Bunny,YHLQMDLG
2025-02-09T09:17:55Z,February,2,9,09:17:55,Beaches,beabadoobee,This Is How Tomorrow Moves
2025-02-09T09:20:22Z,February,2,9,09:20:22,beautiful waste,Beauty School Dropout,beautiful waste
2025-02-09T09:22:04Z,February,2,9,09:22:04,Slipping Away,Beauty School Dropout,BOYS DO CRY
2025-02-09T09:23:16Z,February,2,9,09:23:16,Coming Down,Beauty School Dropout,BOYS DO CRY
2025-02-09T09:24:00Z,February,2,9,09:24:00,Make It Through the Night,Beauty School Dropout,Make It Through the Night
2025-02-09T09:25:49Z,February,2,9,09:25:49,WE MADE PLANS & GOD LAUGHED,Beauty School Dropout,WE MADE PLANS & GOD LAUGHED
2025-02-09T09:28:10Z,February,2,9,09:28:10,ALMOST FAMOUS feat. Mark Hoppus,Beauty School Dropout,WE MADE PLANS & GOD LAUGHED
2025-02-09T09:29:41Z,February,2,9,09:29:41,Sacrifice,Bebe Rexha,Sacrifice
2025-02-09T09:36:44Z,February,2,9,09:36:44,WILDFLOWER,Billie Eilish,HIT ME HARD AND SOFT
2025-02-09T09:38:32Z,February,2,9,09:38:32,Crazy Over You,BLACKPINK,THE ALBUM
2025-02-09T09:39:32Z,February,2,9,09:39:32,Love To Hate Me,BLACKPINK,THE ALBUM
2025-02-09T09:41:28Z,February,2,9,09:41:28,Yeah Yeah Yeah,BLACKPINK,BORN PINK
2025-02-09T09:42:15Z,February,2,9,09:42:15,Tally,BLACKPINK,BORN PINK
2025-02-09T09:45:42Z,February,2,9,09:45:42,WHISTLE,BLACKPINK,SQUARE ONE
2025-02-09T09:46:13Z,February,2,9,09:46:13,PLAYING WITH FIRE,BLACKPINK,SQUARE TWO
2025-02-09T09:46:48Z,February,2,9,09:46:48,DDU-DU DDU-DU,BLACKPINK,SQUARE UP
2025-02-09T09:50:10Z,February,2,9,09:50:10,THE PPL I'VE BEEN,Brevin Kim,THE PPL I'VE BEEN
2025-02-09T10:22:52Z,February,2,9,10:22:52,Side Effects,Carlie Hanson,DestroyDestroyDestroyDestroy
2025-02-09T10:25:26Z,February,2,9,10:25:26,WYA,Carlie Hanson,Junk
2025-02-09T10:28:17Z,February,2,9,10:28:17,Hopelessness,Carlie Hanson,Wisconsin
2025-02-09T10:52:32Z,February,2,9,10:52:32,Next Level Charli,Charli xcx,Charli
2025-02-09T10:56:37Z,February,2,9,10:56:37,Click (feat. Kim Petras and Tommy Cash),Charli xcx,Charli
2025-02-09T11:00:23Z,February,2,9,11:00:23,Warm (feat. HAIM),Charli xcx,Charli
2025-02-09T11:06:29Z,February,2,9,11:06:29,Crash,Charli xcx,CRASH
2025-02-09T11:14:22Z,February,2,9,11:14:22,360 featuring robyn & yung lean,Charli xcx,Brat and it’s completely different but also still brat
2025-02-09T11:18:48Z,February,2,9,11:18:48,Talk talk featuring troye sivan,Charli xcx,Brat and it’s completely different but also still brat
2025-02-09T11:20:59Z,February,2,9,11:20:59,Speed Drive (From Barbie The Album),Charli xcx,Speed Drive (From Barbie The Album)
2025-02-09T11:23:48Z,February,2,9,11:23:48,Spinning (with Charli XCX & The 1975),No Rome,Spinning (A. G. Cook Remixes)
2025-02-09T11:34:30Z,February,2,9,11:34:30,4EVER,Clairo,4EVER
2025-02-09T22:19:06Z,February,2,9,22:19:06,The Hills (feat. DEELA) - George Daniel Remix,Coco & Clair Clair,The Hills
2025-02-10T00:08:50Z,February,2,10,00:08:50,1999 - EASYFUN Remix,Charli xcx,1999
2025-02-10T00:13:01Z,February,2,10,00:13:01,Bunny Is A Rider - Nikki Nair 'Satellite' Remix,Caroline Polachek,Bunny Is A Rider
2025-02-10T00:18:50Z,February,2,10,00:18:50,Beautiful,A. G. Cook,"PC Music, Vol. 1"
2025-02-10T00:22:02Z,February,2,10,00:22:02,Spinning (with Charli XCX & The 1975) (A. G. Cook Remix),Charli xcx,Spinning (A. G. Cook Remixes)
2025-02-10T00:25:03Z,February,2,10,00:25:03,Smart,LE SSERAFIM,EASY
2025-02-10T00:28:12Z,February,2,10,00:28:12,ANTIFRAGILE,LE SSERAFIM,UNFORGIVEN
2025-02-10T00:31:54Z,February,2,10,00:31:54,Perfect Places,Lorde,Melodrama
2025-02-10T00:37:32Z,February,2,10,00:37:32,Heartache,A. G. Cook,Britpop
2025-02-10T00:40:57Z,February,2,10,00:40:57,I'm a Slave 4 U,Britney Spears,Britney (Digital Deluxe Version)
2025-02-10T00:43:24Z,February,2,10,00:43:24,can friends kiss?,Camila Cabello,"C,XOXO"
2025-02-10T00:46:40Z,February,2,10,00:46:40,Brave,TWICE,BETWEEN 1&2
2025-02-10T00:49:35Z,February,2,10,00:49:35,HARD,SOPHIE,HARD
2025-02-10T00:50:14Z,February,2,10,00:50:14,Is It Cold In The Water?,SOPHIE,OIL OF EVERY PEARL'S UN-INSIDES
2025-02-10T00:53:00Z,February,2,10,00:53:00,Nothing On (But The Radio),Addison Rae,AR
2025-02-10T00:55:52Z,February,2,10,00:55:52,Open Up,UMI,Introspection
2025-02-10T00:59:42Z,February,2,10,00:59:42,Supernatural,ITZY,GOLD
2025-02-10T01:03:12Z,February,2,10,01:03:12,SHYPOP,ISOxo,kidsgonemad!
2025-02-10T01:07:14Z,February,2,10,01:07:14,GODSPEED,Camila Cabello,"C,XOXO"
2025-02-10T01:09:29Z,February,2,10,01:09:29,Obsessed,Addison Rae,Obsessed
2025-02-10T01:13:01Z,February,2,10,01:13:01,Tennis Court,Lorde,Pure Heroine
2025-02-10T01:17:34Z,February,2,10,01:17:34,The Weekend,SZA,Ctrl
2025-02-10T01:20:47Z,February,2,10,01:20:47,Viola,Yves,I Did
2025-02-10T01:24:41Z,February,2,10,01:24:41,Warm (feat. HAIM),Charli xcx,Charli
2025-02-10T01:28:31Z,February,2,10,01:28:31,Get Back,Britney Spears,Blackout
2025-02-10T01:31:37Z,February,2,10,01:31:37,Je T'Adore,Kim Petras,Problématique
2025-02-10T01:33:57Z,February,2,10,01:33:57,Good Time,The Dare,What's Wrong With New York?
2025-02-10T01:36:14Z,February,2,10,01:36:14,Girls,The Dare,What's Wrong With New York?
2025-02-10T01:38:36Z,February,2,10,01:38:36,I Destroyed Disco,The Dare,What's Wrong With New York?
2025-02-10T01:42:34Z,February,2,10,01:42:34,Elevation,The Dare,What's Wrong With New York?
2025-02-10T01:44:11Z,February,2,10,01:44:11,Movement,The Dare,What's Wrong With New York?
2025-02-10T01:46:55Z,February,2,10,01:46:55,SUBSTANCE,Demi Lovato,HOLY FVCK
2025-02-10T01:51:33Z,February,2,10,01:51:33,Government Hooker,Lady Gaga,Born This Way
2025-02-10T18:32:02Z,February,2,10,18:32:02,rom com 2004,Soccer Mommy,rom com 2004
2025-02-10T18:36:44Z,February,2,10,18:36:44,Paper Gangsta,Lady Gaga,The Fame
2025-02-10T18:40:24Z,February,2,10,18:40:24,Starstruck,Lady Gaga,The Fame
2025-02-10T18:43:57Z,February,2,10,18:43:57,Closer To You,Clairo,Immunity
2025-02-10T19:04:29Z,February,2,10,19:04:29,Aquamarine,Addison Rae,Aquamarine
2025-02-10T19:05:19Z,February,2,10,19:05:19,Rush,Troye Sivan,Something To Give Each Other
2025-02-10T19:08:44Z,February,2,10,19:08:44,Apple,Charli xcx,BRAT
2025-02-10T19:14:40Z,February,2,10,19:14:40,Striptease,FKA twigs,EUSEXUA
2025-02-10T19:17:53Z,February,2,10,19:17:53,Sugar Water Cyanide,Rebecca Black,Sugar Water Cyanide
2025-02-10T23:21:37Z,February,2,10,23:21:37,10:36,beabadoobee,Beatopia
2025-02-10T23:26:40Z,February,2,10,23:26:40,Born Again (feat. Doja Cat & RAYE),LISA,Born Again (feat. Doja Cat & RAYE)
2025-02-10T23:30:23Z,February,2,10,23:30:23,Yeah Yeah Yeah,BLACKPINK,BORN PINK
2025-02-10T23:34:22Z,February,2,10,23:34:22,Blue Flame (2023 Ver.),LE SSERAFIM,UNFORGIVEN
2025-02-10T23:38:22Z,February,2,10,23:38:22,Dreamer - Compound Version,Charli xcx,Number 1 Angel
2025-02-10T23:41:12Z,February,2,10,23:41:12,February 2017 (feat. Clairo and Yaeji),Charli xcx,Charli
2025-02-11T00:33:30Z,February,2,11,00:33:30,BATTLE OF THE LARYNX,Melanie Martinez,PORTALS
2025-02-11T00:36:27Z,February,2,11,00:36:27,Diet Pepsi,Addison Rae,Aquamarine
2025-02-11T00:40:40Z,February,2,11,00:40:40,Warm (feat. HAIM),Charli xcx,Charli
2025-02-11T00:44:04Z,February,2,11,00:44:04,CRY FOR ME,TWICE,CRY FOR ME
2025-02-11T00:47:16Z,February,2,11,00:47:16,Your Love Is My Drug,Kesha,Animal (Expanded Edition)
2025-02-11T00:50:26Z,February,2,11,00:50:26,Loba,Shakira,She Wolf (Expanded Edition)
2025-02-11T00:53:19Z,February,2,11,00:53:19,Nothing On (But The Radio),Addison Rae,AR
2025-02-11T00:57:21Z,February,2,11,00:57:21,Radar,Britney Spears,Blackout
2025-02-11T05:08:48Z,February,2,11,05:08:48,Circus,Britney Spears,Circus (Deluxe Version)
2025-02-11T05:13:50Z,February,2,11,05:13:50,ALIEN SUPERSTAR,Beyoncé,RENAISSANCE
2025-02-11T05:17:23Z,February,2,11,05:17:23,LALISA,LISA,LALISA
2025-02-11T05:21:37Z,February,2,11,05:21:37,how2fly,ISOxo,kidsgonemad!
2025-02-11T05:25:26Z,February,2,11,05:25:26,Hold It Against Me,Britney Spears,Femme Fatale (Deluxe Version)
2025-02-11T05:29:20Z,February,2,11,05:29:20,1999 - EASYFUN Remix,Charli xcx,1999
2025-02-11T05:33:53Z,February,2,11,05:33:53,Dress You Up,Madonna,Like a Virgin
2025-02-11T05:37:38Z,February,2,11,05:37:38,Piece of Me,Britney Spears,Blackout
2025-02-11T05:40:56Z,February,2,11,05:40:56,Sober,Lorde,Melodrama
2025-02-11T05:45:22Z,February,2,11,05:45:22,Paparazzi,Lady Gaga,The Fame
2025-02-11T05:49:36Z,February,2,11,05:49:36,visions,Charli xcx,how i'm feeling now
2025-02-11T05:52:30Z,February,2,11,05:52:30,CRAZY,LE SSERAFIM,CRAZY
2025-02-11T05:54:48Z,February,2,11,05:54:48,Rockstar,LISA,Rockstar
2025-02-11T05:59:02Z,February,2,11,05:59:02,Dreamer - Compound Version,Charli xcx,Number 1 Angel
2025-02-11T06:02:31Z,February,2,11,06:02:31,Silver Cross,Charli xcx,Charli
2025-02-11T17:20:42Z,February,2,11,17:20:42,Born Again (feat. Doja Cat & RAYE),LISA,Born Again (feat. Doja Cat & RAYE)
2025-02-11T17:23:36Z,February,2,11,17:23:36,Alone in Miami,Remi Wolf,Big Ideas
2025-02-11T17:28:56Z,February,2,11,17:28:56,Kids,MGMT,Oracular Spectacular
2025-02-11T18:51:43Z,February,2,11,18:51:43,Boys Night,Brevin Kim,DOG HEAD
2025-02-11T18:54:35Z,February,2,11,18:54:35,Diet Pepsi,Addison Rae,Aquamarine
2025-02-11T18:57:47Z,February,2,11,18:57:47,anthems,Charli xcx,how i'm feeling now
2025-02-11T19:02:15Z,February,2,11,19:02:15,Reason Why (feat. Kim Petras and BC Kingdom),SOPHIE,Reason Why (feat. Kim Petras and BC Kingdom)
2025-02-11T19:07:49Z,February,2,11,19:07:49,Warm (feat. HAIM),Charli xcx,Charli
2025-02-11T19:11:16Z,February,2,11,19:11:16,Yeah Yeah Yeah,BLACKPINK,BORN PINK
2025-02-11T21:03:57Z,February,2,11,21:03:57,I'm a Slave 4 U,Britney Spears,Britney (Digital Deluxe Version)
2025-02-11T21:07:22Z,February,2,11,21:07:22,Yeah Yeah Yeah,BLACKPINK,BORN PINK
2025-02-11T21:10:59Z,February,2,11,21:10:59,Pretty Savage,BLACKPINK,THE ALBUM
2025-02-11T21:15:15Z,February,2,11,21:15:15,I Believe,Caroline Polachek,"Desire, I Want To Turn Into You"
2025-02-11T21:19:41Z,February,2,11,21:19:41,how2fly,ISOxo,kidsgonemad!
2025-02-11T21:24:02Z,February,2,11,21:24:02,Be a Body,Grimes,Visions
2025-02-11T21:26:39Z,February,2,11,21:26:39,Von dutch a. g. cook remix featuring addison rae,Charli xcx,Brat and it’s completely different but also still brat
2025-02-11T21:31:36Z,February,2,11,21:31:36,Click (feat. Kim Petras and Tommy Cash),Charli xcx,Charli
2025-02-11T21:37:25Z,February,2,11,21:37:25,BATTLE OF THE LARYNX,Melanie Martinez,PORTALS
2025-02-11T21:41:46Z,February,2,11,21:41:46,Bags,Clairo,Immunity
2025-02-11T21:46:29Z,February,2,11,21:46:29,WILDFLOWER,Billie Eilish,HIT ME HARD AND SOFT
2025-02-11T21:50:45Z,February,2,11,21:50:45,Dress You Up,Madonna,Like a Virgin
2025-02-11T21:54:20Z,February,2,11,21:54:20,Porsche (feat. MØ),Charli xcx,Pop 2
2025-02-11T21:57:18Z,February,2,11,21:57:18,Roll Up,BLACKSWAN,Roll Up
2025-02-11T22:38:54Z,February,2,11,22:38:54,New Woman (feat. ROSALÍA),LISA,New Woman (feat. ROSALÍA)
2025-02-11T22:42:49Z,February,2,11,22:42:49,February 2017 (feat. Clairo and Yaeji),Charli xcx,Charli
2025-02-11T22:47:41Z,February,2,11,22:47:41,Dreamer - Compound Version,Charli xcx,Number 1 Angel
2025-02-11T22:52:29Z,February,2,11,22:52:29,Paper Gangsta,Lady Gaga,The Fame
2025-02-11T22:54:35Z,February,2,11,22:54:35,365 featuring shygirl,Charli xcx,Brat and it’s completely different but also still brat
2025-02-11T22:58:02Z,February,2,11,22:58:02,Hot as Ice,Britney Spears,Blackout
2025-02-11T23:01:37Z,February,2,11,23:01:37,Piece of Me,Britney Spears,Blackout
2025-02-11T23:05:30Z,February,2,11,23:05:30,Paradise (feat. Hannah Diamond),Charli xcx,Vroom Vroom EP
2025-02-11T23:09:00Z,February,2,11,23:09:00,Screen Cleaner,George Daniel,Screen Cleaner
2025-02-11T23:12:20Z,February,2,11,23:12:20,Aquamarine,Addison Rae,Aquamarine
2025-02-11T23:15:07Z,February,2,11,23:15:07,Look At Her Now,Selena Gomez,Rare
2025-02-11T23:17:35Z,February,2,11,23:17:35,Spring breakers,Charli xcx,Brat and it’s the same but there’s three more songs so it’s not
2025-02-11T23:20:53Z,February,2,11,23:20:53,HOT,SEVENTEEN,SEVENTEEN 4th Album 'Face the Sun'
2025-02-11T23:24:50Z,February,2,11,23:24:50,3,Britney Spears,The Singles Collection
2025-02-11T23:27:53Z,February,2,11,23:27:53,Perfect Lover,Britney Spears,Blackout
2025-02-11T23:32:55Z,February,2,11,23:32:55,Boys Boys Boys,Lady Gaga,The Fame
2025-02-11T23:37:34Z,February,2,11,23:37:34,Selfish Girl,Charli xcx,CRASH
2025-02-11T23:40:01Z,February,2,11,23:40:01,Move Me,Charli xcx,CRASH
2025-02-11T23:43:23Z,February,2,11,23:43:23,pretty isn’t pretty,Olivia Rodrigo,GUTS
2025-02-11T23:46:33Z,February,2,11,23:46:33,Brave,TWICE,BETWEEN 1&2
2025-02-11T23:50:32Z,February,2,11,23:50:32,Fallen Fruit,Lorde,Solar Power
2025-02-11T23:53:38Z,February,2,11,23:53:38,Je T'Adore,Kim Petras,Problématique
2025-02-11T23:56:57Z,February,2,11,23:56:57,Got Me Started,Troye Sivan,Something To Give Each Other
2025-02-12T00:00:27Z,February,2,12,00:00:27,Blueberry Pancakes,Carlie Hanson,Wisconsin
2025-02-12T00:03:22Z,February,2,12,00:03:22,Sympathy is a knife,Charli xcx,BRAT
2025-02-12T00:06:15Z,February,2,12,00:06:15,26,Lauv,26
2025-02-12T00:11:11Z,February,2,12,00:11:11,Get Naked (I Got a Plan),Britney Spears,Blackout
2025-02-12T00:16:55Z,February,2,12,00:16:55,BLUE,Billie Eilish,HIT ME HARD AND SOFT
2025-02-12T00:21:55Z,February,2,12,00:21:55,Off To The Races,Lana Del Rey,Born To Die - The Paradise Edition
2025-02-12T00:25:05Z,February,2,12,00:25:05,Homemade Dynamite,Lorde,Melodrama
2025-02-12T00:29:53Z,February,2,12,00:29:53,Delicious (feat. Tommy Cash),Charli xcx,Pop 2
2025-02-12T00:30:31Z,February,2,12,00:30:31,Last Friday Night (T.G.I.F.),Katy Perry,Teenage Dream
2025-02-12T00:34:26Z,February,2,12,00:34:26,Bunny Is A Rider - Nikki Nair 'Satellite' Remix,Caroline Polachek,Bunny Is A Rider
2025-02-12T00:39:48Z,February,2,12,00:39:48,Change,Lana Del Rey,Lust For Life
2025-02-12T00:43:28Z,February,2,12,00:43:28,Hello goodbye,Charli xcx,Brat and it’s the same but there’s three more songs so it’s not
2025-02-12T00:47:06Z,February,2,12,00:47:06,Hillside Boys,Kim Petras,Hillside Boys
2025-02-12T00:49:58Z,February,2,12,00:49:58,Don′t,LEE CHAE YEON,SHOWDOWN
2025-02-12T00:54:36Z,February,2,12,00:54:36,Backseat (feat. Carly Rae Jepsen),Charli xcx,Pop 2
2025-02-12T00:57:45Z,February,2,12,00:57:45,JUST LIKE WE NEVER SAID GOODBYE,SOPHIE,JUST LIKE WE NEVER SAID GOODBYE
2025-02-12T01:01:15Z,February,2,12,01:01:15,When The Sun Goes Down,Selena Gomez & The Scene,When The Sun Goes Down
2025-02-12T01:04:11Z,February,2,12,01:04:11,Freakshow,Britney Spears,Blackout
2025-02-12T01:07:11Z,February,2,12,01:07:11,B2b,Charli xcx,BRAT
2025-02-12T01:11:38Z,February,2,12,01:11:38,Perfect Places,Lorde,Melodrama
2025-02-12T01:15:49Z,February,2,12,01:15:49,I might say something stupid featuring the 1975 & jon hopkins,Charli xcx,Brat and it’s completely different but also still brat
2025-02-12T01:19:48Z,February,2,12,01:19:48,Weird World,Allie X,Girl With No Face
2025-02-12T03:47:07Z,February,2,12,03:47:07,Reason,PinkPantheress,to hell with it
2025-02-12T17:25:30Z,February,2,12,17:25:30,Alone in Miami,Remi Wolf,Big Ideas
2025-02-12T17:30:20Z,February,2,12,17:30:20,Striptease,FKA twigs,EUSEXUA
2025-02-12T17:35:10Z,February,2,12,17:35:10,Circumambient,Grimes,Visions
2025-02-12T18:08:20Z,February,2,12,18:08:20,Paper Gangsta,Lady Gaga,The Fame
2025-02-12T18:59:35Z,February,2,12,18:59:35,rom com 2004,Soccer Mommy,rom com 2004
2025-02-12T19:02:51Z,February,2,12,19:02:51,JUST LIKE WE NEVER SAID GOODBYE,SOPHIE,JUST LIKE WE NEVER SAID GOODBYE
2025-02-12T19:07:23Z,February,2,12,19:07:23,Reason Why (feat. Kim Petras and BC Kingdom),SOPHIE,Reason Why (feat. Kim Petras and BC Kingdom)
2025-02-12T19:10:46Z,February,2,12,19:10:46,Knuckle Velvet,Ethel Cain,Golden Age
2025-02-12T19:44:15Z,February,2,12,19:44:15,Bunny Is A Rider,Caroline Polachek,"Desire, I Want To Turn Into You"
2025-02-12T19:47:14Z,February,2,12,19:47:14,Yeah Yeah Yeah,BLACKPINK,BORN PINK
2025-02-12T19:53:54Z,February,2,12,19:53:54,Pretty Savage,BLACKPINK,THE ALBUM
2025-02-13T01:10:13Z,February,2,13,01:10:13,Diet Pepsi,Addison Rae,Aquamarine
2025-02-13T04:11:33Z,February,2,13,04:11:33,Circus,Britney Spears,Circus (Deluxe Version)
2025-02-13T04:14:11Z,February,2,13,04:14:11,Next Level Charli,Charli xcx,Charli
2025-02-13T04:17:37Z,February,2,13,04:17:37,Lovesick Girls,BLACKPINK,THE ALBUM
2025-02-13T04:21:06Z,February,2,13,04:21:06,XO Call Me,VCHA,Girls of the Year
2025-02-13T04:25:30Z,February,2,13,04:25:30,Radar,Britney Spears,Blackout
2025-02-13T04:28:54Z,February,2,13,04:28:54,iScream,Deaton Chris Anthony,iScream
2025-02-13T04:32:06Z,February,2,13,04:32:06,Viola,Yves,I Did
2025-02-13T04:35:07Z,February,2,13,04:35:07,June Gloom,Camila Cabello,"C,XOXO"
2025-02-13T04:38:17Z,February,2,13,04:38:17,Brave,TWICE,BETWEEN 1&2
2025-02-13T04:42:21Z,February,2,13,04:42:21,forever,Charli xcx,how i'm feeling now
2025-02-13T04:45:36Z,February,2,13,04:45:36,10:36,beabadoobee,Beatopia
2025-02-13T04:49:30Z,February,2,13,04:49:30,Unlock it (Lock It) - feat. Kim Petras and Jay Park,Charli xcx,Pop 2
2025-02-13T04:51:53Z,February,2,13,04:51:53,Thousand Pieces,Kim Petras,Feed The Beast
2025-02-13T04:55:42Z,February,2,13,04:55:42,Hold It Against Me,Britney Spears,Femme Fatale (Deluxe Version)
2025-02-13T04:58:47Z,February,2,13,04:58:47,Closer To You,Clairo,Immunity
2025-02-13T05:02:39Z,February,2,13,05:02:39,We Can't Stop,Miley Cyrus,Bangerz (Deluxe Version)
2025-02-13T05:03:24Z,February,2,13,05:03:24,Is It Cold In The Water?,SOPHIE,OIL OF EVERY PEARL'S UN-INSIDES
2025-02-13T05:07:46Z,February,2,13,05:07:46,Coachella - Woodstock In My Mind,Lana Del Rey,Lust For Life
2025-02-13T06:08:45Z,February,2,13,06:08:45,Hot as Ice,Britney Spears,Blackout
2025-02-13T06:12:32Z,February,2,13,06:12:32,UFO,f5ve,UFO
2025-02-13T06:18:48Z,February,2,13,06:18:48,BLUE,Billie Eilish,HIT ME HARD AND SOFT
2025-02-13T06:22:14Z,February,2,13,06:22:14,Tennis Court,Lorde,Pure Heroine
2025-02-13T06:25:48Z,February,2,13,06:25:48,1999 - EASYFUN Remix,Charli xcx,1999
2025-02-13T06:30:56Z,February,2,13,06:30:56,Hair,Lady Gaga,Born This Way
2025-02-13T06:35:05Z,February,2,13,06:35:05,Thinking About You (feat. Ayah Marar),Calvin Harris,18 Months
2025-02-13T06:40:50Z,February,2,13,06:40:50,Coma,Caroline Polachek,"Desire, I Want To Turn Into You: Everasking Edition"
2025-02-13T06:43:57Z,February,2,13,06:43:57,No One Dies From Love,Tove Lo,Dirt Femme
2025-02-13T06:47:53Z,February,2,13,06:47:53,As If It's Your Last,BLACKPINK,As If It's Your Last
2025-02-13T06:52:08Z,February,2,13,06:52:08,Dress You Up,Madonna,Like a Virgin
2025-02-13T06:55:28Z,February,2,13,06:55:28,Homemade Dynamite,Lorde,Melodrama
2025-02-13T06:58:17Z,February,2,13,06:58:17,Club classics,Charli xcx,BRAT
2025-02-13T06:59:38Z,February,2,13,06:59:38,say it,2hollis,boy
2025-02-13T07:03:23Z,February,2,13,07:03:23,Tenemos Que Hablar,Bad Bunny,X 100PRE
2025-02-13T07:07:30Z,February,2,13,07:07:30,You Make Me Feel... (feat. Sabi),Cobra Starship,Night Shades
2025-02-13T07:10:13Z,February,2,13,07:10:13,Aquamarine,Addison Rae,Aquamarine
2025-02-13T07:13:13Z,February,2,13,07:13:13,SNEAKERS,ITZY,CHECKMATE
2025-02-13T07:16:08Z,February,2,13,07:16:08,Club classics featuring bb trickz,Charli xcx,Brat and it’s completely different but also still brat
2025-02-13T07:18:46Z,February,2,13,07:18:46,Obsessed,Addison Rae,Obsessed
2025-02-13T07:22:33Z,February,2,13,07:22:33,In The Dark,DEV,The Night The Sun Came Up
2025-02-13T07:23:06Z,February,2,13,07:23:06,4ÆM,Grimes,Miss Anthropocene
2025-02-13T07:26:46Z,February,2,13,07:26:46,I'm a Slave 4 U,Britney Spears,Britney (Digital Deluxe Version)
2025-02-13T07:29:28Z,February,2,13,07:29:28,Queencard,(G)I-DLE,I feel
2025-02-13T07:31:34Z,February,2,13,07:31:34,2 die 4 (feat. Charli XCX),Addison Rae,AR
2025-02-13T07:34:33Z,February,2,13,07:34:33,Sympathy is a knife featuring ariana grande,Charli xcx,Brat and it’s completely different but also still brat
2025-02-13T07:36:06Z,February,2,13,07:36:06,love is embarrassing,Olivia Rodrigo,GUTS
2025-02-13T07:41:22Z,February,2,13,07:41:22,Kids,MGMT,Oracular Spectacular
2025-02-13T07:45:19Z,February,2,13,07:45:19,Warm (feat. HAIM),Charli xcx,Charli
2025-02-13T07:48:03Z,February,2,13,07:48:03,All Eyes On Me,JISOO,ME
2025-02-13T07:51:28Z,February,2,13,07:51:28,365,Charli xcx,BRAT
2025-02-13T07:54:30Z,February,2,13,07:54:30,Yeah Yeah Yeah,BLACKPINK,BORN PINK
2025-02-13T07:58:14Z,February,2,13,07:58:14,volc3,George Daniel,volc3
2025-02-13T07:59:46Z,February,2,13,07:59:46,Butt Slutt,Kim Petras,Slut Pop Miami
2025-02-13T08:03:11Z,February,2,13,08:03:11,All I Do Is Cry,Kim Petras,Clarity
2025-02-13T08:07:44Z,February,2,13,08:07:44,Delicious (feat. Tommy Cash),Charli xcx,Pop 2
2025-02-13T08:11:14Z,February,2,13,08:11:14,New Woman (feat. ROSALÍA),LISA,New Woman (feat. ROSALÍA)
2025-02-13T08:14:27Z,February,2,13,08:14:27,Team,Lorde,Pure Heroine
2025-02-13T08:18:55Z,February,2,13,08:18:55,Spiderwebs,No Doubt,Tragic Kingdom
2025-02-13T08:19:39Z,February,2,13,08:19:39,22 (Taylor's Version),Taylor Swift,Red (Taylor's Version)
2025-02-13T08:22:48Z,February,2,13,08:22:48,Constant Repeat,Charli xcx,CRASH
2025-02-13T08:26:18Z,February,2,13,08:26:18,Cry for You,September,Dancing Shoes
2025-02-13T08:29:46Z,February,2,13,08:29:46,My Dilemma,Selena Gomez & The Scene,When The Sun Goes Down
2025-02-13T08:32:41Z,February,2,13,08:32:41,Midnight Rain,Taylor Swift,Midnights
2025-02-13T08:35:58Z,February,2,13,08:35:58,Paris,Taylor Swift,Midnights
2025-02-13T08:40:07Z,February,2,13,08:40:07,White Ferrari,Frank Ocean,Blonde
2025-02-13T08:44:15Z,February,2,13,08:44:15,Maroon,Taylor Swift,Midnights
2025-02-13T08:47:02Z,February,2,13,08:47:02,Boys Night,Brevin Kim,DOG HEAD
2025-02-13T08:51:22Z,February,2,13,08:51:22,Ribs,Lorde,Pure Heroine
2025-02-13T08:54:54Z,February,2,13,08:54:54,Live For Me,Omar Apollo,Live For Me
2025-02-13T08:57:29Z,February,2,13,08:57:29,Super Shy,NewJeans,NewJeans 2nd EP 'Get Up'
2025-02-13T09:01:14Z,February,2,13,09:01:14,You'll Always Find Your Way Back Home,Hannah Montana,Hannah Montana The Movie
2025-02-13T09:03:47Z,February,2,13,09:03:47,Ghost,Justin Bieber,Justice
2025-02-13T09:06:55Z,February,2,13,09:06:55,What A Heavenly Way To Die,Troye Sivan,Bloom
2025-02-13T09:09:55Z,February,2,13,09:09:55,Welcome To My Island,Caroline Polachek,"Desire, I Want To Turn Into You"
2025-02-13T09:13:03Z,February,2,13,09:13:03,Sober II (Melodrama),Lorde,Melodrama
2025-02-13T09:13:36Z,February,2,13,09:13:36,I Want That,(G)I-DLE,HEAT
2025-02-13T09:18:45Z,February,2,13,09:18:45,Striptease,FKA twigs,EUSEXUA
2025-02-13T09:22:55Z,February,2,13,09:22:55,Casanova,Allie X,CollXtion II
2025-02-13T09:26:31Z,February,2,13,09:26:31,Better Off Alone,Alice Deejay,Who Needs Guitars Anyway?
2025-02-13T09:28:28Z,February,2,13,09:28:28,DRUGS,lil aaron,GLOING PAIN$
2025-02-13T09:31:50Z,February,2,13,09:31:50,Without Me,Halsey,Manic
2025-02-13T09:34:53Z,February,2,13,09:34:53,Destroy Me,Rebecca Black,Let Her Burn
2025-02-13T09:37:49Z,February,2,13,09:37:49,Toro,Remi Wolf,Big Ideas
2025-02-13T09:40:58Z,February,2,13,09:40:58,So over You,Charli xcx,SUCKER
2025-02-13T09:46:02Z,February,2,13,09:46:02,Hard Times,Ethel Cain,Preacher’s Daughter
2025-02-13T09:50:04Z,February,2,13,09:50:04,how2fly,ISOxo,kidsgonemad!
2025-02-13T09:50:45Z,February,2,13,09:50:45,We Don't Have To Take Our Clothes Off,Jermaine Stewart,Frantic Romantic
2025-02-13T09:54:45Z,February,2,13,09:54:45,10:36 (Live in LA),beabadoobee,Live in LA
2025-02-13T09:57:14Z,February,2,13,09:57:14,Pretender,Carlie Hanson,Pretender
2025-02-13T10:00:33Z,February,2,13,10:00:33,I got it bad,Addison Rae,AR
2025-02-13T10:03:11Z,February,2,13,10:03:11,Love You Anyway,Carlie Hanson,Tough Boy
2025-02-13T10:07:10Z,February,2,13,10:07:10,Question...?,Taylor Swift,Midnights
2025-02-13T10:08:01Z,February,2,13,10:08:01,Whole Lotta Choppas (Remix) [feat. Nicki Minaj],Sada Baby,Whole Lotta Choppas (Remix) [feat. Nicki Minaj]
2025-02-13T10:11:19Z,February,2,13,10:11:19,He Said She Said,Ashley Tisdale,Headstrong
2025-02-13T10:47:41Z,February,2,13,10:47:41,No-Return (Into the unknown),LE SSERAFIM,UNFORGIVEN
2025-02-13T10:50:09Z,February,2,13,10:50:09,How Much Is Weed?,Dominic Fike,Sunburn
2025-02-13T10:53:33Z,February,2,13,10:53:33,bellyache,Billie Eilish,Bellyache
2025-02-13T10:56:53Z,February,2,13,10:56:53,curious/furious - Live,WILLOW,WILLOW: Live At Electric Lady
2025-02-13T11:00:05Z,February,2,13,11:00:05,Archetype,Omar Apollo,Ivory
2025-02-13T11:03:39Z,February,2,13,11:03:39,Touch,Little Mix,Glory Days
2025-02-13T11:07:48Z,February,2,13,11:07:48,Caroline Shut Up,Caroline Polachek,Pang
2025-02-13T11:11:12Z,February,2,13,11:11:12,rom com 2004,Soccer Mommy,rom com 2004
2025-02-13T11:14:33Z,February,2,13,11:14:33,Too Good At Goodbyes,Sam Smith,The Thrill Of It All
2025-02-13T11:15:38Z,February,2,13,11:15:38,Sad Forever,Lauv,~how i'm feeling~
2025-02-13T11:20:16Z,February,2,13,11:20:16,The Louvre,Lorde,Melodrama
2025-02-13T11:23:38Z,February,2,13,11:23:38,Crumbs,Rebecca Black,Let Her Burn
2025-02-13T11:27:19Z,February,2,13,11:27:19,Starburned and Unkissed,Caroline Polachek,Starburned and Unkissed
2025-02-13T11:29:17Z,February,2,13,11:29:17,Slut Pop,Kim Petras,Slut Pop
2025-02-13T11:33:48Z,February,2,13,11:33:48,Sick To My Stomach,Rebecca Black,Let Her Burn
2025-02-13T11:38:17Z,February,2,13,11:38:17,I might say something stupid featuring the 1975 & jon hopkins,Charli xcx,Brat and it’s completely different but also still brat
2025-02-13T11:41:34Z,February,2,13,11:41:34,Pretender - idobi Sessions,Carlie Hanson,Carlie Hanson on idobi Sessions
2025-02-13T11:44:59Z,February,2,13,11:44:59,Escalator,ITZY,BORN TO BE
2025-02-13T11:47:46Z,February,2,13,11:47:46,B2b featuring tinashe,Charli xcx,Brat and it’s completely different but also still brat
2025-02-13T11:50:43Z,February,2,13,11:50:43,Thousand Pieces,Kim Petras,Feed The Beast
2025-02-13T11:51:22Z,February,2,13,11:51:22,I Knew You Were Trouble.,Taylor Swift,Red
2025-02-13T11:55:57Z,February,2,13,11:55:57,Ribs,Lorde,Pure Heroine
2025-02-13T11:59:38Z,February,2,13,11:59:38,All Hands on Deck,Tinashe,Aquarius
2025-02-13T12:02:14Z,February,2,13,12:02:14,Obsessed,Addison Rae,Obsessed
2025-02-13T12:04:56Z,February,2,13,12:04:56,360 featuring robyn & yung lean,Charli xcx,360 featuring robyn and yung lean
2025-02-13T12:08:37Z,February,2,13,12:08:37,Male Fantasy,Billie Eilish,Happier Than Ever
2025-02-13T12:11:50Z,February,2,13,12:11:50,Falling Endlessly,WILLOW,<COPINGMECHANISM>
2025-02-13T12:14:22Z,February,2,13,12:14:22,Rakata,Arca,Prada / Rakata
2025-02-13T12:18:17Z,February,2,13,12:18:17,Mood Ring,Lorde,Solar Power
2025-02-13T12:21:56Z,February,2,13,12:21:56,Living For Love,Madonna,Rebel Heart
2025-02-14T04:29:25Z,February,2,14,04:29:25,Scared Of Loving You,Selena Gomez,Scared Of Loving You
2025-02-14T04:31:23Z,February,2,14,04:31:23,too late to cry,Carlie Hanson,too late to cry
2025-02-14T05:14:51Z,February,2,14,05:14:51,earthquake,JISOO,AMORTAGE
2025-02-14T05:17:44Z,February,2,14,05:17:44,Your Love,JISOO,AMORTAGE
2025-02-14T05:20:46Z,February,2,14,05:20:46,TEARS,JISOO,AMORTAGE
2025-02-14T05:24:27Z,February,2,14,05:24:27,Hugs & Kisses,JISOO,AMORTAGE
2025-02-14T05:27:53Z,February,2,14,05:27:53,earthquake,JISOO,AMORTAGE
2025-02-14T05:31:02Z,February,2,14,05:31:02,Hugs & Kisses,JISOO,AMORTAGE
2025-02-14T05:35:05Z,February,2,14,05:35:05,High Fashion,Addison Rae,High Fashion
2025-02-14T06:56:37Z,February,2,14,06:56:37,materiaL hor$e,horsegiirL,v.i.p. - very important pony
2025-02-14T06:58:48Z,February,2,14,06:58:48,take it offff,horsegiirL,v.i.p. - very important pony
2025-02-14T07:01:17Z,February,2,14,07:01:17,giirL math,horsegiirL,v.i.p. - very important pony
2025-02-14T07:03:47Z,February,2,14,07:03:47,"eat, sleep, slay, 🔁",horsegiirL,v.i.p. - very important pony
2025-02-14T07:05:09Z,February,2,14,07:05:09,bby luv x3 (feat. DJ G2G),horsegiirL,v.i.p. - very important pony
2025-02-14T07:07:02Z,February,2,14,07:07:02,scene before the kiss xoxo,horsegiirL,v.i.p. - very important pony
2025-02-14T07:17:23Z,February,2,14,07:17:23,earthquake,JISOO,AMORTAGE
2025-02-14T07:20:16Z,February,2,14,07:20:16,Your Love,JISOO,AMORTAGE
2025-02-14T07:23:19Z,February,2,14,07:23:19,TEARS,JISOO,AMORTAGE
2025-02-14T07:26:28Z,February,2,14,07:26:28,Hugs & Kisses,JISOO,AMORTAGE
2025-02-14T07:33:47Z,February,2,14,07:33:47,High Fashion,Addison Rae,High Fashion
2025-02-14T07:37:39Z,February,2,14,07:37:39,Born Again (feat. Doja Cat & RAYE),LISA,Born Again (feat. Doja Cat & RAYE)
2025-02-14T07:42:18Z,February,2,14,07:42:18,Wanderlust,FKA twigs,EUSEXUA
2025-02-14T07:47:33Z,February,2,14,07:47:33,Striptease,FKA twigs,EUSEXUA
2025-02-14T07:50:10Z,February,2,14,07:50:10,Childlike Things,FKA twigs,EUSEXUA
2025-02-14T07:56:28Z,February,2,14,07:56:28,Striptease,FKA twigs,EUSEXUA
2025-02-14T08:34:58Z,February,2,14,08:34:58,visions,Charli xcx,how i'm feeling now
2025-02-14T08:40:18Z,February,2,14,08:40:18,"I Got It (feat. Brooke Candy, CupcakKe and Pabllo Vittar)",Charli xcx,Pop 2
2025-02-14T08:43:14Z,February,2,14,08:43:14,Cool With You,NewJeans,NewJeans 2nd EP 'Get Up'
2025-02-14T08:47:29Z,February,2,14,08:47:29,Genesis,Grimes,Visions
2025-02-14T08:51:51Z,February,2,14,08:51:51,HAPPY ENDING,Demi Lovato,HOLY FVCK
2025-02-14T08:53:28Z,February,2,14,08:53:28,Nothing On (But The Radio),Addison Rae,AR
2025-02-14T09:03:41Z,February,2,14,09:03:41,Nothing On (But The Radio),Addison Rae,AR
2025-02-15T04:19:48Z,February,2,15,04:19:48,earthquake,JISOO,AMORTAGE
2025-02-15T04:22:41Z,February,2,15,04:22:41,Your Love,JISOO,AMORTAGE
2025-02-15T04:25:44Z,February,2,15,04:25:44,TEARS,JISOO,AMORTAGE
2025-02-15T04:31:15Z,February,2,15,04:31:15,Hugs & Kisses,JISOO,AMORTAGE
2025-02-15T04:34:33Z,February,2,15,04:34:33,High Fashion,Addison Rae,High Fashion
2025-02-15T04:36:31Z,February,2,15,04:36:31,materiaL hor$e,horsegiirL,v.i.p. - very important pony
2025-02-15T04:38:41Z,February,2,15,04:38:41,take it offff,horsegiirL,v.i.p. - very important pony
2025-02-15T04:41:11Z,February,2,15,04:41:11,giirL math,horsegiirL,v.i.p. - very important pony
2025-02-15T04:43:38Z,February,2,15,04:43:38,scene before the kiss xoxo,horsegiirL,v.i.p. - very important pony
2025-02-15T04:45:13Z,February,2,15,04:45:13,materiaL hor$e,horsegiirL,v.i.p. - very important pony
2025-02-15T04:47:23Z,February,2,15,04:47:23,take it offff,horsegiirL,v.i.p. - very important pony
2025-02-15T04:50:38Z,February,2,15,04:50:38,DENIAL IS A RIVER,Doechii,Alligator Bites Never Heal
2025-02-15T04:52:45Z,February,2,15,04:52:45,NISSAN ALTIMA,Doechii,Alligator Bites Never Heal
2025-02-15T04:56:18Z,February,2,15,04:56:18,Alter Ego (with JT),Doechii,Alter Ego (with JT)
2025-02-15T05:00:01Z,February,2,15,05:00:01,3,Britney Spears,The Singles Collection
2025-02-15T05:03:35Z,February,2,15,05:03:35,Childlike Things,FKA twigs,EUSEXUA
2025-02-15T05:08:18Z,February,2,15,05:08:18,Striptease,FKA twigs,EUSEXUA
2025-02-15T05:13:00Z,February,2,15,05:13:00,24hr Dog,FKA twigs,EUSEXUA
2025-02-15T05:17:18Z,February,2,15,05:17:18,Wanderlust,FKA twigs,EUSEXUA
2025-02-15T05:20:39Z,February,2,15,05:20:39,Who's That Chick? (feat. Rihanna),David Guetta,One More Love
2025-02-15T05:24:46Z,February,2,15,05:24:46,Hold It Against Me,Britney Spears,Femme Fatale (Deluxe Version)
2025-02-15T05:27:28Z,February,2,15,05:27:28,Doe Eyed,Rebecca Black,Let Her Burn
2025-02-15T05:31:38Z,February,2,15,05:31:38,ZIPPER,BROCKHAMPTON,SATURATION III
2025-02-15T05:35:58Z,February,2,15,05:35:58,FOREVER,BABYMONSTER,DRIP
2025-02-15T05:38:39Z,February,2,15,05:38:39,SUBSTANCE,Demi Lovato,HOLY FVCK
2025-02-15T05:42:37Z,February,2,15,05:42:37,OKAY - Extended Mix,JT,OKAY
2025-02-15T05:47:18Z,February,2,15,05:47:18,KETU TeCRÉ,Bad Bunny,DeBÍ TiRAR MáS FOToS
2025-02-15T05:52:07Z,February,2,15,05:52:07,Cinderella,Remi Wolf,Big Ideas
2025-02-15T05:54:55Z,February,2,15,05:54:55,Rakata,Arca,KICK ii
2025-02-15T05:58:30Z,February,2,15,05:58:30,Estrogen,Arca,kiCK iiiii
2025-02-15T06:00:23Z,February,2,15,06:00:23,Honeymoon Avenue,Ariana Grande,Yours Truly
2025-02-15T06:15:02Z,February,2,15,06:15:02,Sick To My Stomach,Rebecca Black,Let Her Burn
2025-02-15T06:32:55Z,February,2,15,06:32:55,Homemade Dynamite,Lorde,Melodrama
2025-02-15T06:36:26Z,February,2,15,06:36:26,Doe Eyed,Rebecca Black,Let Her Burn
2025-02-15T06:46:35Z,February,2,15,06:46:35,Sick To My Stomach,Rebecca Black,Let Her Burn
2025-02-15T06:49:21Z,February,2,15,06:49:21,Siren,ATEEZ,GOLDEN HOUR : Part.1
2025-02-16T23:14:08Z,February,2,16,23:14:08,Yeah Yeah Yeah,BLACKPINK,BORN PINK
2025-02-16T23:17:40Z,February,2,16,23:17:40,So I,Charli xcx,BRAT
2025-02-16T23:21:24Z,February,2,16,23:21:24,PLAYING WITH FIRE,BLACKPINK,SQUARE TWO
2025-02-16T23:25:09Z,February,2,16,23:25:09,earthquake,JISOO,AMORTAGE
2025-02-16T23:38:55Z,February,2,16,23:38:55,Born Again (feat. Doja Cat & RAYE),LISA,Born Again (feat. Doja Cat & RAYE)
2025-02-16T23:43:53Z,February,2,16,23:43:53,Who's That Chick? (feat. Rihanna),David Guetta,One More Love
2025-02-16T23:47:36Z,February,2,16,23:47:36,Warm (feat. HAIM),Charli xcx,Charli
2025-02-16T23:50:18Z,February,2,16,23:50:18,Aquamarine,Addison Rae,Aquamarine
2025-02-16T23:53:35Z,February,2,16,23:53:35,High Fashion,Addison Rae,High Fashion
2025-02-17T00:46:25Z,February,2,17,00:46:25,Perfect Lover,Britney Spears,Blackout
2025-02-17T22:42:00Z,February,2,17,22:42:00,Birthday,Selena Gomez,Stars Dance
2025-02-17T22:46:37Z,February,2,17,22:46:37,Cinderella,Remi Wolf,Big Ideas
2025-02-17T22:54:49Z,February,2,17,22:54:49,True Religion,Shygirl,True Religion
2025-02-17T23:00:09Z,February,2,17,23:00:09,Striptease,FKA twigs,EUSEXUA
2025-02-17T23:02:26Z,February,2,17,23:02:26,NISSAN ALTIMA,Doechii,Alligator Bites Never Heal
2025-02-18T05:04:19Z,February,2,18,05:04:19,DENIAL IS A RIVER,Doechii,Alligator Bites Never Heal
2025-02-18T05:17:39Z,February,2,18,05:17:39,Don't Call,Daya,Don't Call
2025-02-18T05:24:19Z,February,2,18,05:24:19,Hold It Against Me,Britney Spears,Femme Fatale (Deluxe Version)
2025-02-18T05:26:51Z,February,2,18,05:26:51,2 die 4 (feat. Charli XCX),Addison Rae,AR
2025-02-18T05:29:55Z,February,2,18,05:29:55,FEARLESS (2023 Ver.),LE SSERAFIM,UNFORGIVEN
2025-02-18T05:32:12Z,February,2,18,05:32:12,Good Ones,Charli xcx,CRASH
2025-02-18T05:35:42Z,February,2,18,05:35:42,Pretty Savage,BLACKPINK,THE ALBUM
2025-02-18T05:38:46Z,February,2,18,05:38:46,Midnight Rain,Taylor Swift,Midnights
2025-02-18T05:42:37Z,February,2,18,05:42:37,rom com 2004,Soccer Mommy,rom com 2004
2025-02-18T05:46:32Z,February,2,18,05:46:32,Lipgloss (feat. CupcakKe),Charli xcx,Number 1 Angel
2025-02-18T05:51:57Z,February,2,18,05:51:57,Sun Sex Party,Babymorocco,The Sound
2025-02-18T05:55:05Z,February,2,18,05:55:05,Nothing On (But The Radio),Addison Rae,AR
2025-02-18T05:57:05Z,February,2,18,05:57:05,say it,2hollis,boy
2025-02-18T06:00:06Z,February,2,18,06:00:06,Apple,Charli xcx,BRAT
2025-02-18T06:02:13Z,February,2,18,06:02:13,BATTLE OF THE LARYNX,Melanie Martinez,PORTALS
2025-02-18T06:06:34Z,February,2,18,06:06:34,I might say something stupid featuring the 1975 & jon hopkins,Charli xcx,Brat and it’s completely different but also still brat
2025-02-18T06:12:03Z,February,2,18,06:12:03,Out of My Head (feat. Tove Lo and ALMA),Charli xcx,Pop 2
2025-02-18T06:16:04Z,February,2,18,06:16:04,"I Got It (feat. Brooke Candy, CupcakKe and Pabllo Vittar)",Charli xcx,Pop 2
2025-02-18T06:20:38Z,February,2,18,06:20:38,how2fly,ISOxo,kidsgonemad!
2025-02-18T06:23:22Z,February,2,18,06:23:22,take it offff,horsegiirL,v.i.p. - very important pony
2025-02-18T06:24:02Z,February,2,18,06:24:02,giirL math,horsegiirL,v.i.p. - very important pony
2025-02-18T06:25:55Z,February,2,18,06:25:55,scene before the kiss xoxo,horsegiirL,v.i.p. - very important pony
2025-02-18T06:29:39Z,February,2,18,06:29:39,earthquake,JISOO,AMORTAGE
2025-02-18T06:32:57Z,February,2,18,06:32:57,High Fashion,Addison Rae,High Fashion
2025-02-18T06:37:36Z,February,2,18,06:37:36,Warm (feat. HAIM),Charli xcx,Charli
2025-02-18T06:41:21Z,February,2,18,06:41:21,February 2017 (feat. Clairo and Yaeji),Charli xcx,Charli
2025-02-18T06:45:03Z,February,2,18,06:45:03,"Girl, so confusing featuring lorde",Charli xcx,Brat and it’s completely different but also still brat
2025-02-18T06:49:38Z,February,2,18,06:49:38,c2.0,Charli xcx,how i'm feeling now
2025-02-18T06:53:00Z,February,2,18,06:53:00,El Alma Que Te Trajo,Safety Trance,El Alma Que Te Trajo
2025-02-18T18:45:17Z,February,2,18,18:45:17,When The Sun Goes Down,Selena Gomez & The Scene,When The Sun Goes Down
2025-02-18T18:51:41Z,February,2,18,18:51:41,Closer To You,Clairo,Immunity
2025-02-18T18:54:09Z,February,2,18,18:54:09,Move Me,Charli xcx,CRASH
2025-02-18T18:57:42Z,February,2,18,18:57:42,JUST LIKE WE NEVER SAID GOODBYE,SOPHIE,JUST LIKE WE NEVER SAID GOODBYE
2025-02-18T19:03:15Z,February,2,18,19:03:15,i LIKE IT ROUGH,Lady Gaga,The Fame
2025-02-18T19:05:51Z,February,2,18,19:05:51,can friends kiss?,Camila Cabello,"C,XOXO"
2025-02-18T19:09:13Z,February,2,18,19:09:13,PLAYING WITH FIRE,BLACKPINK,SQUARE TWO
2025-02-18T19:13:19Z,February,2,18,19:13:19,Mood Ring,Lorde,Solar Power
2025-02-18T19:17:49Z,February,2,18,19:17:49,Till the World Ends,Britney Spears,Femme Fatale (Deluxe Version)
2025-02-18T19:29:26Z,February,2,18,19:29:26,Starstruck,Lady Gaga,The Fame
2025-02-18T19:34:29Z,February,2,18,19:34:29,Pogo,Digitalism,Idealism
2025-02-18T19:57:03Z,February,2,18,19:57:03,Circus,Britney Spears,Circus (Deluxe Version)
2025-02-18T21:11:35Z,February,2,18,21:11:35,High Fashion,Addison Rae,High Fashion
2025-02-18T21:15:12Z,February,2,18,21:15:12,High Fashion,Addison Rae,High Fashion
2025-02-18T21:19:37Z,February,2,18,21:19:37,Paper Gangsta,Lady Gaga,The Fame
2025-02-18T21:23:34Z,February,2,18,21:23:34,Piece of Me,Britney Spears,Blackout
2025-02-18T21:27:29Z,February,2,18,21:27:29,Radar,Britney Spears,Blackout
2025-02-18T23:07:27Z,February,2,18,23:07:27,how2fly,ISOxo,kidsgonemad!
2025-02-18T23:10:25Z,February,2,18,23:10:25,Smart,LE SSERAFIM,EASY
2025-02-18T23:14:31Z,February,2,18,23:14:31,Yeah Yeah Yeah,BLACKPINK,BORN PINK
2025-02-18T23:18:19Z,February,2,18,23:18:19,I'm a Slave 4 U,Britney Spears,Britney (Digital Deluxe Version)
2025-02-19T00:00:25Z,February,2,19,00:00:25,Lovesick Girls,BLACKPINK,THE ALBUM
2025-02-19T00:02:30Z,February,2,19,00:02:30,Angel (From Barbie The Album),PinkPantheress,Angel (From Barbie The Album)
2025-02-19T00:05:38Z,February,2,19,00:05:38,slower,Tate McRae,TOO YOUNG TO BE SAD
2025-02-19T00:09:05Z,February,2,19,00:09:05,Next Level Charli,Charli xcx,Charli
2025-02-19T00:12:23Z,February,2,19,00:12:23,uhoh,Kim Petras,Feed The Beast
2025-02-19T00:13:20Z,February,2,19,00:13:20,afraid (feat. nate sib),2hollis,afraid (feat. nate sib)
2025-02-19T00:17:18Z,February,2,19,00:17:18,Lipgloss (feat. CupcakKe),Charli xcx,Number 1 Angel
2025-02-19T00:21:37Z,February,2,19,00:21:37,Ribs,Lorde,Pure Heroine
2025-02-19T00:24:22Z,February,2,19,00:24:22,No Body,Finn Keane,ELECTRIC
2025-02-19T00:27:44Z,February,2,19,00:27:44,Roll Up,BLACKSWAN,Roll Up
2025-02-19T00:34:29Z,February,2,19,00:34:29,Likey,TWICE,Twicetagram
2025-02-19T00:38:31Z,February,2,19,00:38:31,Backseat (feat. Carly Rae Jepsen),Charli xcx,Pop 2
2025-02-19T00:41:24Z,February,2,19,00:41:24,I got it bad,Addison Rae,AR
2025-02-19T00:43:43Z,February,2,19,00:43:43,2 die 4 (feat. Charli XCX),Addison Rae,AR
2025-02-19T00:48:46Z,February,2,19,00:48:46,Cola,Lana Del Rey,Born To Die - The Paradise Edition
2025-02-19T00:52:28Z,February,2,19,00:52:28,BIRDS OF A FEATHER,Billie Eilish,HIT ME HARD AND SOFT
2025-02-19T00:55:27Z,February,2,19,00:55:27,Un Ratito,Bad Bunny,Un Verano Sin Ti
2025-02-19T01:00:25Z,February,2,19,01:00:25,Thinking About You (feat. Ayah Marar),Calvin Harris,18 Months
2025-02-19T01:01:34Z,February,2,19,01:01:34,Love You Anyway,Carlie Hanson,Tough Boy
2025-02-19T01:04:30Z,February,2,19,01:04:30,Diet Pepsi,Addison Rae,Aquamarine
2025-02-19T01:08:07Z,February,2,19,01:08:07,Do What U Want,Lady Gaga,Do What U Want
2025-02-19T01:11:28Z,February,2,19,01:11:28,Boys Boys Boys,Lady Gaga,The Fame
2025-02-19T01:14:13Z,February,2,19,01:14:13,February 2017 (feat. Clairo and Yaeji),Charli xcx,Charli
2025-02-19T01:18:42Z,February,2,19,01:18:42,WILDFLOWER,Billie Eilish,HIT ME HARD AND SOFT
2025-02-19T01:21:16Z,February,2,19,01:21:16,Thousand Pieces,Kim Petras,Feed The Beast
2025-02-19T01:44:34Z,February,2,19,01:44:34,IS THIS LOVE,XG,AWE
2025-02-19T01:47:22Z,February,2,19,01:47:22,No Doubt,ENHYPEN,ROMANCE : UNTOLD -daydream-
2025-02-19T01:49:58Z,February,2,19,01:49:58,IS THIS LOVE,XG,AWE
2025-02-19T01:51:16Z,February,2,19,01:51:16,HOWL,XG,AWE
2025-02-19T01:54:25Z,February,2,19,01:54:25,HOWLING,XG,AWE
2025-02-19T01:55:17Z,February,2,19,01:55:17,SPACE MEETING Skit,XG,AWE
2025-02-19T01:58:16Z,February,2,19,01:58:16,IYKYK,XG,AWE
2025-02-19T02:01:27Z,February,2,19,02:01:27,SOMETHING AIN'T RIGHT,XG,AWE
2025-02-19T02:04:50Z,February,2,19,02:04:50,IN THE RAIN,XG,AWE
2025-02-19T02:07:44Z,February,2,19,02:07:44,IS THIS LOVE,XG,AWE
2025-02-19T04:24:47Z,February,2,19,04:24:47,IS THIS LOVE,XG,AWE
2025-02-19T04:27:24Z,February,2,19,04:27:24,IS THIS LOVE,XG,AWE
2025-02-19T04:39:37Z,February,2,19,04:39:37,IS THIS LOVE,XG,AWE
2025-02-19T04:57:53Z,February,2,19,04:57:53,No Doubt,ENHYPEN,ROMANCE : UNTOLD -daydream-
2025-02-19T05:00:39Z,February,2,19,05:00:39,you're not special,Maggie Lindemann,SUCKERPUNCH
2025-02-19T05:04:53Z,February,2,19,05:04:53,sister,2hollis,boy
2025-02-19T05:08:39Z,February,2,19,05:08:39,Bunny Is A Rider - Nikki Nair 'Satellite' Remix,Caroline Polachek,Bunny Is A Rider
2025-02-19T05:11:12Z,February,2,19,05:11:12,Roll Up,BLACKSWAN,Roll Up
2025-02-19T05:13:55Z,February,2,19,05:13:55,"I Got It (feat. Brooke Candy, CupcakKe and Pabllo Vittar)",Charli xcx,Pop 2
2025-02-19T05:21:30Z,February,2,19,05:21:30,Sun Bleached Flies,Ethel Cain,Preacher’s Daughter
2025-02-19T05:25:13Z,February,2,19,05:25:13,Bum Like You,Robyn,Robyn
2025-02-19T05:32:38Z,February,2,19,05:32:38,Easy,Troye Sivan,In A Dream
2025-02-19T05:34:24Z,February,2,19,05:34:24,say it,2hollis,boy
2025-02-19T05:38:15Z,February,2,19,05:38:15,Get Back,Britney Spears,Blackout
2025-02-19T05:41:35Z,February,2,19,05:41:35,Little Bother (feat. Fousheé),King Princess,Hold On Baby
2025-02-19T05:45:43Z,February,2,19,05:45:43,Never Be the Same,Camila Cabello,Never Be the Same
2025-02-19T05:48:15Z,February,2,19,05:48:15,Don't Lie,The Chainsmokers,Don't Lie
2025-02-19T05:51:18Z,February,2,19,05:51:18,Rock Star,Hannah Montana,Hannah Montana 2
2025-02-19T05:55:03Z,February,2,19,05:55:03,Living For Love,Madonna,Rebel Heart
2025-02-19T17:38:36Z,February,2,19,17:38:36,IS THIS LOVE,XG,AWE
2025-02-19T17:41:47Z,February,2,19,17:41:47,SOMETHING AIN'T RIGHT,XG,AWE
2025-02-19T17:44:33Z,February,2,19,17:44:33,No Doubt,ENHYPEN,ROMANCE : UNTOLD -daydream-
2025-02-20T03:34:29Z,February,2,20,03:34:29,IS THIS LOVE,XG,AWE
2025-02-20T19:41:34Z,February,2,20,19:41:34,IS THIS LOVE,XG,AWE
2025-02-20T19:44:13Z,February,2,20,19:44:13,IS THIS LOVE,XG,AWE
2025-02-20T19:51:08Z,February,2,20,19:51:08,High Fashion,Addison Rae,High Fashion
2025-02-20T19:54:11Z,February,2,20,19:54:11,Boys Night,Brevin Kim,DOG HEAD
2025-02-20T19:57:55Z,February,2,20,19:57:55,Diet Mountain Dew,Lana Del Rey,Born To Die - The Paradise Edition
2025-02-20T22:55:43Z,February,2,20,22:55:43,Starstruck,Lady Gaga,The Fame
2025-02-20T23:00:58Z,February,2,20,23:00:58,IS THIS LOVE,XG,AWE
2025-02-20T23:04:10Z,February,2,20,23:04:10,SOMETHING AIN'T RIGHT,XG,AWE
2025-02-20T23:07:50Z,February,2,20,23:07:50,I think about it all the time,Charli xcx,BRAT
2025-02-20T23:11:21Z,February,2,20,23:11:21,LALISA,LISA,LALISA
2025-02-20T23:15:23Z,February,2,20,23:15:23,Get Back,Britney Spears,Blackout
2025-02-20T23:51:16Z,February,2,20,23:51:16,take it offff,horsegiirL,v.i.p. - very important pony
2025-02-21T00:08:18Z,February,2,21,00:08:18,Your Love Is My Drug,Kesha,Animal (Expanded Edition)
2025-02-21T00:13:15Z,February,2,21,00:13:15,Escape Me (feat. C.C. Sheffield),Tiësto,Kaleidoscope
2025-02-21T00:17:44Z,February,2,21,00:17:44,Sick To My Stomach,Rebecca Black,Let Her Burn
2025-02-21T00:20:23Z,February,2,21,00:20:23,Roll Up,BLACKSWAN,Roll Up
2025-02-21T00:21:01Z,February,2,21,00:21:01,Look At Her Now,Selena Gomez,Rare
2025-02-21T00:25:08Z,February,2,21,00:25:08,Undercover,Selena Gomez,Stars Dance
2025-02-21T00:28:42Z,February,2,21,00:28:42,Superlove,Tinashe,Superlove
2025-02-21T00:32:23Z,February,2,21,00:32:23,All Hands on Deck,Tinashe,Aquarius
2025-02-21T02:09:42Z,February,2,21,02:09:42,Call Me When You Break Up (with Gracie Abrams),Selena Gomez,Call Me When You Break Up (with Gracie Abrams)
2025-02-21T02:12:54Z,February,2,21,02:12:54,Superlove,Tinashe,Superlove
2025-02-21T02:15:33Z,February,2,21,02:15:33,Where You Are (feat. WILLOW),PinkPantheress,Where you are (feat. WILLOW)
2025-02-21T02:19:39Z,February,2,21,02:19:39,Living For Love,Madonna,Rebel Heart
2025-02-21T02:23:04Z,February,2,21,02:23:04,Nights With You,MØ,Nights With You
2025-02-21T02:26:17Z,February,2,21,02:26:17,Rhyme Dust,MK,Rhyme Dust
2025-02-21T02:31:02Z,February,2,21,02:31:02,Warm (feat. HAIM),Charli xcx,Charli
2025-02-21T02:35:45Z,February,2,21,02:35:45,Live In My Truth (feat. BC Kingdom and LIZ),SOPHIE,SOPHIE
2025-02-21T03:00:38Z,February,2,21,03:00:38,Aburrida Y Sola,RBD,Celestial
2025-02-21T03:03:45Z,February,2,21,03:03:45,Tal Vez Después,RBD,Celestial
2025-02-21T03:07:17Z,February,2,21,03:07:17,Ser O Parecer,RBD,Celestial
2025-02-21T03:11:21Z,February,2,21,03:11:21,Dame,RBD,Celestial
2025-02-21T03:14:48Z,February,2,21,03:14:48,Celestial,RBD,Celestial
2025-02-21T03:18:30Z,February,2,21,03:18:30,Bésame Sin Miedo,RBD,Celestial
2025-02-21T03:53:26Z,February,2,21,03:53:26,Inalcanzable,RBD,Empezar Desde Cero
2025-02-21T03:58:21Z,February,2,21,03:58:21,party 4 u,Charli xcx,how i'm feeling now
2025-02-21T04:01:23Z,February,2,21,04:01:23,No Doubt,ENHYPEN,ROMANCE : UNTOLD -daydream-
2025-02-21T04:04:12Z,February,2,21,04:04:12,IS THIS LOVE,XG,AWE
2025-02-21T04:07:47Z,February,2,21,04:07:47,Who's That Chick? (feat. Rihanna),David Guetta,One More Love
2025-02-21T04:12:24Z,February,2,21,04:12:24,Je T'Adore,Kim Petras,Problématique
2025-02-21T04:15:08Z,February,2,21,04:15:08,All Eyes On Me,JISOO,ME
2025-02-21T04:17:31Z,February,2,21,04:17:31,Guess,Charli xcx,Brat and it’s the same but there’s three more songs so it’s not
2025-02-21T04:21:11Z,February,2,21,04:21:11,I Really Like You,Carly Rae Jepsen,Emotion
2025-02-21T04:24:20Z,February,2,21,04:24:20,February 2017 (feat. Clairo and Yaeji),Charli xcx,Charli
2025-02-21T04:27:10Z,February,2,21,04:27:10,Illusion,Carlie Hanson,Illusion
2025-02-21T04:31:19Z,February,2,21,04:31:19,Goodnight and Go,Imogen Heap,Speak for Yourself
2025-02-21T04:35:16Z,February,2,21,04:35:16,Immaterial,SOPHIE,OIL OF EVERY PEARL'S UN-INSIDES
2025-02-21T04:38:02Z,February,2,21,04:38:02,Never Stay High,JSTJR,Never Stay High
2025-02-21T04:41:53Z,February,2,21,04:41:53,Primadonna,MARINA,Electra Heart
2025-02-21T04:45:01Z,February,2,21,04:45:01,Sugar Water Cyanide,Rebecca Black,Sugar Water Cyanide
2025-02-21T04:50:26Z,February,2,21,04:50:26,I like u (Extended),Tove Lo,I like u (Remixes)
2025-02-21T05:12:37Z,February,2,21,05:12:37,Homemade Dynamite,Lorde,Melodrama
2025-02-21T05:14:53Z,February,2,21,05:14:53,360 featuring robyn & yung lean,Charli xcx,Brat and it’s completely different but also still brat
2025-02-21T05:18:05Z,February,2,21,05:18:05,ExtraL (feat. Doechii),JENNIE,ExtraL (feat. Doechii)
2025-02-21T06:23:09Z,February,2,21,06:23:09,When I Rule the World,LIZ,When I Rule the World
2025-02-21T06:43:08Z,February,2,21,06:43:08,When I Rule the World,LIZ,When I Rule the World
2025-02-21T07:09:38Z,February,2,21,07:09:38,ExtraL (feat. Doechii),JENNIE,ExtraL (feat. Doechii)
2025-02-21T07:16:12Z,February,2,21,07:16:12,HARD,SOPHIE,HARD
2025-02-21T07:20:59Z,February,2,21,07:20:59,Immaterial,SOPHIE,OIL OF EVERY PEARL'S UN-INSIDES
2025-02-21T07:24:21Z,February,2,21,07:24:21,Pretty Savage,BLACKPINK,THE ALBUM
2025-02-21T07:27:05Z,February,2,21,07:27:05,crush,2hollis,boy
2025-02-21T07:32:27Z,February,2,21,07:32:27,Thinking About You (feat. Ayah Marar),Calvin Harris,18 Months
2025-02-21T07:35:44Z,February,2,21,07:35:44,Hot as Ice,Britney Spears,Blackout
2025-02-21T07:38:35Z,February,2,21,07:38:35,Don′t,LEE CHAE YEON,SHOWDOWN
2025-02-21T07:41:43Z,February,2,21,07:41:43,All Night,Icona Pop,THIS IS... ICONA POP
2025-02-21T07:44:48Z,February,2,21,07:44:48,Head Head Honcho,Kim Petras,Slut Pop Miami
2025-02-21T07:48:00Z,February,2,21,07:48:00,uhoh,Kim Petras,Feed The Beast
2025-02-21T07:51:54Z,February,2,21,07:51:54,3,Britney Spears,The Singles Collection
2025-02-21T07:54:52Z,February,2,21,07:54:52,I got it bad,Addison Rae,AR
2025-02-21T07:58:01Z,February,2,21,07:58:01,B2b,Charli xcx,BRAT
2025-02-21T08:00:43Z,February,2,21,08:00:43,Sorry if I Hurt You,Charli xcx,CRASH
2025-02-21T08:04:50Z,February,2,21,08:04:50,Backseat (feat. Carly Rae Jepsen),Charli xcx,Pop 2
2025-02-21T08:08:22Z,February,2,21,08:08:22,Boys Boys Boys,Lady Gaga,The Fame
2025-02-21T08:12:46Z,February,2,21,08:12:46,Paper Gangsta,Lady Gaga,The Fame
2025-02-21T08:14:42Z,February,2,21,08:14:42,Cubana,Kim Petras,Slut Pop Miami
2025-02-21T08:17:35Z,February,2,21,08:17:35,Xcxoplex (with Charli XCX),A. G. Cook,Apple vs. 7G
2025-02-21T08:19:09Z,February,2,21,08:19:09,say it,2hollis,boy
2025-02-21T08:21:50Z,February,2,21,08:21:50,Roll Up,BLACKSWAN,Roll Up
2025-02-21T08:25:07Z,February,2,21,08:25:07,Constant Repeat,Charli xcx,CRASH
2025-02-21T08:29:35Z,February,2,21,08:29:35,Beg for You (feat. Rina Sawayama) - A. G. Cook & VERNON OF SEVENTEEN Remix,Charli xcx,Beg For You (feat. Rina Sawayama)
2025-02-21T08:32:05Z,February,2,21,08:32:05,Spring breakers,Charli xcx,Brat and it’s the same but there’s three more songs so it’s not
2025-02-21T08:36:07Z,February,2,21,08:36:07,Don't Call,Daya,Don't Call
2025-02-21T08:38:38Z,February,2,21,08:38:38,24HRS,ITZY,IT'z ME
2025-02-21T08:42:29Z,February,2,21,08:42:29,TING TING TING (with Oliver Heldens),ITZY,IT'z ME
2025-02-21T08:47:08Z,February,2,21,08:47:08,SKYLIT,ISOxo,kidsgonemad!
2025-02-21T08:51:06Z,February,2,21,08:51:06,SHYPOP,ISOxo,kidsgonemad!
2025-02-21T08:55:26Z,February,2,21,08:55:26,detonate,Charli xcx,how i'm feeling now
2025-02-21T08:58:50Z,February,2,21,08:58:50,Perfect Lover,Britney Spears,Blackout
2025-02-21T09:01:50Z,February,2,21,09:01:50,Diet Pepsi,Addison Rae,Aquamarine
2025-02-21T09:04:34Z,February,2,21,09:04:34,Aquamarine,Addison Rae,Aquamarine
2025-02-21T09:07:52Z,February,2,21,09:07:52,High Fashion,Addison Rae,High Fashion
2025-02-21T09:11:51Z,February,2,21,09:11:51,Von dutch a. g. cook remix featuring addison rae,Charli xcx,Von dutch a. g. cook remix featuring addison rae
2025-02-21T09:14:44Z,February,2,21,09:14:44,Diet Pepsi,Addison Rae,Diet Pepsi
2025-02-21T09:17:50Z,February,2,21,09:17:50,When I Rule the World,LIZ,When I Rule the World
2025-02-21T09:22:57Z,February,2,21,09:22:57,IS THIS LOVE,XG,AWE
2025-02-21T09:31:06Z,February,2,21,09:31:06,Striptease,FKA twigs,EUSEXUA
2025-02-21T09:33:37Z,February,2,21,09:33:37,Childlike Things,FKA twigs,EUSEXUA
2025-02-21T09:37:55Z,February,2,21,09:37:55,Wanderlust,FKA twigs,EUSEXUA
2025-02-21T09:40:02Z,February,2,21,09:40:02,2 die 4 (feat. Charli XCX),Addison Rae,AR
2025-02-21T09:43:13Z,February,2,21,09:43:13,Circus,Britney Spears,Circus (Deluxe Version)
2025-02-21T09:47:10Z,February,2,21,09:47:10,Backseat (feat. Carly Rae Jepsen),Charli xcx,Pop 2
2025-02-21T09:49:39Z,February,2,21,09:49:39,Thousand Pieces,Kim Petras,Feed The Beast
2025-02-21T09:53:46Z,February,2,21,09:53:46,Dress You Up,Madonna,Like a Virgin
2025-02-21T09:57:49Z,February,2,21,09:57:49,how2fly,ISOxo,kidsgonemad!
2025-02-21T10:00:46Z,February,2,21,10:00:46,Apple featuring the japanese house,Charli xcx,Brat and it’s completely different but also still brat
2025-02-21T10:03:47Z,February,2,21,10:03:47,Dang,Caroline Polachek,"Desire, I Want To Turn Into You: Everasking Edition"
2025-02-21T10:06:02Z,February,2,21,10:06:02,Obsessed,Addison Rae,Obsessed
2025-02-21T10:08:01Z,February,2,21,10:08:01,LEMONADE,SOPHIE,LEMONADE
2025-02-21T10:11:00Z,February,2,21,10:11:00,Cruel Summer,Taylor Swift,Lover
2025-02-21T10:14:33Z,February,2,21,10:14:33,Every Night,Hannah Diamond,"PC Music, Vol. 1"
2025-02-21T10:17:03Z,February,2,21,10:17:03,They Wanna Fuck,Kim Petras,Slut Pop
2025-02-21T10:19:39Z,February,2,21,10:19:39,BAIT (with BANKS),Kim Petras,Feed The Beast
2025-02-21T10:22:58Z,February,2,21,10:22:58,Toxic,Britney Spears,In The Zone
2025-02-21T10:25:38Z,February,2,21,10:25:38,4EVER,Clairo,4EVER
2025-02-21T10:28:05Z,February,2,21,10:28:05,Mosquito,PinkPantheress,Mosquito
2025-02-21T10:30:22Z,February,2,21,10:30:22,Good Ones,Charli xcx,CRASH
2025-02-21T10:34:28Z,February,2,21,10:34:28,I Don’t Wanna Live Forever (Fifty Shades Darker),ZAYN,Fifty Shades Darker
2025-02-21T10:37:36Z,February,2,21,10:37:36,"Ultimate - From ""Freaky Friday""/Soundtrack Version",Lindsay Lohan,Freaky Friday
2025-02-21T10:40:31Z,February,2,21,10:40:31,Spinning (with Charli XCX & The 1975) (A. G. Cook Remix),Charli xcx,Spinning (A. G. Cook Remixes)
2025-02-21T10:44:03Z,February,2,21,10:44:03,Misery Business,Paramore,Riot!
2025-02-21T10:47:21Z,February,2,21,10:47:21,PLAYING WITH FIRE,BLACKPINK,SQUARE TWO
2025-02-22T01:17:23Z,February,2,22,01:17:23,When I Rule the World,LIZ,When I Rule the World
2025-02-22T01:31:51Z,February,2,22,01:31:51,IS THIS LOVE,XG,AWE
2025-02-22T01:48:10Z,February,2,22,01:48:10,Diet Pepsi,Addison Rae,Aquamarine
2025-02-22T01:55:14Z,February,2,22,01:55:14,Immaterial,SOPHIE,OIL OF EVERY PEARL'S UN-INSIDES
2025-02-22T01:58:19Z,February,2,22,01:58:19,JUST LIKE WE NEVER SAID GOODBYE,SOPHIE,JUST LIKE WE NEVER SAID GOODBYE
2025-02-22T02:02:24Z,February,2,22,02:02:24,Piece of Me,Britney Spears,Blackout
2025-02-22T02:05:37Z,February,2,22,02:05:37,I got it bad,Addison Rae,AR
2025-02-22T02:11:55Z,February,2,22,02:11:55,Warm (feat. HAIM),Charli xcx,Charli
2025-02-22T02:15:31Z,February,2,22,02:15:31,Roll with Me,Charli xcx,Number 1 Angel
2025-02-22T02:20:13Z,February,2,22,02:20:13,Beautiful,A. G. Cook,"PC Music, Vol. 1"
2025-02-22T02:22:51Z,February,2,22,02:22:51,Hot Girl (Bodies Bodies Bodies),Charli xcx,Hot Girl (Bodies Bodies Bodies)
2025-02-22T02:25:41Z,February,2,22,02:25:41,24HRS,ITZY,IT'z ME
2025-02-22T02:29:21Z,February,2,22,02:29:21,TING TING TING (with Oliver Heldens),ITZY,IT'z ME
2025-02-22T02:31:18Z,February,2,22,02:31:18,Cubana,Kim Petras,Slut Pop Miami
2025-02-22T02:34:28Z,February,2,22,02:34:28,Diet Pepsi,Addison Rae,Aquamarine
2025-02-22T02:37:37Z,February,2,22,02:37:37,Constant Repeat,Charli xcx,CRASH
2025-02-22T02:40:59Z,February,2,22,02:40:59,Circus,Britney Spears,Circus (Deluxe Version)
2025-02-22T02:46:28Z,February,2,22,02:46:28,2 die 4 (feat. Charli XCX),Addison Rae,AR
2025-02-22T03:02:52Z,February,2,22,03:02:52,Who's That Chick? (feat. Rihanna),David Guetta,One More Love
2025-02-22T03:06:13Z,February,2,22,03:06:13,Sugar Water Cyanide,Rebecca Black,Sugar Water Cyanide
2025-02-22T03:10:26Z,February,2,22,03:10:26,Girls Night Out,Charli xcx,Girls Night Out
2025-02-22T03:13:42Z,February,2,22,03:13:42,nintendo 64,wes mills,nintendo 64
2025-02-22T03:18:16Z,February,2,22,03:18:16,ALIEN SUPERSTAR,Beyoncé,RENAISSANCE
2025-02-22T03:53:30Z,February,2,22,03:53:30,Get Naked (I Got a Plan),Britney Spears,Blackout
2025-02-22T03:56:49Z,February,2,22,03:56:49,Who's That Chick? (feat. Rihanna),David Guetta,One More Love
2025-02-22T04:00:48Z,February,2,22,04:00:48,Sexy Bitch (feat. Akon),David Guetta,One Love
2025-02-22T04:04:47Z,February,2,22,04:04:47,Big Juicy,Ayesha Erotica,Big Juicy
2025-02-22T04:07:28Z,February,2,22,04:07:28,Yummy,Ayesha Erotica,Fresh Meat
2025-02-22T04:09:43Z,February,2,22,04:09:43,Princess,Ayesha Erotica,Princess
2025-02-22T04:12:36Z,February,2,22,04:12:36,Spring breakers,Charli xcx,Brat and it’s the same but there’s three more songs so it’s not
2025-02-22T04:15:26Z,February,2,22,04:15:26,Apple,Charli xcx,BRAT
2025-02-22T04:19:09Z,February,2,22,04:19:09,Next Level Charli,Charli xcx,Charli
2025-02-22T04:22:35Z,February,2,22,04:22:35,Constant Repeat,Charli xcx,CRASH
2025-02-22T04:26:57Z,February,2,22,04:26:57,Beautiful,A. G. Cook,"PC Music, Vol. 1"
2025-02-22T04:31:12Z,February,2,22,04:31:12,Freakshow,Britney Spears,Blackout
2025-02-22T04:34:52Z,February,2,22,04:34:52,Easy (with Kacey Musgraves feat. Mark Ronson),Troye Sivan,Easy (with Kacey Musgraves feat. Mark Ronson)
2025-02-22T04:57:28Z,February,2,22,04:57:28,Habits (Stay High),Tove Lo,Queen Of The Clouds
2025-02-22T05:01:03Z,February,2,22,05:01:03,Who's That Chick? (feat. Rihanna),David Guetta,One More Love
2025-02-22T05:05:02Z,February,2,22,05:05:02,EoO,Bad Bunny,DeBÍ TiRAR MáS FOToS
2025-02-22T05:08:36Z,February,2,22,05:08:36,Constant Repeat,Charli xcx,CRASH
2025-02-22T05:11:26Z,February,2,22,05:11:26,crush,2hollis,boy
2025-02-22T05:29:40Z,February,2,22,05:29:40,L’AMOUR DE MA VIE [OVER NOW EXTENDED EDIT],Billie Eilish,L’AMOUR DE MA VIE [OVER NOW EXTENDED EDIT]
2025-02-22T06:22:56Z,February,2,22,06:22:56,Baby,Charli xcx,CRASH
2025-02-22T06:25:46Z,February,2,22,06:25:46,Diet Pepsi,Addison Rae,Aquamarine
2025-02-22T06:28:05Z,February,2,22,06:28:05,Yuck,Charli xcx,CRASH
2025-02-22T09:10:54Z,February,2,22,09:10:54,Baby,Charli xcx,CRASH
2025-02-22T09:13:50Z,February,2,22,09:13:50,I LUV IT (feat. Playboi Carti),Camila Cabello,"C,XOXO"
2025-02-22T09:16:59Z,February,2,22,09:16:59,HOT TO GO!,Chappell Roan,The Rise and Fall of a Midwest Princess
2025-02-22T09:20:22Z,February,2,22,09:20:22,Your Love Is My Drug,Kesha,Animal (Expanded Edition)
2025-02-22T09:23:15Z,February,2,22,09:23:15,Blah Blah Blah (feat. 3OH!3),Kesha,Animal (Expanded Edition)
2025-02-22T09:52:04Z,February,2,22,09:52:04,365 featuring shygirl,Charli xcx,Brat and it’s completely different but also still brat
2025-02-22T10:17:18Z,February,2,22,10:17:18,High Fashion,Addison Rae,High Fashion
2025-02-22T19:12:20Z,February,2,22,19:12:20,afraid (feat. nate sib),2hollis,afraid (feat. nate sib)
2025-02-22T19:15:17Z,February,2,22,19:15:17,Pineapple Slice (with SG Lewis),Tove Lo,Dirt Femme
2025-02-22T19:20:22Z,February,2,22,19:20:22,Off To The Races,Lana Del Rey,Born To Die - The Paradise Edition
2025-02-22T20:43:53Z,February,2,22,20:43:53,Be Your USA,Finn Keane,ELECTRIC
2025-02-22T20:47:44Z,February,2,22,20:47:44,National Anthem,Lana Del Rey,Born To Die - The Paradise Edition
2025-02-22T20:50:10Z,February,2,22,20:50:10,Used to Know Me,Charli xcx,CRASH
2025-02-22T20:53:47Z,February,2,22,20:53:47,Pretty In Possible,Caroline Polachek,"Desire, I Want To Turn Into You"
2025-02-22T20:57:23Z,February,2,22,20:57:23,STFU!,Rina Sawayama,SAWAYAMA
2025-02-22T21:00:11Z,February,2,22,21:00:11,t r a n s p a r e n t s o u l feat. Travis Barker,WILLOW,t r a n s p a r e n t s o u l feat. Travis Barker
2025-02-23T21:36:41Z,February,2,23,21:36:41,Backseat (feat. Carly Rae Jepsen),Charli xcx,Pop 2
2025-02-23T21:39:47Z,February,2,23,21:39:47,Je T'Adore,Kim Petras,Problématique
2025-02-23T21:47:27Z,February,2,23,21:47:27,Ribs,Lorde,Pure Heroine
2025-02-23T22:16:37Z,February,2,23,22:16:37,Supernatural,ITZY,GOLD
2025-02-23T23:02:12Z,February,2,23,23:02:12,B2b featuring tinashe,Charli xcx,Brat and it’s completely different but also still brat
2025-02-24T01:10:31Z,February,2,24,01:10:31,Novacane,Frank Ocean,Novacane
2025-02-24T04:04:45Z,February,2,24,04:04:45,Easy,Troye Sivan,In A Dream
2025-02-24T20:00:44Z,February,2,24,20:00:44,ZIPPER,BROCKHAMPTON,SATURATION III
2025-02-24T20:03:58Z,February,2,24,20:03:58,BOOGIE,BROCKHAMPTON,SATURATION III
2025-02-24T20:04:56Z,February,2,24,20:04:56,ZIPPER,BROCKHAMPTON,SATURATION III
2025-02-24T20:07:30Z,February,2,24,20:07:30,IS THIS LOVE,XG,AWE
2025-02-24T22:57:06Z,February,2,24,22:57:06,When I Rule the World,LIZ,When I Rule the World
2025-02-24T23:03:33Z,February,2,24,23:03:33,Superlove,Tinashe,Superlove
2025-02-24T23:13:54Z,February,2,24,23:13:54,High Fashion,Addison Rae,High Fashion
2025-02-24T23:16:43Z,February,2,24,23:16:43,Diet Pepsi,Addison Rae,Aquamarine
2025-02-24T23:43:39Z,February,2,24,23:43:39,Berlin Nightmare (feat. Evita Manji),SOPHIE,SOPHIE
2025-02-24T23:47:38Z,February,2,24,23:47:38,Pretty Savage,BLACKPINK,THE ALBUM
2025-02-24T23:50:37Z,February,2,24,23:50:37,B2b,Charli xcx,Club classics / B2b
2025-02-24T23:53:22Z,February,2,24,23:53:22,CRAZY,LE SSERAFIM,CRAZY
2025-02-24T23:58:49Z,February,2,24,23:58:49,Track 10,Charli xcx,Pop 2
2025-02-25T00:01:55Z,February,2,25,00:01:55,When I Rule the World,LIZ,When I Rule the World
2025-02-25T00:08:07Z,February,2,25,00:08:07,Me Pregunto,Belanova,Dulce Beat
2025-02-25T00:50:13Z,February,2,25,00:50:13,Baila Mi Corazón,Belanova,Fantasía Pop
2025-02-25T00:54:29Z,February,2,25,00:54:29,Dreamer - Compound Version,Charli xcx,Number 1 Angel
2025-02-25T00:58:09Z,February,2,25,00:58:09,Perfect Lover,Britney Spears,Blackout
2025-02-25T01:03:32Z,February,2,25,01:03:32,Apple,Charli xcx,BRAT
2025-02-25T01:06:27Z,February,2,25,01:06:27,HARD,SOPHIE,HARD
2025-02-25T01:26:46Z,February,2,25,01:26:46,24HRS,ITZY,IT'z ME
2025-02-25T01:30:37Z,February,2,25,01:30:37,ALIEN SUPERSTAR,Beyoncé,RENAISSANCE
2025-02-25T01:34:00Z,February,2,25,01:34:00,Roll with Me,Charli xcx,Number 1 Angel
2025-02-25T01:36:53Z,February,2,25,01:36:53,Smart,LE SSERAFIM,EASY
2025-02-25T01:41:13Z,February,2,25,01:41:13,Piece of Me,Britney Spears,Blackout
2025-02-25T01:45:37Z,February,2,25,01:45:37,Paper Gangsta,Lady Gaga,The Fame
2025-02-25T01:48:31Z,February,2,25,01:48:31,Next Level Charli,Charli xcx,Charli
2025-02-25T01:51:23Z,February,2,25,01:51:23,Don′t,LEE CHAE YEON,SHOWDOWN
2025-02-25T01:54:06Z,February,2,25,01:54:06,Aquamarine,Addison Rae,Aquamarine
2025-02-25T01:58:32Z,February,2,25,01:58:32,how2fly,ISOxo,kidsgonemad!
2025-02-25T02:03:10Z,February,2,25,02:03:10,I might say something stupid featuring the 1975 & jon hopkins,Charli xcx,Brat and it’s completely different but also still brat
2025-02-25T02:06:01Z,February,2,25,02:06:01,uhoh,Kim Petras,Feed The Beast
2025-02-25T02:09:56Z,February,2,25,02:09:56,Paradise (feat. Hannah Diamond),Charli xcx,Vroom Vroom EP
2025-02-25T02:13:26Z,February,2,25,02:13:26,Bum Like You,Robyn,Robyn
2025-02-25T02:17:20Z,February,2,25,02:17:20,sister,2hollis,boy
2025-02-25T02:19:54Z,February,2,25,02:19:54,February 2017 (feat. Clairo and Yaeji),Charli xcx,Charli
2025-02-25T02:24:27Z,February,2,25,02:24:27,SKYLIT,ISOxo,kidsgonemad!
2025-02-25T02:28:28Z,February,2,25,02:28:28,Starstruck,Lady Gaga,The Fame
2025-02-25T02:33:04Z,February,2,25,02:33:04,Radar,Britney Spears,Blackout
2025-02-25T02:37:22Z,February,2,25,02:37:22,No Sympathy,nimino,No Sympathy
2025-02-25T02:53:43Z,February,2,25,02:53:43,No Sympathy,nimino,No Sympathy
2025-02-25T02:57:20Z,February,2,25,02:57:20,Shaking Things Up,nimino,Shaking Things Up
2025-02-25T03:00:39Z,February,2,25,03:00:39,I Only Smoke When I Drink,nimino,Shaking Things Up
2025-02-25T03:02:58Z,February,2,25,03:02:58,Nothing Perfect,nimino,Shaking Things Up
2025-02-25T17:25:33Z,February,2,25,17:25:33,No Sympathy,nimino,No Sympathy
2025-02-25T17:28:51Z,February,2,25,17:28:51,Diet Pepsi,Addison Rae,Diet Pepsi
2025-02-25T17:32:09Z,February,2,25,17:32:09,High Fashion,Addison Rae,High Fashion
2025-02-25T18:41:35Z,February,2,25,18:41:35,Aquamarine,Addison Rae,Aquamarine
2025-02-25T18:58:49Z,February,2,25,18:58:49,IS THIS LOVE,XG,AWE
2025-02-25T19:03:33Z,February,2,25,19:03:33,Backseat (feat. Carly Rae Jepsen),Charli xcx,Pop 2
2025-02-25T19:09:07Z,February,2,25,19:09:07,Striptease,FKA twigs,EUSEXUA
2025-02-25T19:13:29Z,February,2,25,19:13:29,Yeah Yeah Yeah,BLACKPINK,BORN PINK
2025-02-25T19:16:09Z,February,2,25,19:16:09,Dade County Dreaming (feat. JT & Yung Miami),Camila Cabello,"C,XOXO"
2025-02-25T19:23:16Z,February,2,25,19:23:16,No Doubt,ENHYPEN,ROMANCE : UNTOLD -daydream-
2025-02-25T19:29:09Z,February,2,25,19:29:09,Amanaemonesia,Chairlift,Something
2025-02-25T19:35:39Z,February,2,25,19:35:39,Brooklyn Baby,Lana Del Rey,Ultraviolence
2025-02-25T23:06:46Z,February,2,25,23:06:46,No Sympathy,nimino,No Sympathy
2025-02-25T23:13:57Z,February,2,25,23:13:57,Yeah Right,Vince Staples,Big Fish Theory
2025-02-25T23:17:07Z,February,2,25,23:17:07,SAMO,Vince Staples,Big Fish Theory
2025-02-25T23:21:14Z,February,2,25,23:21:14,Moteur Action (SOPHIE & A. G. Cook remix),Yelle,Complètement Fou (Remix) [EP]
2025-02-26T00:23:27Z,February,2,26,00:23:27,If Jesus Was A Rockstar,Kim Petras,If Jesus Was A Rockstar
2025-02-26T00:27:56Z,February,2,26,00:27:56,Cherry,Lana Del Rey,Lust For Life
2025-02-26T00:31:32Z,February,2,26,00:31:32,Lucky,Charli xcx,Pop 2
2025-02-26T00:35:25Z,February,2,26,00:35:25,Telephone,Lady Gaga,The Fame Monster
2025-02-26T00:38:42Z,February,2,26,00:38:42,California,Lorde,Solar Power
2025-02-26T00:42:41Z,February,2,26,00:42:41,Masquerade,Nicki Minaj,Pink Friday ... Roman Reloaded
2025-02-26T00:45:11Z,February,2,26,00:45:11,claws,Charli xcx,how i'm feeling now
2025-02-26T00:49:04Z,February,2,26,00:49:04,rom com 2004,Soccer Mommy,rom com 2004
2025-02-26T00:52:52Z,February,2,26,00:52:52,Homemade Dynamite,Lorde,Melodrama
2025-02-26T00:57:04Z,February,2,26,00:57:04,Piece of Me,Britney Spears,Blackout
2025-02-26T01:00:55Z,February,2,26,01:00:55,Beautiful,A. G. Cook,"PC Music, Vol. 1"
2025-02-26T01:05:46Z,February,2,26,01:05:46,Heartache,A. G. Cook,Britpop
2025-02-26T01:09:04Z,February,2,26,01:09:04,Hot as Ice,Britney Spears,Blackout
2025-02-26T01:12:13Z,February,2,26,01:12:13,Midnight Rain,Taylor Swift,Midnights
2025-02-26T01:16:14Z,February,2,26,01:16:14,how2fly,ISOxo,kidsgonemad!
2025-02-26T01:19:19Z,February,2,26,01:19:19,B2b,Charli xcx,BRAT
2025-02-26T01:23:33Z,February,2,26,01:23:33,Closer To You,Clairo,Immunity
2025-02-26T01:37:28Z,February,2,26,01:37:28,Speed Drive (jamesjamesjames Remix) [From Barbie The Album],Charli xcx,Speed Drive (jamesjamesjames Remix) [From Barbie The Album]
2025-02-26T01:41:05Z,February,2,26,01:41:05,SO BAD,STAYC,Star To A Young Culture
2025-02-26T01:43:51Z,February,2,26,01:43:51,all-american bitch,Olivia Rodrigo,GUTS
2025-02-26T01:47:56Z,February,2,26,01:47:56,Torn,Natalie Imbruglia,Left Of The Middle
2025-02-26T01:50:49Z,February,2,26,01:50:49,Spinning (with Charli XCX & The 1975),No Rome,Spinning (with Charli XCX & The 1975)
2025-02-26T01:53:23Z,February,2,26,01:53:23,Roll Up,BLACKSWAN,Roll Up
2025-02-26T01:56:11Z,February,2,26,01:56:11,Sympathy is a knife,Charli xcx,BRAT
2025-02-26T01:59:44Z,February,2,26,01:59:44,Yeah Yeah Yeah,BLACKPINK,BORN PINK
2025-02-26T02:03:36Z,February,2,26,02:03:36,Maroon,Taylor Swift,Midnights
2025-02-26T02:07:32Z,February,2,26,02:07:32,detonate,Charli xcx,how i'm feeling now
2025-02-26T02:11:35Z,February,2,26,02:11:35,Just Dance,Lady Gaga,The Fame
2025-02-26T02:15:37Z,February,2,26,02:15:37,Radar,Britney Spears,Blackout
2025-02-26T02:17:53Z,February,2,26,02:17:53,Liability (Reprise),Lorde,Melodrama
2025-02-26T02:22:24Z,February,2,26,02:22:24,Galina,Allie X,Girl With No Face
2025-02-26T02:25:42Z,February,2,26,02:25:42,HOT,SEVENTEEN,SEVENTEEN 4th Album 'Face the Sun'
2025-02-26T02:29:19Z,February,2,26,02:29:19,Yeah Right,Vince Staples,Big Fish Theory
2025-02-26T02:33:59Z,February,2,26,02:33:59,My Barn My Rules,MCR-T,My Barn My Rules
2025-02-26T02:36:49Z,February,2,26,02:36:49,in my bag,Meg Donnelly,in my bag
2025-02-26T02:40:15Z,February,2,26,02:40:15,NAPLES,Brevin Kim,PAIN MUSEUM
2025-02-26T02:44:54Z,February,2,26,02:44:54,Sick To My Stomach,Rebecca Black,Let Her Burn
2025-02-26T02:47:16Z,February,2,26,02:47:16,Xcxoplex (with Charli XCX),A. G. Cook,Xcxoplex (with Charli XCX)
2025-02-26T02:50:54Z,February,2,26,02:50:54,Rewrite The Stars,Zac Efron,The Greatest Showman (Original Motion Picture Soundtrack)
2025-02-26T02:56:30Z,February,2,26,02:56:30,xXXi_wud_nvrstøp_ÜXXx (Remix) [feat. Tommy Cash & Hannah Diamond],100 gecs,1000 gecs and The Tree of Clues
2025-02-26T03:01:19Z,February,2,26,03:01:19,xXXi_wud_nvrstøp_ÜXXx (Remix) [feat. Tommy Cash & Hannah Diamond],100 gecs,1000 gecs and The Tree of Clues
2025-02-26T03:03:40Z,February,2,26,03:03:40,360 featuring robyn & yung lean,Charli xcx,360 featuring robyn and yung lean
2025-02-26T03:07:50Z,February,2,26,03:07:50,Revolver,Airwolf Paradise,Revolver
2025-02-26T03:10:36Z,February,2,26,03:10:36,IS THIS LOVE,XG,AWE
2025-02-26T04:45:17Z,February,2,26,04:45:17,RADIAL,ISOxo,RADIAL
2025-02-26T04:49:47Z,February,2,26,04:49:47,xXXi_wud_nvrstøp_ÜXXx (Remix) [feat. Tommy Cash & Hannah Diamond],100 gecs,1000 gecs and The Tree of Clues
2025-02-26T04:53:21Z,February,2,26,04:53:21,FANCY,TWICE,FANCY YOU
2025-02-26T04:56:49Z,February,2,26,04:56:49,CRAZY,LE SSERAFIM,CRAZY
2025-02-26T04:59:47Z,February,2,26,04:59:47,Talk,beabadoobee,Beatopia
2025-02-26T05:03:20Z,February,2,26,05:03:20,Imagining,Rina Sawayama,Hold The Girl
2025-02-26T05:17:35Z,February,2,26,05:17:35,Everything is romantic featuring caroline polachek,Charli xcx,Brat and it’s completely different but also still brat
2025-02-26T05:21:09Z,February,2,26,05:21:09,As If It's Your Last,BLACKPINK,As If It's Your Last
2025-02-26T05:23:24Z,February,2,26,05:23:24,Obsessed,Addison Rae,Obsessed
2025-02-26T05:28:16Z,February,2,26,05:28:16,Paper Gangsta,Lady Gaga,The Fame
2025-02-26T05:33:16Z,February,2,26,05:33:16,Warm (feat. HAIM),Charli xcx,Charli
2025-02-26T05:36:18Z,February,2,26,05:36:18,Paradise (feat. Hannah Diamond),Charli xcx,Vroom Vroom EP
2025-02-26T05:39:51Z,February,2,26,05:39:51,The Spins,Mac Miller,K.I.D.S.
2025-02-26T05:43:19Z,February,2,26,05:43:19,JUST LIKE WE NEVER SAID GOODBYE,SOPHIE,JUST LIKE WE NEVER SAID GOODBYE
2025-02-26T05:46:19Z,February,2,26,05:46:19,Yeah Yeah Yeah,BLACKPINK,BORN PINK
2025-02-26T05:50:50Z,February,2,26,05:50:50,Coachella - Woodstock In My Mind,Lana Del Rey,Lust For Life
2025-02-26T05:54:52Z,February,2,26,05:54:52,Hold It Against Me,Britney Spears,Femme Fatale (Deluxe Version)
2025-02-26T05:57:42Z,February,2,26,05:57:42,Diet Pepsi,Addison Rae,Aquamarine
2025-02-26T06:01:09Z,February,2,26,06:01:09,Porsche (feat. MØ),Charli xcx,Pop 2
2025-02-26T06:03:58Z,February,2,26,06:03:58,Castle In The Sky,Kim Petras,Feed The Beast
2025-02-26T06:08:31Z,February,2,26,06:08:31,Black Eye,Allie X,Girl With No Face
2025-02-26T06:11:14Z,February,2,26,06:11:14,Look At Her Now,Selena Gomez,Rare
2025-02-26T06:14:59Z,February,2,26,06:14:59,Tenemos Que Hablar,Bad Bunny,X 100PRE
2025-02-26T06:17:06Z,February,2,26,06:17:06,Double Negative (Skeleton Milkshake),Dominic Fike,What Could Possibly Go Wrong
2025-02-26T06:19:46Z,February,2,26,06:19:46,exes,Tate McRae,THINK LATER
2025-02-26T06:22:58Z,February,2,26,06:22:58,Golf On TV,Lennon Stella,Three. Two. One.
2025-02-26T06:26:19Z,February,2,26,06:26:19,Boys Boys Boys,Lady Gaga,The Fame
2025-02-26T06:30:11Z,February,2,26,06:30:11,TT,TWICE,Twicecoaster: Lane 1
2025-02-26T06:32:19Z,February,2,26,06:32:19,24HRS,ITZY,IT'z ME
2025-02-26T06:36:24Z,February,2,26,06:36:24,"I Got It (feat. Brooke Candy, CupcakKe and Pabllo Vittar)",Charli xcx,Pop 2
2025-02-26T06:39:05Z,February,2,26,06:39:05,Vision,(G)I-DLE,2
2025-02-26T06:48:12Z,February,2,26,06:48:12,Whole New World/Pretend World,SOPHIE,OIL OF EVERY PEARL'S UN-INSIDES
2025-02-26T06:51:54Z,February,2,26,06:51:54,Perfect Places,Lorde,Melodrama
2025-02-26T06:54:52Z,February,2,26,06:54:52,Smoke,Caroline Polachek,"Desire, I Want To Turn Into You"
2025-02-26T06:59:07Z,February,2,26,06:59:07,Government Hooker,Lady Gaga,Born This Way
2025-02-26T07:02:45Z,February,2,26,07:02:45,Stay The Night - Featuring Hayley Williams Of Paramore,Zedd,Clarity
2025-02-26T07:05:47Z,February,2,26,07:05:47,Supermodel,SZA,Ctrl
2025-02-26T07:09:42Z,February,2,26,07:09:42,Gossip Folks (feat. Ludacris),Missy Elliott,Under Construction
2025-02-26T07:12:43Z,February,2,26,07:12:43,you and i,wes mills,early days
2025-02-26T07:15:58Z,February,2,26,07:15:58,Lovesick Girls,BLACKPINK,THE ALBUM
2025-02-26T07:19:20Z,February,2,26,07:19:20,Brave,TWICE,BETWEEN 1&2
2025-02-26T07:23:32Z,February,2,26,07:23:32,Green Light,Lorde,Melodrama
2025-02-26T07:26:02Z,February,2,26,07:26:02,too late to cry,Carlie Hanson,too late to cry
2025-02-26T07:29:12Z,February,2,26,07:29:12,FEARLESS (2023 Ver.),LE SSERAFIM,UNFORGIVEN
2025-02-26T07:31:11Z,February,2,26,07:31:11,BIZCOCHITO,ROSALÍA,MOTOMAMI
2025-02-26T07:33:27Z,February,2,26,07:33:27,Liability (Reprise),Lorde,Melodrama
2025-02-26T07:36:09Z,February,2,26,07:36:09,fuck u,Royal & the Serpent,searching for nirvana
2025-02-26T07:40:03Z,February,2,26,07:40:03,Emotional,Charli xcx,Number 1 Angel
2025-02-26T07:43:02Z,February,2,26,07:43:02,Cruel Summer,Taylor Swift,Lover
2025-02-26T07:45:53Z,February,2,26,07:45:53,you broke me first,Tate McRae,TOO YOUNG TO BE SAD
2025-02-26T07:49:03Z,February,2,26,07:49:03,My Dilemma,Selena Gomez & The Scene,When The Sun Goes Down
2025-02-26T07:52:49Z,February,2,26,07:52:49,Girls Night Out,Charli xcx,Girls Night Out
2025-02-26T10:16:17Z,February,2,26,10:16:17,1-800-hot-n-fun,LE SSERAFIM,CRAZY
2025-02-26T10:18:58Z,February,2,26,10:18:58,bloodonmyhands (feat. Flo Milli),Tate McRae,So Close To What
2025-02-26T10:21:58Z,February,2,26,10:21:58,Revolving door,Tate McRae,So Close To What
2025-02-26T17:27:27Z,February,2,26,17:27:27,xXXi_wud_nvrstøp_ÜXXx (Remix) [feat. Tommy Cash & Hannah Diamond],100 gecs,1000 gecs and The Tree of Clues
2025-02-26T17:31:57Z,February,2,26,17:31:57,xXXi_wud_nvrstøp_ÜXXx (Remix) [feat. Tommy Cash & Hannah Diamond],100 gecs,1000 gecs and The Tree of Clues
2025-02-26T17:36:16Z,February,2,26,17:36:16,No Sympathy,nimino,No Sympathy
2025-02-27T00:47:03Z,February,2,27,00:47:03,Beautiful,A. G. Cook,"PC Music, Vol. 1"
2025-02-27T00:50:28Z,February,2,27,00:50:28,bloodonmyhands (feat. Flo Milli),Tate McRae,So Close To What
2025-02-27T00:54:34Z,February,2,27,00:54:34,Yeah Right,Vince Staples,Big Fish Theory
2025-02-27T00:58:18Z,February,2,27,00:58:18,Crabs In A Bucket,Vince Staples,Big Fish Theory
2025-02-27T01:02:02Z,February,2,27,01:02:02,Big Fish,Vince Staples,Big Fish Theory
2025-02-27T05:14:52Z,February,2,27,05:14:52,Alyssa Interlude,Vince Staples,Big Fish Theory
2025-02-27T07:23:45Z,February,2,27,07:23:45,Salvation,Rebecca Black,SALVATION
2025-02-27T07:38:19Z,February,2,27,07:38:19,Salvation,Rebecca Black,SALVATION
2025-02-27T07:40:35Z,February,2,27,07:40:35,American Doll,Rebecca Black,SALVATION
2025-02-27T07:43:33Z,February,2,27,07:43:33,Tears In My Pocket,Rebecca Black,SALVATION
2025-02-27T07:46:49Z,February,2,27,07:46:49,Do You Even Think About Me?,Rebecca Black,SALVATION
2025-02-27T07:57:18Z,February,2,27,07:57:18,Twist The Knife,Rebecca Black,SALVATION
2025-02-27T08:00:00Z,February,2,27,08:00:00,bloodonmyhands (feat. Flo Milli),Tate McRae,So Close To What
2025-02-27T19:46:05Z,February,2,27,19:46:05,Salvation,Rebecca Black,SALVATION
2025-02-27T19:48:27Z,February,2,27,19:48:27,American Doll,Rebecca Black,SALVATION
2025-02-27T19:51:24Z,February,2,27,19:51:24,Tears In My Pocket,Rebecca Black,SALVATION
2025-02-27T19:54:41Z,February,2,27,19:54:41,Do You Even Think About Me?,Rebecca Black,SALVATION
2025-02-27T19:58:06Z,February,2,27,19:58:06,Twist The Knife,Rebecca Black,SALVATION
2025-02-27T23:00:04Z,February,2,27,23:00:04,Yeah Right,Vince Staples,Big Fish Theory
2025-02-27T23:03:29Z,February,2,27,23:03:29,Twist The Knife,Rebecca Black,SALVATION
2025-02-27T23:06:29Z,February,2,27,23:06:29,Sugar Water Cyanide,Rebecca Black,SALVATION
2025-02-27T23:09:33Z,February,2,27,23:09:33,Tears In My Pocket,Rebecca Black,SALVATION
2025-02-27T23:12:53Z,February,2,27,23:12:53,Do You Even Think About Me?,Rebecca Black,SALVATION
2025-02-27T23:23:51Z,February,2,27,23:23:51,Twist The Knife,Rebecca Black,SALVATION
2025-02-27T23:28:22Z,February,2,27,23:28:22,xXXi_wud_nvrstøp_ÜXXx (Remix) [feat. Tommy Cash & Hannah Diamond],100 gecs,1000 gecs and The Tree of Clues
2025-02-27T23:35:55Z,February,2,27,23:35:55,No Sympathy,nimino,No Sympathy
2025-02-27T23:38:44Z,February,2,27,23:38:44,Doe Eyed,Rebecca Black,Let Her Burn
2025-02-27T23:42:43Z,February,2,27,23:42:43,Radar,Britney Spears,Blackout
2025-02-27T23:46:16Z,February,2,27,23:46:16,FOREVER,BABYMONSTER,FOREVER
2025-02-27T23:50:26Z,February,2,27,23:50:26,bellyache,Billie Eilish,Bellyache
2025-02-28T00:13:51Z,February,2,28,00:13:51,take it offff,horsegiirL,v.i.p. - very important pony
2025-02-28T01:07:38Z,February,2,28,01:07:38,Helen of Troy - Bonus Track,Lorde,Solar Power
2025-02-28T01:11:18Z,February,2,28,01:11:18,TING TING TING (with Oliver Heldens),ITZY,IT'z ME
2025-02-28T01:14:49Z,February,2,28,01:14:49,Smart,LE SSERAFIM,EASY
2025-02-28T01:17:56Z,February,2,28,01:17:56,No Angel,Charli xcx,Focus / No Angel
2025-02-28T01:21:58Z,February,2,28,01:21:58,Green Light,Lorde,Melodrama
2025-02-28T01:25:37Z,February,2,28,01:25:37,Hello goodbye,Charli xcx,Brat and it’s the same but there’s three more songs so it’s not
2025-02-28T01:28:28Z,February,2,28,01:28:28,naïve,WILLOW,lately I feel EVERYTHING
2025-02-28T01:31:28Z,February,2,28,01:31:28,Yeah Yeah Yeah,BLACKPINK,BORN PINK
2025-02-28T01:34:47Z,February,2,28,01:34:47,My Dilemma,Selena Gomez & The Scene,When The Sun Goes Down
2025-02-28T01:38:41Z,February,2,28,01:38:41,Starstruck,Lady Gaga,The Fame
2025-02-28T01:42:21Z,February,2,28,01:42:21,Got Me Started,Troye Sivan,Something To Give Each Other
2025-02-28T01:48:05Z,February,2,28,01:48:05,BLUE,Billie Eilish,HIT ME HARD AND SOFT
2025-02-28T01:51:17Z,February,2,28,01:51:17,Sober II (Melodrama),Lorde,Melodrama
2025-02-28T01:55:33Z,February,2,28,01:55:33,Drive,Miley Cyrus,Bangerz (Deluxe Version)
2025-02-28T01:59:03Z,February,2,28,01:59:03,White Flag,Clairo,Immunity
2025-02-28T02:03:01Z,February,2,28,02:03:01,FANCY,TWICE,FANCY YOU
2025-02-28T02:05:32Z,February,2,28,02:05:32,Cubana,Kim Petras,Slut Pop Miami
2025-02-28T02:08:38Z,February,2,28,02:08:38,No-Return (Into the unknown),LE SSERAFIM,UNFORGIVEN
2025-02-28T02:13:45Z,February,2,28,02:13:45,party 4 u,Charli xcx,how i'm feeling now
2025-02-28T02:16:33Z,February,2,28,02:16:33,SPOT!,ZICO,SPOT!
2025-02-28T02:19:22Z,February,2,28,02:19:22,Apple,Charli xcx,BRAT
2025-02-28T02:22:35Z,February,2,28,02:22:35,JUST LIKE WE NEVER SAID GOODBYE,SOPHIE,JUST LIKE WE NEVER SAID GOODBYE
2025-02-28T02:26:06Z,February,2,28,02:26:06,Hot as Ice,Britney Spears,Blackout
2025-02-28T02:29:49Z,February,2,28,02:29:49,Radio,Lana Del Rey,Born To Die - The Paradise Edition
2025-02-28T02:33:00Z,February,2,28,02:33:00,HARD,SOPHIE,HARD
2025-02-28T02:35:07Z,February,2,28,02:35:07,Double Negative (Skeleton Milkshake),Dominic Fike,What Could Possibly Go Wrong
2025-02-28T02:38:24Z,February,2,28,02:38:24,PLAYING WITH FIRE,BLACKPINK,SQUARE TWO
2025-02-28T02:42:19Z,February,2,28,02:42:19,Question...?,Taylor Swift,Midnights
2025-02-28T02:42:57Z,February,2,28,02:42:57,Do What U Want,Lady Gaga,Do What U Want
2025-02-28T02:46:30Z,February,2,28,02:46:30,Bum Like You,Robyn,Robyn
2025-02-28T02:49:04Z,February,2,28,02:49:04,too late to cry,Carlie Hanson,too late to cry
2025-02-28T02:52:12Z,February,2,28,02:52:12,slower,Tate McRae,TOO YOUNG TO BE SAD
2025-02-28T02:55:06Z,February,2,28,02:55:06,Be Kind (with Halsey),Marshmello,Be Kind (with Halsey)
2025-02-28T02:58:30Z,February,2,28,02:58:30,Tennis Court,Lorde,Pure Heroine
2025-02-28T03:01:10Z,February,2,28,03:01:10,Snot (feat. Deb Never),Carlie Hanson,Tough Boy
2025-02-28T03:04:40Z,February,2,28,03:04:40,Lucky Strike,Troye Sivan,Bloom
2025-02-28T03:08:00Z,February,2,28,03:08:00,pretty isn’t pretty,Olivia Rodrigo,GUTS
2025-02-28T03:10:16Z,February,2,28,03:10:16,I think about it all the time,Charli xcx,BRAT
2025-02-28T03:12:38Z,February,2,28,03:12:38,Sunset,Caroline Polachek,"Desire, I Want To Turn Into You"
2025-02-28T03:15:36Z,February,2,28,03:15:36,B.O.A.T.,Camila Cabello,"C,XOXO"
2025-02-28T03:18:10Z,February,2,28,03:18:10,guilty conscience,Tate McRae,THINK LATER
2025-02-28T03:22:00Z,February,2,28,03:22:00,Torn,Carlie Hanson,Wisconsin
2025-02-28T03:26:10Z,February,2,28,03:26:10,California,Lorde,Solar Power
2025-02-28T03:29:12Z,February,2,28,03:29:12,Feel Something,Clairo,Immunity
2025-02-28T03:32:58Z,February,2,28,03:32:58,Mood Ring,Lorde,Solar Power
2025-02-28T03:37:57Z,February,2,28,03:37:57,Smoke,Caroline Polachek,"Desire, I Want To Turn Into You"
2025-02-28T03:41:50Z,February,2,28,03:41:50,Don't Call,Daya,Don't Call
2025-02-28T03:45:26Z,February,2,28,03:45:26,ALIEN SUPERSTAR,Beyoncé,RENAISSANCE
2025-02-28T03:48:01Z,February,2,28,03:48:01,Therapist,Jeremy Zucker,CRUSHER
2025-02-28T03:52:29Z,February,2,28,03:52:29,The Man with the Axe,Lorde,Solar Power
2025-02-28T03:56:19Z,February,2,28,03:56:19,visions,Charli xcx,how i'm feeling now
2025-02-28T03:59:07Z,February,2,28,03:59:07,t r a n s p a r e n t s o u l feat. Travis Barker,WILLOW,t r a n s p a r e n t s o u l feat. Travis Barker
2025-02-28T04:01:57Z,February,2,28,04:01:57,Dynamite,ITZY,BORN TO BE
2025-02-28T04:05:51Z,February,2,28,04:05:51,Emotional,Charli xcx,Number 1 Angel
2025-02-28T04:09:28Z,February,2,28,04:09:28,Stellar,Incubus,Make Yourself
2025-02-28T04:12:56Z,February,2,28,04:12:56,Silver Cross,Charli xcx,Charli
2025-02-28T04:15:36Z,February,2,28,04:15:36,Sympathy is a knife,Charli xcx,BRAT
2025-02-28T04:19:43Z,February,2,28,04:19:43,When I Rule the World,LIZ,When I Rule the World
2025-02-28T04:23:11Z,February,2,28,04:23:11,Revolver,Airwolf Paradise,Revolver
2025-02-28T04:25:46Z,February,2,28,04:25:46,IS THIS LOVE,XG,AWE
2025-02-28T04:30:40Z,February,2,28,04:30:40,The Path,Lorde,Solar Power
2025-02-28T04:33:28Z,February,2,28,04:33:28,what's your problem?,Tate McRae,i used to think i could fly
2025-02-28T04:36:32Z,February,2,28,04:36:32,LSE to LAX,Carlie Hanson,Wisconsin
2025-02-28T04:40:50Z,February,2,28,04:40:50,VeLDÁ,Bad Bunny,DeBÍ TiRAR MáS FOToS
2025-02-28T04:43:46Z,February,2,28,04:43:46,Rakata,Arca,KICK ii
2025-02-28T04:46:12Z,February,2,28,04:46:12,El Alma Que Te Trajo,Safety Trance,El Alma Que Te Trajo
2025-02-28T04:49:12Z,February,2,28,04:49:12,Ball Like That,BamBam,BAMESIS
2025-02-28T04:52:32Z,February,2,28,04:52:32,Yeah Right,Vince Staples,Big Fish Theory
2025-02-28T04:56:10Z,February,2,28,04:56:10,You're Too Close,Francis Karel,You're Too Close
2025-02-28T05:00:48Z,February,2,28,05:00:48,Circus,Britney Spears,Circus (Deluxe Version)
2025-02-28T05:03:45Z,February,2,28,05:03:45,Elastigirl,LISA,Alter Ego
2025-02-28T05:06:34Z,February,2,28,05:06:34,Thunder,LISA,Alter Ego
2025-02-28T05:09:46Z,February,2,28,05:09:46,FXCK UP THE WORLD (feat. Future),LISA,Alter Ego
2025-02-28T05:12:32Z,February,2,28,05:12:32,Rapunzel (feat. Megan Thee Stallion),LISA,Alter Ego
2025-02-28T05:15:30Z,February,2,28,05:15:30,When I'm With You (feat. Tyla),LISA,Alter Ego
2025-02-28T05:17:42Z,February,2,28,05:17:42,BADGRRRL,LISA,Alter Ego
2025-02-28T05:20:24Z,February,2,28,05:20:24,Lifestyle,LISA,Alter Ego
2025-02-28T05:23:03Z,February,2,28,05:23:03,Chill,LISA,Alter Ego
2025-02-28T05:26:55Z,February,2,28,05:26:55,Dream,LISA,Alter Ego
2025-02-28T05:29:50Z,February,2,28,05:29:50,FXCK UP THE WORLD (Vixi Solo Version),LISA,Alter Ego
2025-02-28T05:32:10Z,February,2,28,05:32:10,Rapunzel (Kiki Solo Version),LISA,Alter Ego
2025-02-28T05:34:18Z,February,2,28,05:34:18,style,2hollis,style
2025-02-28T06:00:50Z,February,2,28,06:00:50,Chill,LISA,Alter Ego
2025-02-28T06:04:32Z,February,2,28,06:04:32,Twist The Knife,Rebecca Black,SALVATION
2025-02-28T06:09:39Z,February,2,28,06:09:39,Striptease,FKA twigs,EUSEXUA
2025-02-28T06:12:20Z,February,2,28,06:12:20,Cubana,Kim Petras,Slut Pop Miami
2025-02-28T06:16:45Z,February,2,28,06:16:45,Speed Drive (jamesjamesjames Remix) [From Barbie The Album],Charli xcx,Speed Drive (jamesjamesjames Remix) [From Barbie The Album]
2025-02-28T06:19:59Z,February,2,28,06:19:59,you and i,wes mills,early days
2025-02-28T06:23:23Z,February,2,28,06:23:23,365,Charli xcx,BRAT
2025-02-28T06:26:31Z,February,2,28,06:26:31,GET LOUD,TWICE,Feel Special
2025-02-28T06:30:50Z,February,2,28,06:30:50,STFU!,Rina Sawayama,SAWAYAMA
2025-02-28T06:32:55Z,February,2,28,06:32:55,Angel (From Barbie The Album),PinkPantheress,Angel (From Barbie The Album)
2025-02-28T06:35:59Z,February,2,28,06:35:59,Problématique,Kim Petras,Problématique
2025-02-28T06:38:40Z,February,2,28,06:38:40,SUBSTANCE,Demi Lovato,HOLY FVCK
2025-02-28T06:42:13Z,February,2,28,06:42:13,After Midnight,Chappell Roan,The Rise and Fall of a Midwest Princess
2025-02-28T06:45:20Z,February,2,28,06:45:20,No Angel,Charli xcx,Focus / No Angel
2025-02-28T06:47:10Z,February,2,28,06:47:10,BIZCOCHITO,ROSALÍA,MOTOMAMI
2025-02-28T06:51:01Z,February,2,28,06:51:01,Easy,Troye Sivan,In A Dream
2025-02-28T06:54:01Z,February,2,28,06:54:01,Chill,LISA,Alter Ego
2025-02-28T06:57:13Z,February,2,28,06:57:13,Von dutch a. g. cook remix featuring addison rae,Charli xcx,Brat and it’s completely different but also still brat
2025-02-28T07:00:31Z,February,2,28,07:00:31,PLAYING WITH FIRE,BLACKPINK,SQUARE TWO
2025-02-28T07:04:21Z,February,2,28,07:04:21,Caroline Shut Up,Caroline Polachek,Pang
2025-02-28T07:08:26Z,February,2,28,07:08:26,Getting Older,Billie Eilish,Happier Than Ever
2025-02-28T07:11:35Z,February,2,28,07:11:35,1999,Charli xcx,1999
2025-02-28T07:14:57Z,February,2,28,07:14:57,Destroy Me,Rebecca Black,Let Her Burn
2025-02-28T07:19:14Z,February,2,28,07:19:14,Escape Me (feat. C.C. Sheffield),Tiësto,Kaleidoscope
2025-02-28T07:24:30Z,February,2,28,07:24:30,Yummy,Gwen Stefani,The Sweet Escape
2025-02-28T07:28:04Z,February,2,28,07:28:04,Easy (with Kacey Musgraves feat. Mark Ronson),Troye Sivan,Easy (with Kacey Musgraves feat. Mark Ronson)
2025-02-28T07:31:26Z,February,2,28,07:31:26,Tambourine,Eve,Tambourine
2025-02-28T07:36:44Z,February,2,28,07:36:44,Delicious (feat. Tommy Cash),Charli xcx,Pop 2
2025-02-28T07:39:29Z,February,2,28,07:39:29,Obsessed,Addison Rae,Obsessed
2025-02-28T07:43:32Z,February,2,28,07:43:32,Rhythm Of Love,Danity Kane,DK3
2025-02-28T07:47:33Z,February,2,28,07:47:33,Here (In Your Arms),Hellogoodbye,Zombies! Aliens! Vampires! Dinosaurs!
2025-02-28T07:51:04Z,February,2,28,07:51:04,BIRDS OF A FEATHER,Billie Eilish,HIT ME HARD AND SOFT
2025-02-28T07:55:56Z,February,2,28,07:55:56,My Barn My Rules,MCR-T,My Barn My Rules
2025-02-28T07:59:45Z,February,2,28,07:59:45,NO PROBLEM (Feat. Felix of Stray Kids),NAYEON,IM NAYEON
2025-02-28T08:02:34Z,February,2,28,08:02:34,Roll Up,BLACKSWAN,Roll Up
2025-02-28T08:05:56Z,February,2,28,08:05:56,Sushi,Merk & Kremont,Sushi
2025-02-28T08:09:50Z,February,2,28,08:09:50,FIGURES,Jessie Reyez,Kiddo
2025-02-28T20:42:54Z,February,2,28,20:42:54,Chill,LISA,Alter Ego
2025-02-28T22:56:32Z,February,2,28,22:56:32,Chill,LISA,Alter Ego
2025-02-28T22:59:07Z,February,2,28,22:59:07,Rapunzel (Kiki Solo Version),LISA,Alter Ego
2025-02-28T23:03:40Z,February,2,28,23:03:40,Rapunzel (Kiki Solo Version),LISA,Alter Ego
2025-02-28T23:08:04Z,February,2,28,23:08:04,Rapunzel (Kiki Solo Version),LISA,Alter Ego
2025-02-28T23:11:01Z,February,2,28,23:11:01,Chill,LISA,Alter Ego
2025-02-28T23:13:27Z,February,2,28,23:13:27,Rapunzel (Kiki Solo Version),LISA,Alter Ego
2025-02-28T23:31:32Z,February,2,28,23:31:32,Rapunzel (Kiki Solo Version),LISA,Alter Ego
2025-02-28T23:36:36Z,February,2,28,23:36:36,Paradise (feat. Hannah Diamond),Charli xcx,Vroom Vroom EP
2025-02-28T23:38:55Z,February,2,28,23:38:55,Rapunzel (Kiki Solo Version),LISA,Alter Ego
2025-03-01T06:42:57Z,March,3,1,06:42:57,xXXi_wud_nvrstøp_ÜXXx (Remix) [feat. Tommy Cash & Hannah Diamond],100 gecs,1000 gecs and The Tree of Clues
2025-03-01T07:51:16Z,March,3,1,07:51:16,IS THIS LOVE,XG,AWE
2025-03-01T07:53:35Z,March,3,1,07:53:35,Rapunzel (Kiki Solo Version),LISA,Alter Ego
2025-03-01T07:56:21Z,March,3,1,07:56:21,Chill,LISA,Alter Ego
2025-03-01T07:59:10Z,March,3,1,07:59:10,Diet Pepsi,Addison Rae,Aquamarine
2025-03-01T08:02:25Z,March,3,1,08:02:25,I LUV IT (feat. Playboi Carti),Camila Cabello,"C,XOXO"
2025-03-01T08:05:51Z,March,3,1,08:05:51,Twist The Knife,Rebecca Black,SALVATION
2025-03-01T08:09:14Z,March,3,1,08:09:14,Salvation,Rebecca Black,SALVATION
2025-03-01T08:12:07Z,March,3,1,08:12:07,Sugar Water Cyanide,Rebecca Black,SALVATION
2025-03-01T08:15:10Z,March,3,1,08:15:10,Tears In My Pocket,Rebecca Black,SALVATION
2025-03-01T08:19:16Z,March,3,1,08:19:16,detonate,Charli xcx,how i'm feeling now
2025-03-01T09:06:14Z,March,3,1,09:06:14,Warm (feat. HAIM),Charli xcx,Charli
2025-03-01T09:10:11Z,March,3,1,09:10:11,Starstruck,Lady Gaga,The Fame
2025-03-01T09:14:18Z,March,3,1,09:14:18,Buzzcut Season,Lorde,Pure Heroine
2025-03-01T09:17:19Z,March,3,1,09:17:19,Apple featuring the japanese house,Charli xcx,Brat and it’s completely different but also still brat
2025-03-01T09:19:43Z,March,3,1,09:19:43,Busy Girl,Tove Lo,HEAT
2025-03-01T09:22:29Z,March,3,1,09:22:29,4EVER,Clairo,4EVER
2025-03-01T09:26:02Z,March,3,1,09:26:02,TT,TWICE,Twicecoaster: Lane 1
2025-03-01T09:29:24Z,March,3,1,09:29:24,Closer To You,Clairo,Immunity
2025-03-01T09:32:59Z,March,3,1,09:32:59,Party Till I Die,Kim Petras,TURN OFF THE LIGHT
2025-03-01T09:37:54Z,March,3,1,09:37:54,I like u (Extended),Tove Lo,I like u (Remixes)
2025-03-01T09:39:36Z,March,3,1,09:39:36,Cubana,Kim Petras,Slut Pop Miami
2025-03-01T09:43:18Z,March,3,1,09:43:18,Butterflies,NAYEON,NA
2025-03-01T09:47:49Z,March,3,1,09:47:49,Gimme More,Britney Spears,Blackout
2025-03-01T09:53:35Z,March,3,1,09:53:35,Coma,Caroline Polachek,"Desire, I Want To Turn Into You: Everasking Edition"
2025-03-01T09:56:27Z,March,3,1,09:56:27,February 2017 (feat. Clairo and Yaeji),Charli xcx,Charli
2025-03-01T19:11:04Z,March,3,1,19:11:04,Heartbreak Anthem (with David Guetta & Little Mix),Galantis,Heartbreak Anthem (with David Guetta & Little Mix)
2025-03-01T22:35:33Z,March,3,1,22:35:33,Rapunzel (Kiki Solo Version),LISA,Alter Ego
2025-03-01T22:38:13Z,March,3,1,22:38:13,Chill,LISA,Alter Ego
2025-03-01T22:41:18Z,March,3,1,22:41:18,Hit Me Where It Hurts,Caroline Polachek,Pang
2025-03-01T22:44:17Z,March,3,1,22:44:17,bellyache,Billie Eilish,Bellyache
2025-03-02T01:09:43Z,March,3,2,01:09:43,Gone,Charli xcx,Gone
2025-03-02T01:12:17Z,March,3,2,01:12:17,IS THIS LOVE,XG,AWE
2025-03-02T01:16:43Z,March,3,2,01:16:43,BUTTERFLY,MARINA,BUTTERFLY
2025-03-02T01:20:10Z,March,3,2,01:20:10,Twist The Knife,Rebecca Black,SALVATION
2025-03-02T02:29:47Z,March,3,2,02:29:47,Rapunzel (Kiki Solo Version),LISA,Alter Ego
2025-03-02T02:31:27Z,March,3,2,02:31:27,style,2hollis,style
2025-03-02T02:34:06Z,March,3,2,02:34:06,Chill,LISA,Alter Ego
2025-03-02T02:38:06Z,March,3,2,02:38:06,Supernatural,ITZY,GOLD
2025-03-02T02:41:12Z,March,3,2,02:41:12,Club classics featuring bb trickz,Charli xcx,Brat and it’s completely different but also still brat
2025-03-02T02:44:59Z,March,3,2,02:44:59,Mood Ring,Lorde,Solar Power
2025-03-02T02:49:41Z,March,3,2,02:49:41,Paper Gangsta,Lady Gaga,The Fame
2025-03-02T02:53:55Z,March,3,2,02:53:55,pretty isn’t pretty,Olivia Rodrigo,GUTS
2025-03-02T02:58:46Z,March,3,2,02:58:46,Stoned at the Nail Salon,Lorde,Solar Power
2025-03-02T03:03:01Z,March,3,2,03:03:01,Immaterial,SOPHIE,OIL OF EVERY PEARL'S UN-INSIDES
2025-03-02T03:06:12Z,March,3,2,03:06:12,what's your problem?,Tate McRae,i used to think i could fly
2025-03-02T03:10:50Z,March,3,2,03:10:50,Beautiful,A. G. Cook,"PC Music, Vol. 1"
2025-03-02T03:14:07Z,March,3,2,03:14:07,All The Girls,J. Worra,All The Girls
2025-03-02T03:18:52Z,March,3,2,03:18:52,Warm (feat. HAIM),Charli xcx,Charli
2025-03-02T03:21:51Z,March,3,2,03:21:51,Sober II (Melodrama),Lorde,Melodrama
2025-03-02T03:24:08Z,March,3,2,03:24:08,can friends kiss?,Camila Cabello,"C,XOXO"
2025-03-02T03:28:48Z,March,3,2,03:28:48,Adore You,Miley Cyrus,Bangerz (Deluxe Version)
2025-03-02T03:31:34Z,March,3,2,03:31:34,Sympathy is a knife,Charli xcx,BRAT
2025-03-02T03:34:30Z,March,3,2,03:34:30,Spinning (with Charli XCX & The 1975) (A. G. Cook Remix),Charli xcx,Spinning (A. G. Cook Remixes)
2025-03-02T03:37:40Z,March,3,2,03:37:40,Aquamarine,Addison Rae,Aquamarine
2025-03-02T03:40:33Z,March,3,2,03:40:33,Be Your USA,Finn Keane,ELECTRIC
2025-03-02T03:44:05Z,March,3,2,03:44:05,So I,Charli xcx,BRAT
2025-03-02T03:44:37Z,March,3,2,03:44:37,Wrong Turn,Kim Petras,TURN OFF THE LIGHT
2025-03-02T03:48:22Z,March,3,2,03:48:22,Radio,Lana Del Rey,Born To Die - The Paradise Edition
2025-03-02T03:52:55Z,March,3,2,03:52:55,Dark Paradise,Lana Del Rey,Born To Die - The Paradise Edition
2025-03-02T03:57:32Z,March,3,2,03:57:32,Summertime Sadness,Lana Del Rey,Born To Die - The Paradise Edition
2025-03-02T04:01:56Z,March,3,2,04:01:56,Dark Paradise,Lana Del Rey,Born To Die - The Paradise Edition
2025-03-02T04:05:51Z,March,3,2,04:05:51,Green Light,Lorde,Melodrama
2025-03-02T04:10:16Z,March,3,2,04:10:16,Marry The Night,Lady Gaga,Born This Way
2025-03-02T04:14:08Z,March,3,2,04:14:08,c2.0,Charli xcx,how i'm feeling now
2025-03-02T04:17:44Z,March,3,2,04:17:44,Cherry,Lana Del Rey,Lust For Life
2025-03-02T04:24:14Z,March,3,2,04:24:14,Heroin,Lana Del Rey,Lust For Life
2025-03-02T04:27:18Z,March,3,2,04:27:18,ONE SPARK,TWICE,With YOU-th
2025-03-02T04:30:51Z,March,3,2,04:30:51,FOREVER,BABYMONSTER,DRIP
2025-03-02T04:34:17Z,March,3,2,04:34:17,Secret (Shh),Charli xcx,Vroom Vroom EP
2025-03-02T04:37:27Z,March,3,2,04:37:27,Brave,TWICE,BETWEEN 1&2
2025-03-02T06:25:19Z,March,3,2,06:25:19,Talking to Yourself,Carly Rae Jepsen,The Loneliest Time
2025-03-02T06:28:43Z,March,3,2,06:28:43,I Really Like You,Carly Rae Jepsen,Emotion
2025-03-02T06:31:03Z,March,3,2,06:31:03,Rapunzel (Kiki Solo Version),LISA,Alter Ego
2025-03-02T06:35:02Z,March,3,2,06:35:02,Backseat (feat. Carly Rae Jepsen),Charli xcx,Pop 2
2025-03-02T06:37:43Z,March,3,2,06:37:43,Chill,LISA,Alter Ego
2025-03-02T06:40:51Z,March,3,2,06:40:51,Yeah Right,Vince Staples,Big Fish Theory
2025-03-02T06:45:10Z,March,3,2,06:45:10,No Sympathy,nimino,No Sympathy
2025-03-02T06:48:32Z,March,3,2,06:48:32,When I Rule the World,LIZ,When I Rule the World
2025-03-02T06:58:37Z,March,3,2,06:58:37,No Doubt,ENHYPEN,ROMANCE : UNTOLD -daydream-
2025-03-02T07:01:55Z,March,3,2,07:01:55,Bad Thing Twice,Carly Rae Jepsen,The Loneliest Time
2025-03-02T07:04:49Z,March,3,2,07:04:49,Talking to Yourself,Carly Rae Jepsen,The Loneliest Time
2025-03-02T07:33:09Z,March,3,2,07:33:09,I Really Like You,Carly Rae Jepsen,Emotion
2025-03-02T07:37:29Z,March,3,2,07:37:29,visions,Charli xcx,how i'm feeling now
2025-03-02T07:40:18Z,March,3,2,07:40:18,24HRS,ITZY,IT'z ME
2025-03-02T07:43:41Z,March,3,2,07:43:41,Supernatural,ITZY,GOLD
2025-03-02T07:47:17Z,March,3,2,07:47:17,Porsche (feat. MØ),Charli xcx,Pop 2
2025-03-02T07:48:38Z,March,3,2,07:48:38,say it,2hollis,boy
2025-03-02T07:50:59Z,March,3,2,07:50:59,take it offff,horsegiirL,v.i.p. - very important pony
2025-03-02T07:54:10Z,March,3,2,07:54:10,Sugar Water Cyanide,Rebecca Black,Sugar Water Cyanide
2025-03-02T07:57:46Z,March,3,2,07:57:46,Sober,Lorde,Melodrama
2025-03-02T08:01:08Z,March,3,2,08:01:08,Homemade Dynamite,Lorde,Melodrama
2025-03-02T08:05:39Z,March,3,2,08:05:39,The Louvre,Lorde,Melodrama
2025-03-02T08:10:30Z,March,3,2,08:10:30,Supercut,Lorde,Melodrama
2025-03-02T08:15:46Z,March,3,2,08:15:46,Perfect Places,Lorde,Melodrama
2025-03-02T08:23:33Z,March,3,2,08:23:33,ANTIFRAGILE,LE SSERAFIM,ANTIFRAGILE
2025-03-02T08:25:54Z,March,3,2,08:25:54,too late to cry,Carlie Hanson,too late to cry
2025-03-02T08:28:36Z,March,3,2,08:28:36,Sympathy is a knife featuring ariana grande,Charli xcx,Brat and it’s completely different but also still brat
2025-03-02T08:33:53Z,March,3,2,08:33:53,Off To The Races,Lana Del Rey,Born To Die - The Paradise Edition
2025-03-02T08:37:27Z,March,3,2,08:37:27,As If It's Your Last,BLACKPINK,As If It's Your Last
2025-03-02T08:41:28Z,March,3,2,08:41:28,Starburned and Unkissed,Caroline Polachek,Starburned and Unkissed
2025-03-02T08:52:09Z,March,3,2,08:52:09,I Believe,Caroline Polachek,"Desire, I Want To Turn Into You"
2025-03-02T08:54:33Z,March,3,2,08:54:33,365 featuring shygirl,Charli xcx,365 featuring shygirl
2025-03-03T05:20:55Z,March,3,3,05:20:55,I Really Like You,Carly Rae Jepsen,Emotion
2025-03-03T05:23:49Z,March,3,3,05:23:49,Talking to Yourself,Carly Rae Jepsen,The Loneliest Time
2025-03-03T05:26:30Z,March,3,3,05:26:30,walk away as the door slams,Lil Peep,HELLBOY
2025-03-03T05:29:05Z,March,3,3,05:29:05,Rapunzel (Kiki Solo Version),LISA,Alter Ego
2025-03-03T05:31:47Z,March,3,3,05:31:47,Chill,LISA,Alter Ego
2025-03-03T05:35:18Z,March,3,3,05:35:18,SOMETHING AIN'T RIGHT,XG,AWE
2025-03-03T05:38:06Z,March,3,3,05:38:06,No Doubt,ENHYPEN,ROMANCE : UNTOLD -daydream-
2025-03-03T05:40:42Z,March,3,3,05:40:42,IS THIS LOVE,XG,AWE
2025-03-03T05:44:32Z,March,3,3,05:44:32,"Jumpin', Jumpin'",Destiny's Child,The Writing's On The Wall
2025-03-03T05:48:08Z,March,3,3,05:48:08,Yeah Right,Vince Staples,Big Fish Theory
2025-03-03T06:04:07Z,March,3,3,06:04:07,Surrender My Heart,Carly Rae Jepsen,The Loneliest Time
2025-03-03T06:18:13Z,March,3,3,06:18:13,Bad Thing Twice,Carly Rae Jepsen,The Loneliest Time
2025-03-03T06:22:07Z,March,3,3,06:22:07,Green Light,Lorde,Melodrama
2025-03-03T06:25:06Z,March,3,3,06:25:06,Liability (Reprise),Lorde,Melodrama
2025-03-03T06:27:51Z,March,3,3,06:27:51,Psychic Lover,ITZY,KILL MY DOUBT
2025-03-03T20:07:01Z,March,3,3,20:07:01,Rapunzel (Kiki Solo Version),LISA,Alter Ego
2025-03-03T20:10:37Z,March,3,3,20:10:37,Chill,LISA,Alter Ego
2025-03-03T20:14:39Z,March,3,3,20:14:39,Circumambient,Grimes,Visions
2025-03-03T20:18:35Z,March,3,3,20:18:35,Club classics,Charli xcx,BRAT
2025-03-03T23:09:54Z,March,3,3,23:09:54,Perfect Places,Lorde,Melodrama
2025-03-03T23:13:37Z,March,3,3,23:13:37,Talking to Yourself,Carly Rae Jepsen,The Loneliest Time
2025-03-03T23:17:02Z,March,3,3,23:17:02,I Really Like You,Carly Rae Jepsen,Emotion
2025-03-03T23:21:01Z,March,3,3,23:21:01,Backseat (feat. Carly Rae Jepsen),Charli xcx,Pop 2
2025-03-03T23:23:57Z,March,3,3,23:23:57,Rapunzel (Kiki Solo Version),LISA,Alter Ego
2025-03-03T23:26:37Z,March,3,3,23:26:37,Chill,LISA,Alter Ego
2025-03-04T00:45:36Z,March,3,4,00:45:36,Bum Like You,Robyn,Robyn
2025-03-04T01:02:57Z,March,3,4,01:02:57,Hot as Ice,Britney Spears,Blackout
2025-03-04T01:06:27Z,March,3,4,01:06:27,Bum Like You,Robyn,Robyn
2025-03-04T01:24:39Z,March,3,4,01:24:39,Homemade Dynamite,Lorde,Melodrama
2025-03-04T01:28:05Z,March,3,4,01:28:05,Sober,Lorde,Melodrama
2025-03-04T01:29:50Z,March,3,4,01:29:50,Starstruck,Lady Gaga,The Fame
2025-03-04T01:32:06Z,March,3,4,01:32:06,Maroon,Taylor Swift,Midnights
2025-03-04T01:33:58Z,March,3,4,01:33:58,Maroon,Taylor Swift,Midnights
2025-03-04T01:37:13Z,March,3,4,01:37:13,People You Know,Selena Gomez,Rare
2025-03-04T19:22:41Z,March,3,4,19:22:41,Rapunzel (Kiki Solo Version),LISA,Alter Ego
2025-03-04T19:23:14Z,March,3,4,19:23:14,Don't Call,Daya,Don't Call
2025-03-04T19:25:23Z,March,3,4,19:25:23,Chill,LISA,Alter Ego
2025-03-04T19:29:43Z,March,3,4,19:29:43,Yeah Right,Vince Staples,Big Fish Theory
2025-03-04T19:32:44Z,March,3,4,19:32:44,Rakata,Arca,KICK ii
2025-03-05T05:08:52Z,March,3,5,05:08:52,Radio,Lana Del Rey,Born To Die - The Paradise Edition
2025-03-05T05:11:36Z,March,3,5,05:11:36,Chill,LISA,Alter Ego
2025-03-05T05:13:57Z,March,3,5,05:13:57,Rapunzel (Kiki Solo Version),LISA,Alter Ego
2025-03-05T05:19:06Z,March,3,5,05:19:06,Perfect Lover,Britney Spears,Blackout
2025-03-05T05:22:48Z,March,3,5,05:22:48,365,Charli xcx,BRAT
2025-03-05T05:28:40Z,March,3,5,05:28:40,Nothing More to Say - Vox,SOPHIE,Nothing More to Say
2025-03-05T05:35:48Z,March,3,5,05:35:48,I Really Like You,Carly Rae Jepsen,Emotion
2025-03-05T05:38:40Z,March,3,5,05:38:40,Nice to meet you (feat. Central Cee),PinkPantheress,Heaven knows
2025-03-06T02:20:53Z,March,3,6,02:20:53,Talking to Yourself,Carly Rae Jepsen,The Loneliest Time
2025-03-06T02:25:38Z,March,3,6,02:25:38,Get Naked (I Got a Plan),Britney Spears,Blackout
2025-03-06T19:45:10Z,March,3,6,19:45:10,GODSPEED,Camila Cabello,"C,XOXO"
2025-03-06T19:48:06Z,March,3,6,19:48:06,Chill,LISA,Alter Ego
2025-03-06T19:54:11Z,March,3,6,19:54:11,Twist The Knife,Rebecca Black,SALVATION
2025-03-06T19:57:11Z,March,3,6,19:57:11,Sugar Water Cyanide,Rebecca Black,SALVATION
2025-03-06T20:00:13Z,March,3,6,20:00:13,Tears In My Pocket,Rebecca Black,SALVATION
2025-03-06T22:00:48Z,March,3,6,22:00:48,Cinderella,Remi Wolf,Big Ideas
2025-03-06T22:03:56Z,March,3,6,22:03:56,Yeah Right,Vince Staples,Big Fish Theory
2025-03-06T22:08:15Z,March,3,6,22:08:15,No Sympathy,nimino,No Sympathy
2025-03-06T22:12:06Z,March,3,6,22:12:06,When I Rule the World,LIZ,When I Rule the World
2025-03-06T22:16:00Z,March,3,6,22:16:00,Superlove,Tinashe,Superlove
2025-03-06T22:32:44Z,March,3,6,22:32:44,take it offff,horsegiirL,v.i.p. - very important pony
2025-03-06T22:36:21Z,March,3,6,22:36:21,Rapunzel (Kiki Solo Version),LISA,Alter Ego
2025-03-06T22:39:20Z,March,3,6,22:39:20,FXCK UP THE WORLD (Vixi Solo Version),LISA,Alter Ego
2025-03-06T22:42:11Z,March,3,6,22:42:11,Chill,LISA,Alter Ego
2025-03-07T02:54:08Z,March,3,7,02:54:08,Chill,LISA,Alter Ego
2025-03-07T02:56:46Z,March,3,7,02:56:46,Doe Eyed,Rebecca Black,Let Her Burn
2025-03-07T03:24:42Z,March,3,7,03:24:42,Bitch I'm Madonna,Madonna,Rebel Heart
2025-03-07T03:27:45Z,March,3,7,03:27:45,B2b,Charli xcx,BRAT
2025-03-07T03:30:30Z,March,3,7,03:30:30,Roll Up,BLACKSWAN,Roll Up
2025-03-07T03:33:46Z,March,3,7,03:33:46,Cherry,Lana Del Rey,Lust For Life
2025-03-07T03:40:30Z,March,3,7,03:40:30,Diet Pepsi,Addison Rae,Aquamarine
2025-03-07T03:44:48Z,March,3,7,03:44:48,c2.0,Charli xcx,how i'm feeling now
2025-03-07T03:47:35Z,March,3,7,03:47:35,guilty conscience,Tate McRae,THINK LATER
2025-03-07T03:51:12Z,March,3,7,03:51:12,Pretty In Possible,Caroline Polachek,"Desire, I Want To Turn Into You"
2025-03-07T03:53:07Z,March,3,7,03:53:07,The Edge Of Glory,Lady Gaga,Born This Way
2025-03-07T03:56:35Z,March,3,7,03:56:35,Lucky Strike,Troye Sivan,Bloom
2025-03-07T04:01:06Z,March,3,7,04:01:06,Galina,Allie X,Girl With No Face
2025-03-07T04:04:24Z,March,3,7,04:04:24,Homemade Dynamite,Lorde,Melodrama
2025-03-07T04:07:34Z,March,3,7,04:07:34,My Dilemma,Selena Gomez & The Scene,When The Sun Goes Down
2025-03-07T04:11:13Z,March,3,7,04:11:13,Maroon,Taylor Swift,Midnights
2025-03-07T04:16:02Z,March,3,7,04:16:02,xXXi_wud_nvrstøp_ÜXXx (Remix) [feat. Tommy Cash & Hannah Diamond],100 gecs,1000 gecs and The Tree of Clues
2025-03-07T04:18:56Z,March,3,7,04:18:56,Sunset,Caroline Polachek,"Desire, I Want To Turn Into You"
2025-03-07T04:23:01Z,March,3,7,04:23:01,Radar,Britney Spears,Blackout
2025-03-07T04:26:10Z,March,3,7,04:26:10,Club classics,Charli xcx,BRAT
2025-03-07T04:29:20Z,March,3,7,04:29:20,I got it bad,Addison Rae,AR
2025-03-07T04:32:44Z,March,3,7,04:32:44,Everything is romantic,Charli xcx,BRAT
2025-03-07T04:35:56Z,March,3,7,04:35:56,Yeah Yeah Yeah,BLACKPINK,BORN PINK
2025-03-07T04:39:25Z,March,3,7,04:39:25,Sober II (Melodrama),Lorde,Melodrama
2025-03-07T04:42:55Z,March,3,7,04:42:55,Bum Like You,Robyn,Robyn
2025-03-07T04:47:05Z,March,3,7,04:47:05,Stay The Night - Featuring Hayley Williams Of Paramore,Zedd,Clarity
2025-03-07T04:49:58Z,March,3,7,04:49:58,Nothing On (But The Radio),Addison Rae,AR
2025-03-07T04:52:42Z,March,3,7,04:52:42,Aquamarine,Addison Rae,Aquamarine
2025-03-07T04:55:45Z,March,3,7,04:55:45,Club classics featuring bb trickz,Charli xcx,Brat and it’s completely different but also still brat
2025-03-07T04:59:59Z,March,3,7,04:59:59,Warm (feat. HAIM),Charli xcx,Charli
2025-03-07T05:03:46Z,March,3,7,05:03:46,New Woman (feat. ROSALÍA),LISA,New Woman (feat. ROSALÍA)
2025-03-07T05:07:11Z,March,3,7,05:07:11,Rakata,Arca,KICK ii
2025-03-07T06:31:49Z,March,3,7,06:31:49,The Man with the Axe,Lorde,Solar Power
2025-03-07T06:37:07Z,March,3,7,06:37:07,like JENNIE,JENNIE,Ruby
2025-03-07T06:40:29Z,March,3,7,06:40:29,ZEN,JENNIE,Ruby
2025-03-07T06:43:23Z,March,3,7,06:43:23,Talking to Yourself,Carly Rae Jepsen,The Loneliest Time
2025-03-07T06:48:53Z,March,3,7,06:48:53,Chill,LISA,Alter Ego
2025-03-07T06:51:13Z,March,3,7,06:51:13,Rapunzel (Kiki Solo Version),LISA,Alter Ego
2025-03-07T06:54:39Z,March,3,7,06:54:39,Twist The Knife,Rebecca Black,SALVATION
2025-03-07T06:57:27Z,March,3,7,06:57:27,No Doubt,ENHYPEN,ROMANCE : UNTOLD -daydream-
2025-03-07T18:56:38Z,March,3,7,18:56:38,IS THIS LOVE,XG,AWE
2025-03-07T21:35:12Z,March,3,7,21:35:12,If You Hadn’t Been There,Dolly Parton,If You Hadn’t Been There
2025-03-08T20:31:53Z,March,3,8,20:31:53,like JENNIE,JENNIE,Ruby
2025-03-08T20:34:38Z,March,3,8,20:34:38,start a war,JENNIE,Ruby
2025-03-08T20:37:22Z,March,3,8,20:37:22,Handlebars (feat. Dua Lipa),JENNIE,Ruby
2025-03-08T20:40:42Z,March,3,8,20:40:42,ZEN,JENNIE,Ruby
2025-03-08T20:43:18Z,March,3,8,20:43:18,Filter,JENNIE,Ruby
2025-03-08T23:45:07Z,March,3,8,23:45:07,ZEN,JENNIE,Ruby
2025-03-08T23:47:16Z,March,3,8,23:47:16,like JENNIE,JENNIE,Ruby
2025-03-08T23:50:34Z,March,3,8,23:50:34,Yeah Right,Vince Staples,Big Fish Theory
2025-03-08T23:54:11Z,March,3,8,23:54:11,Doe Eyed,Rebecca Black,Let Her Burn
2025-03-08T23:58:55Z,March,3,8,23:58:55,Striptease,FKA twigs,EUSEXUA
2025-03-09T00:01:27Z,March,3,9,00:01:27,IS THIS LOVE,XG,AWE
2025-03-09T00:04:37Z,March,3,9,00:04:37,Diet Pepsi,Addison Rae,Aquamarine
2025-03-09T00:09:03Z,March,3,9,00:09:03,Piece of Me,Britney Spears,Blackout
2025-03-09T00:13:14Z,March,3,9,00:13:14,Don't Call,Daya,Don't Call
2025-03-09T00:18:09Z,March,3,9,00:18:09,A World Alone,Lorde,Pure Heroine
2025-03-09T00:22:08Z,March,3,9,00:22:08,Perfect Places,Lorde,Melodrama
2025-03-09T00:26:13Z,March,3,9,00:26:13,Mood Ring,Lorde,Solar Power
2025-03-09T02:04:23Z,March,3,9,02:04:23,FIVE,ITZY,GOLD
2025-03-09T02:09:33Z,March,3,9,02:09:33,Knew Better / Forever Boy,Ariana Grande,Dangerous Woman
2025-03-09T02:13:33Z,March,3,9,02:13:33,Radio,Lana Del Rey,Born To Die - The Paradise Edition
2025-03-09T02:16:40Z,March,3,9,02:16:40,Midnight Rain,Taylor Swift,Midnights
2025-03-09T02:19:56Z,March,3,9,02:19:56,White Flag,Clairo,Immunity
2025-03-09T02:22:40Z,March,3,9,02:22:40,Next Level Charli,Charli xcx,Charli
2025-03-09T21:48:39Z,March,3,9,21:48:39,Tears In My Pocket,Rebecca Black,SALVATION
2025-03-09T21:52:01Z,March,3,9,21:52:01,ZEN,JENNIE,Ruby
2025-03-09T21:54:41Z,March,3,9,21:54:41,Chill,LISA,Alter Ego
2025-03-09T21:57:50Z,March,3,9,21:57:50,Yeah Right,Vince Staples,Big Fish Theory
2025-03-09T22:01:51Z,March,3,9,22:01:51,Warm (feat. HAIM),Charli xcx,Charli
2025-03-09T22:21:27Z,March,3,9,22:21:27,High Fashion,Addison Rae,High Fashion
2025-03-09T22:26:26Z,March,3,9,22:26:26,High Fashion,Addison Rae,High Fashion
2025-03-09T22:29:51Z,March,3,9,22:29:51,I Really Like You,Carly Rae Jepsen,Emotion
2025-03-09T22:33:50Z,March,3,9,22:33:50,Backseat (feat. Carly Rae Jepsen),Charli xcx,Pop 2
2025-03-09T22:36:40Z,March,3,9,22:36:40,Diet Pepsi,Addison Rae,Diet Pepsi
2025-03-09T22:39:39Z,March,3,9,22:39:39,Yeah Yeah Yeah,BLACKPINK,BORN PINK
2025-03-09T22:49:38Z,March,3,9,22:49:38,detonate,Charli xcx,how i'm feeling now
2025-03-09T22:54:02Z,March,3,9,22:54:02,Paper Gangsta,Lady Gaga,The Fame
2025-03-09T22:57:19Z,March,3,9,22:57:19,Hot as Ice,Britney Spears,Blackout
2025-03-09T23:01:59Z,March,3,9,23:01:59,Bum Like You,Robyn,Robyn
2025-03-09T23:05:35Z,March,3,9,23:05:35,Trophy,Charli xcx,Vroom Vroom EP
2025-03-09T23:08:44Z,March,3,9,23:08:44,Supernatural,ITZY,GOLD
2025-03-09T23:11:27Z,March,3,9,23:11:27,bloodonmyhands (feat. Flo Milli),Tate McRae,So Close To What
2025-03-09T23:16:04Z,March,3,9,23:16:04,Closer To You,Clairo,Immunity
2025-03-09T23:17:58Z,March,3,9,23:17:58,Revolving door,Tate McRae,So Close To What
2025-03-09T23:21:10Z,March,3,9,23:21:10,SOMETHING AIN'T RIGHT,XG,AWE
2025-03-09T23:24:08Z,March,3,9,23:24:08,Tears In My Pocket,Rebecca Black,SALVATION
2025-03-09T23:38:55Z,March,3,9,23:38:55,When I Rule the World,LIZ,When I Rule the World
2025-03-09T23:41:51Z,March,3,9,23:41:51,I LUV IT (feat. Playboi Carti),Camila Cabello,"C,XOXO"
2025-03-09T23:46:55Z,March,3,9,23:46:55,Goodnight and Go,Imogen Heap,Speak for Yourself
2025-03-09T23:49:47Z,March,3,9,23:49:47,Who,Jimin,MUSE
2025-03-09T23:52:29Z,March,3,9,23:52:29,February 2017 (feat. Clairo and Yaeji),Charli xcx,Charli
2025-03-09T23:54:46Z,March,3,9,23:54:46,Mantra,JENNIE,Ruby
2025-03-09T23:58:08Z,March,3,9,23:58:08,ZEN,JENNIE,Ruby
2025-03-10T00:02:52Z,March,3,10,00:02:52,Striptease,FKA twigs,EUSEXUA
2025-03-10T00:07:30Z,March,3,10,00:07:30,Who's That Chick? (feat. Rihanna),David Guetta,One More Love
2025-03-10T00:11:20Z,March,3,10,00:11:20,Can't We Just Leave the Monster Alive?,TOMORROW X TOGETHER,The Dream Chapter: MAGIC
2025-03-10T00:14:55Z,March,3,10,00:14:55,Radio,Lana Del Rey,Born To Die - The Paradise Edition
2025-03-10T00:18:10Z,March,3,10,00:18:10,Bunny Is A Rider,Caroline Polachek,"Desire, I Want To Turn Into You"
2025-03-10T00:20:41Z,March,3,10,00:20:41,Sympathy is a knife,Charli xcx,BRAT
2025-03-10T04:28:10Z,March,3,10,04:28:10,c2.0,Charli xcx,how i'm feeling now
2025-03-10T06:14:15Z,March,3,10,06:14:15,Intro : JANE with FKJ,JENNIE,Ruby
2025-03-10T06:16:18Z,March,3,10,06:16:18,like JENNIE,JENNIE,Ruby
2025-03-10T06:19:03Z,March,3,10,06:19:03,start a war,JENNIE,Ruby
2025-03-10T06:22:08Z,March,3,10,06:22:08,Handlebars (feat. Dua Lipa),JENNIE,Ruby
2025-03-10T06:24:52Z,March,3,10,06:24:52,with the IE (way up),JENNIE,Ruby
2025-03-10T06:27:40Z,March,3,10,06:27:40,ExtraL (feat. Doechii),JENNIE,Ruby
2025-03-10T06:29:56Z,March,3,10,06:29:56,Mantra,JENNIE,Ruby
2025-03-10T06:32:56Z,March,3,10,06:32:56,Love Hangover (feat. Dominic Fike),JENNIE,Ruby
2025-03-10T06:36:18Z,March,3,10,06:36:18,ZEN,JENNIE,Ruby
2025-03-10T06:40:08Z,March,3,10,06:40:08,Damn Right (feat. Childish Gambino & Kali Uchis),JENNIE,Ruby
2025-03-10T06:42:41Z,March,3,10,06:42:41,F.T.S.,JENNIE,Ruby
2025-03-10T06:45:12Z,March,3,10,06:45:12,Filter,JENNIE,Ruby
2025-03-10T06:47:57Z,March,3,10,06:47:57,Seoul City,JENNIE,Ruby
2025-03-10T06:50:45Z,March,3,10,06:50:45,Starlight,JENNIE,Ruby
2025-03-10T06:54:14Z,March,3,10,06:54:14,twin,JENNIE,Ruby
2025-03-10T06:58:07Z,March,3,10,06:58:07,2iss025,2hollis,2iss025
2025-03-10T07:01:57Z,March,3,10,07:01:57,Born Again (feat. Doja Cat & RAYE),LISA,Alter Ego
2025-03-10T07:04:15Z,March,3,10,07:04:15,Rockstar,LISA,Alter Ego
2025-03-10T07:07:13Z,March,3,10,07:07:13,Elastigirl,LISA,Alter Ego
2025-03-10T07:10:01Z,March,3,10,07:10:01,Thunder,LISA,Alter Ego
2025-03-10T07:13:01Z,March,3,10,07:13:01,New Woman (feat. ROSALÍA),LISA,Alter Ego
2025-03-10T07:16:05Z,March,3,10,07:16:05,FXCK UP THE WORLD (feat. Future),LISA,Alter Ego
2025-03-10T07:18:51Z,March,3,10,07:18:51,Rapunzel (feat. Megan Thee Stallion),LISA,Alter Ego
2025-03-10T07:21:26Z,March,3,10,07:21:26,Moonlit Floor (Kiss Me),LISA,Alter Ego
2025-03-10T07:24:19Z,March,3,10,07:24:19,When I'm With You (feat. Tyla),LISA,Alter Ego
2025-03-10T07:26:32Z,March,3,10,07:26:32,BADGRRRL,LISA,Alter Ego
2025-03-10T07:29:13Z,March,3,10,07:29:13,Lifestyle,LISA,Alter Ego
2025-03-10T07:31:52Z,March,3,10,07:31:52,Chill,LISA,Alter Ego
2025-03-10T07:35:36Z,March,3,10,07:35:36,Dream,LISA,Alter Ego
2025-03-10T07:38:31Z,March,3,10,07:38:31,FXCK UP THE WORLD (Vixi Solo Version),LISA,Alter Ego
2025-03-10T07:40:51Z,March,3,10,07:40:51,Rapunzel (Kiki Solo Version),LISA,Alter Ego
2025-03-10T07:46:07Z,March,3,10,07:46:07,Bum Like You,Robyn,Robyn
2025-03-10T19:03:33Z,March,3,10,19:03:33,Air,YEJI,AIR
2025-03-10T19:06:49Z,March,3,10,19:06:49,Air,YEJI,AIR
2025-03-10T19:09:37Z,March,3,10,19:09:37,Invasion,YEJI,AIR
2025-03-10T19:12:35Z,March,3,10,19:12:35,"Can’t Slow Me, No",YEJI,AIR
2025-03-10T19:15:48Z,March,3,10,19:15:48,258,YEJI,AIR
2025-03-10T19:17:52Z,March,3,10,19:17:52,like JENNIE,JENNIE,Ruby
2025-03-10T21:19:30Z,March,3,10,21:19:30,Air,YEJI,AIR
2025-03-10T21:22:47Z,March,3,10,21:22:47,258,YEJI,AIR
2025-03-10T21:25:50Z,March,3,10,21:25:50,Invasion,YEJI,AIR
2025-03-10T21:29:04Z,March,3,10,21:29:04,Air,YEJI,AIR
2025-03-10T21:53:48Z,March,3,10,21:53:48,"Can’t Slow Me, No",YEJI,AIR
2025-03-10T22:22:47Z,March,3,10,22:22:47,Air,YEJI,AIR
2025-03-10T22:27:13Z,March,3,10,22:27:13,258,YEJI,AIR
2025-03-10T22:30:27Z,March,3,10,22:30:27,Air,YEJI,AIR
2025-03-10T22:35:26Z,March,3,10,22:35:26,Chill,LISA,Alter Ego
2025-03-10T22:37:37Z,March,3,10,22:37:37,take it offff,horsegiirL,v.i.p. - very important pony
2025-03-10T22:40:20Z,March,3,10,22:40:20,bloodonmyhands (feat. Flo Milli),Tate McRae,So Close To What
2025-03-10T22:43:34Z,March,3,10,22:43:34,Yeah Right,Vince Staples,Big Fish Theory
2025-03-10T22:46:09Z,March,3,10,22:46:09,IS THIS LOVE,XG,AWE
2025-03-10T22:54:38Z,March,3,10,22:54:38,Backseat (feat. Carly Rae Jepsen),Charli xcx,Pop 2
2025-03-10T23:00:50Z,March,3,10,23:00:50,Air,YEJI,AIR
2025-03-11T04:35:59Z,March,3,11,04:35:59,Air,YEJI,AIR
2025-03-11T04:38:47Z,March,3,11,04:38:47,Invasion,YEJI,AIR
2025-03-11T04:42:17Z,March,3,11,04:42:17,258,YEJI,AIR
2025-03-11T04:48:03Z,March,3,11,04:48:03,KETU TeCRÉ,Bad Bunny,DeBÍ TiRAR MáS FOToS
2025-03-11T04:51:28Z,March,3,11,04:51:28,EoO,Bad Bunny,DeBÍ TiRAR MáS FOToS
2025-03-11T04:56:45Z,March,3,11,04:56:45,I Really Like You,Carly Rae Jepsen,Emotion
2025-03-11T16:29:18Z,March,3,11,16:29:18,Air,YEJI,AIR
2025-03-11T16:32:32Z,March,3,11,16:32:32,258,YEJI,AIR
2025-03-11T16:34:58Z,March,3,11,16:34:58,like JENNIE,JENNIE,Ruby
2025-03-11T16:38:45Z,March,3,11,16:38:45,ZEN,JENNIE,Ruby
2025-03-11T17:59:37Z,March,3,11,17:59:37,EoO,Bad Bunny,DeBÍ TiRAR MáS FOToS
2025-03-11T18:02:51Z,March,3,11,18:02:51,Air,YEJI,AIR
2025-03-11T18:06:05Z,March,3,11,18:06:05,Rapunzel (Kiki Solo Version),LISA,Alter Ego
2025-03-11T18:08:45Z,March,3,11,18:08:45,Chill,LISA,Alter Ego
2025-03-11T18:13:10Z,March,3,11,18:13:10,Twist The Knife,Rebecca Black,SALVATION
2025-03-11T20:06:06Z,March,3,11,20:06:06,Tears In My Pocket,Rebecca Black,SALVATION
2025-03-11T20:07:25Z,March,3,11,20:07:25,Air,YEJI,AIR
2025-03-11T20:10:43Z,March,3,11,20:10:43,High Fashion,Addison Rae,High Fashion
2025-03-11T21:43:08Z,March,3,11,21:43:08,Air,YEJI,AIR
2025-03-11T21:46:31Z,March,3,11,21:46:31,Sugar Water Cyanide,Rebecca Black,Sugar Water Cyanide
2025-03-11T21:50:24Z,March,3,11,21:50:24,Bum Like You,Robyn,Robyn
2025-03-11T21:54:20Z,March,3,11,21:54:20,c2.0,Charli xcx,how i'm feeling now
2025-03-12T00:03:20Z,March,3,12,00:03:20,After Midnight,Chappell Roan,The Rise and Fall of a Midwest Princess
2025-03-12T00:07:53Z,March,3,12,00:07:53,Midnight Rain,Taylor Swift,Midnights
2025-03-12T00:11:53Z,March,3,12,00:11:53,All in Me,Brandy,Full Moon
2025-03-12T00:13:26Z,March,3,12,00:13:26,B Rocka Intro,Brandy,Full Moon
2025-03-12T00:21:42Z,March,3,12,00:21:42,Full Moon,Brandy,Full Moon
2025-03-12T00:24:38Z,March,3,12,00:24:38,Full Moon,Brandy,Full Moon
2025-03-12T00:46:28Z,March,3,12,00:46:28,I Thought,Brandy,Full Moon
2025-03-12T00:48:15Z,March,3,12,00:48:15,I Thought,Brandy,Full Moon
2025-03-12T00:54:03Z,March,3,12,00:54:03,When You Touch Me,Brandy,Full Moon
2025-03-12T00:58:36Z,March,3,12,00:58:36,Like This,Brandy,Full Moon
2025-03-12T01:02:36Z,March,3,12,01:02:36,All in Me,Brandy,Full Moon
2025-03-12T01:04:03Z,March,3,12,01:04:03,B Rocka Intro,Brandy,Full Moon
2025-03-12T01:06:29Z,March,3,12,01:06:29,Sick To My Stomach,Rebecca Black,Let Her Burn
2025-03-12T01:08:49Z,March,3,12,01:08:49,"Independent Women, Pt. 1",Destiny's Child,Survivor
2025-03-12T01:13:03Z,March,3,12,01:13:03,Survivor,Destiny's Child,Survivor
2025-03-12T01:16:31Z,March,3,12,01:16:31,Bootylicious,Destiny's Child,Survivor
2025-03-12T01:21:09Z,March,3,12,01:21:09,Nasty Girl,Destiny's Child,Survivor
2025-03-12T01:25:36Z,March,3,12,01:25:36,Apart,Brandy,Full Moon
2025-03-12T01:30:20Z,March,3,12,01:30:20,Can We,Brandy,Full Moon
2025-03-12T16:47:48Z,March,3,12,16:47:48,What About Us?,Brandy,Full Moon
2025-03-12T16:49:13Z,March,3,12,16:49:13,B Rocka Intro,Brandy,Full Moon
2025-03-12T16:53:29Z,March,3,12,16:53:29,All in Me,Brandy,Full Moon
2025-03-12T16:56:12Z,March,3,12,16:56:12,Apart,Brandy,Full Moon
2025-03-12T16:59:53Z,March,3,12,16:59:53,"Independent Women, Pt. 1",Destiny's Child,Survivor
2025-03-12T17:56:51Z,March,3,12,17:56:51,Survivor,Destiny's Child,Survivor
2025-03-12T18:00:54Z,March,3,12,18:00:54,All in Me,Brandy,Full Moon
2025-03-12T18:08:21Z,March,3,12,18:08:21,Air,YEJI,AIR
2025-03-12T18:09:27Z,March,3,12,18:09:27,Independent Women Pt. II,Destiny's Child,Survivor
2025-03-12T18:13:13Z,March,3,12,18:13:13,Starstruck,Lady Gaga,The Fame
2025-03-12T18:16:00Z,March,3,12,18:16:00,Boys Night,Brevin Kim,DOG HEAD
2025-03-12T18:27:53Z,March,3,12,18:27:53,All in Me,Brandy,Full Moon
2025-03-12T18:31:15Z,March,3,12,18:31:15,ZEN,JENNIE,Ruby
2025-03-12T18:33:12Z,March,3,12,18:33:12,like JENNIE,JENNIE,Ruby
2025-03-12T18:37:51Z,March,3,12,18:37:51,Air,YEJI,AIR
2025-03-12T18:43:30Z,March,3,12,18:43:30,SOMETHING AIN'T RIGHT,XG,AWE
2025-03-12T18:46:05Z,March,3,12,18:46:05,IS THIS LOVE,XG,AWE
2025-03-12T19:13:09Z,March,3,12,19:13:09,No Doubt,ENHYPEN,ROMANCE : UNTOLD -daydream-
2025-03-12T19:17:09Z,March,3,12,19:17:09,Mood Ring,Lorde,Solar Power
2025-03-12T19:21:06Z,March,3,12,19:21:06,Secrets from a Girl (Who's Seen it All),Lorde,Solar Power
2025-03-12T19:25:42Z,March,3,12,19:25:42,The Man with the Axe,Lorde,Solar Power
2025-03-12T19:28:04Z,March,3,12,19:28:04,Dominoes,Lorde,Solar Power
2025-03-12T19:30:52Z,March,3,12,19:30:52,Big Star,Lorde,Solar Power
2025-03-12T19:34:13Z,March,3,12,19:34:13,California,Lorde,Solar Power
2025-03-12T19:37:50Z,March,3,12,19:37:50,Sober,Lorde,Melodrama
2025-03-12T19:41:00Z,March,3,12,19:41:00,Homemade Dynamite,Lorde,Melodrama
2025-03-12T19:45:31Z,March,3,12,19:45:31,The Louvre,Lorde,Melodrama
2025-03-12T19:48:35Z,March,3,12,19:48:35,Sober II (Melodrama),Lorde,Melodrama
2025-03-12T19:53:19Z,March,3,12,19:53:19,Supercut,Lorde,Melodrama
2025-03-12T22:40:34Z,March,3,12,22:40:34,Elastigirl,LISA,Alter Ego
2025-03-12T22:43:11Z,March,3,12,22:43:11,Rapunzel (Kiki Solo Version),LISA,Alter Ego
2025-03-12T22:47:05Z,March,3,12,22:47:05,Born Again (feat. Doja Cat & RAYE),LISA,Alter Ego
2025-03-12T22:49:46Z,March,3,12,22:49:46,Chill,LISA,Alter Ego
2025-03-12T22:53:19Z,March,3,12,22:53:19,High Fashion,Addison Rae,High Fashion
2025-03-13T07:42:21Z,March,3,13,07:42:21,B.E.A.T.,Selena Gomez,Stars Dance
2025-03-13T07:45:58Z,March,3,13,07:45:58,Write Your Name,Selena Gomez,Stars Dance
2025-03-13T07:49:52Z,March,3,13,07:49:52,Undercover,Selena Gomez,Stars Dance
2025-03-13T07:50:45Z,March,3,13,07:50:45,Stars Dance,Selena Gomez,Stars Dance
2025-03-13T07:51:37Z,March,3,13,07:51:37,Like A Champion,Selena Gomez,Stars Dance
2025-03-13T07:55:28Z,March,3,13,07:55:28,Come & Get It,Selena Gomez,Stars Dance
2025-03-13T08:00:03Z,March,3,13,08:00:03,Save The Day,Selena Gomez,Stars Dance
2025-03-13T16:30:47Z,March,3,13,16:30:47,B.E.A.T.,Selena Gomez,Stars Dance
2025-03-13T16:34:57Z,March,3,13,16:34:57,I Know Alone,HAIM,Women In Music Pt. III
2025-03-13T16:37:51Z,March,3,13,16:37:51,Talking to Yourself,Carly Rae Jepsen,The Loneliest Time
2025-03-13T16:42:00Z,March,3,13,16:42:00,Mood Ring,Lorde,Solar Power
2025-03-13T17:55:55Z,March,3,13,17:55:55,B.E.A.T.,Selena Gomez,Stars Dance
2025-03-13T17:59:32Z,March,3,13,17:59:32,Tears In My Pocket,Rebecca Black,SALVATION
2025-03-13T20:49:44Z,March,3,13,20:49:44,B.E.A.T.,Selena Gomez,Stars Dance
2025-03-13T20:53:56Z,March,3,13,20:53:56,Undercover,Selena Gomez,Stars Dance
2025-03-13T20:57:22Z,March,3,13,20:57:22,Air,YEJI,AIR
2025-03-13T20:59:24Z,March,3,13,20:59:24,High Fashion,Addison Rae,High Fashion
2025-03-13T20:59:31Z,March,3,13,20:59:31,like JENNIE,JENNIE,Ruby
2025-03-13T21:15:49Z,March,3,13,21:15:49,start a war,JENNIE,Ruby
2025-03-13T21:19:00Z,March,3,13,21:19:00,B.E.A.T.,Selena Gomez,Stars Dance
2025-03-13T21:22:47Z,March,3,13,21:22:47,I Know Alone,HAIM,Women In Music Pt. III
2025-03-13T21:25:40Z,March,3,13,21:25:40,Talking to Yourself,Carly Rae Jepsen,The Loneliest Time
2025-03-13T21:28:11Z,March,3,13,21:28:11,Rapunzel (Kiki Solo Version),LISA,Alter Ego
2025-03-13T22:07:45Z,March,3,13,22:07:45,All in Me,Brandy,Full Moon
2025-03-13T22:38:41Z,March,3,13,22:38:41,Misidentify,Cortisa Star,Misidentify
2025-03-13T22:39:59Z,March,3,13,22:39:59,FUN,Cortisa Star,FUN
2025-03-13T22:51:42Z,March,3,13,22:51:42,Slave,Tyga,NSFW
2025-03-13T22:54:54Z,March,3,13,22:54:54,258,YEJI,AIR
2025-03-13T23:00:32Z,March,3,13,23:00:32,Under the Blue / Take Me In,Hayley Kiyoko,Expectations
2025-03-13T23:02:40Z,March,3,13,23:02:40,24HRS,ITZY,IT'z ME
2025-03-13T23:07:02Z,March,3,13,23:07:02,WILDFLOWER,Billie Eilish,HIT ME HARD AND SOFT
2025-03-13T23:09:21Z,March,3,13,23:09:21,Wars,Brevin Kim,DOG HEAD
2025-03-13T23:16:19Z,March,3,13,23:16:19,Gimme More,Britney Spears,Blackout
2025-03-13T23:20:32Z,March,3,13,23:20:32,Piece of Me,Britney Spears,Blackout
2025-03-13T23:24:13Z,March,3,13,23:24:13,Bum Like You,Robyn,Robyn
2025-03-13T23:27:21Z,March,3,13,23:27:21,Perfect Lover,Britney Spears,Blackout
2025-03-13T23:31:30Z,March,3,13,23:31:30,Constant Repeat,Charli xcx,CRASH
2025-03-13T23:35:20Z,March,3,13,23:35:20,Femininomenon,Chappell Roan,The Rise and Fall of a Midwest Princess
2025-03-13T23:40:17Z,March,3,13,23:40:17,party 4 u,Charli xcx,how i'm feeling now
2025-03-13T23:44:15Z,March,3,13,23:44:15,Paparazzi,Lady Gaga,The Fame
2025-03-13T23:48:32Z,March,3,13,23:48:32,Genesis,Grimes,Visions
2025-03-14T04:22:24Z,March,3,14,04:22:24,Ghost,Justin Bieber,Justice
2025-03-14T05:50:31Z,March,3,14,05:50:31,Sunset Blvd,Selena Gomez,Sunset Blvd
2025-03-14T05:53:38Z,March,3,14,05:53:38,speed//dial,Toro Oro,speed//dial
2025-03-14T05:57:17Z,March,3,14,05:57:17,Ash,LE SSERAFIM,HOT
2025-03-14T05:59:33Z,March,3,14,05:59:33,Born Fire,LE SSERAFIM,HOT
2025-03-14T06:01:56Z,March,3,14,06:01:56,HOT,LE SSERAFIM,HOT
2025-03-14T06:04:14Z,March,3,14,06:04:14,Come Over,LE SSERAFIM,HOT
2025-03-14T06:07:31Z,March,3,14,06:07:31,Ash,LE SSERAFIM,HOT
2025-03-14T06:11:15Z,March,3,14,06:11:15,So Cynical (Badum),LE SSERAFIM,HOT
2025-03-14T06:14:50Z,March,3,14,06:14:50,Ash,LE SSERAFIM,HOT
2025-03-14T19:59:05Z,March,3,14,19:59:05,Sunset Blvd,Selena Gomez,Sunset Blvd
2025-03-14T20:02:29Z,March,3,14,20:02:29,Ash,LE SSERAFIM,HOT
2025-03-14T20:04:32Z,March,3,14,20:04:32,speed//dial,Toro Oro,speed//dial
2025-03-14T20:12:54Z,March,3,14,20:12:54,Welcome To My Island,Caroline Polachek,"Desire, I Want To Turn Into You"
2025-03-14T20:59:00Z,March,3,14,20:59:00,Come Over,LE SSERAFIM,HOT
2025-03-14T21:02:18Z,March,3,14,21:02:18,Ash,LE SSERAFIM,HOT
2025-03-14T21:26:24Z,March,3,14,21:26:24,B.E.A.T.,Selena Gomez,Stars Dance
2025-03-14T21:30:11Z,March,3,14,21:30:11,I Know Alone,HAIM,Women In Music Pt. III
2025-03-14T21:33:04Z,March,3,14,21:33:04,Talking to Yourself,Carly Rae Jepsen,The Loneliest Time
2025-03-14T21:36:42Z,March,3,14,21:36:42,I Really Like You,Carly Rae Jepsen,Emotion
2025-03-14T21:40:26Z,March,3,14,21:40:26,Torn,Carlie Hanson,Wisconsin
2025-03-14T21:44:00Z,March,3,14,21:44:00,Los Angeles,HAIM,Women In Music Pt. III
2025-03-14T21:48:08Z,March,3,14,21:48:08,The Steps,HAIM,Women In Music Pt. III
2025-03-14T21:51:54Z,March,3,14,21:51:54,I Know Alone,HAIM,Women In Music Pt. III
2025-03-14T21:55:11Z,March,3,14,21:55:11,Up From A Dream,HAIM,Women In Music Pt. III
2025-03-14T21:58:24Z,March,3,14,21:58:24,Gasoline,HAIM,Women In Music Pt. III
2025-03-14T22:01:35Z,March,3,14,22:01:35,3 AM,HAIM,Women In Music Pt. III
2025-03-14T22:04:56Z,March,3,14,22:04:56,Don't Wanna,HAIM,Women In Music Pt. III
2025-03-14T22:08:22Z,March,3,14,22:08:22,Another Try,HAIM,Women In Music Pt. III
2025-03-14T22:11:43Z,March,3,14,22:11:43,Leaning On You,HAIM,Women In Music Pt. III
2025-03-14T22:14:35Z,March,3,14,22:14:35,I've Been Down,HAIM,Women In Music Pt. III
2025-03-14T22:16:42Z,March,3,14,22:16:42,Man from the Magazine,HAIM,Women In Music Pt. III
2025-03-14T22:19:12Z,March,3,14,22:19:12,All That Ever Mattered,HAIM,Women In Music Pt. III
2025-03-15T00:35:13Z,March,3,15,00:35:13,Ash,LE SSERAFIM,HOT
2025-03-15T00:38:28Z,March,3,15,00:38:28,B.E.A.T.,Selena Gomez,Stars Dance
2025-03-15T00:42:08Z,March,3,15,00:42:08,I Really Like You,Carly Rae Jepsen,Emotion
2025-03-15T00:46:42Z,March,3,15,00:46:42,how2fly,ISOxo,kidsgonemad!
2025-03-15T00:51:00Z,March,3,15,00:51:00,Lipgloss (feat. CupcakKe),Charli xcx,Number 1 Angel
2025-03-15T00:54:31Z,March,3,15,00:54:31,get him back!,Olivia Rodrigo,GUTS
2025-03-15T00:59:27Z,March,3,15,00:59:27,I like u (Extended),Tove Lo,I like u (Remixes)
2025-03-15T01:03:10Z,March,3,15,01:03:10,Broken Glass,Kygo,Golden Hour
2025-03-15T01:06:21Z,March,3,15,01:06:21,B2b,Charli xcx,BRAT
2025-03-15T01:10:14Z,March,3,15,01:10:14,Immaterial,SOPHIE,OIL OF EVERY PEARL'S UN-INSIDES
2025-03-15T01:14:47Z,March,3,15,01:14:47,The Weekend,SZA,Ctrl
2025-03-15T01:19:48Z,March,3,15,01:19:48,Paper Gangsta,Lady Gaga,The Fame
2025-03-15T03:25:07Z,March,3,15,03:25:07,B.E.A.T.,Selena Gomez,Stars Dance
2025-03-15T03:28:25Z,March,3,15,03:28:25,Ash,LE SSERAFIM,HOT
2025-03-15T03:31:05Z,March,3,15,03:31:05,Chill,LISA,Alter Ego
2025-03-15T03:33:09Z,March,3,15,03:33:09,like JENNIE,JENNIE,Ruby
2025-03-15T03:36:31Z,March,3,15,03:36:31,ZEN,JENNIE,Ruby
2025-03-15T08:58:50Z,March,3,15,08:58:50,Come Over,LE SSERAFIM,HOT
2025-03-15T09:00:47Z,March,3,15,09:00:47,Ash,LE SSERAFIM,HOT
2025-03-15T09:04:05Z,March,3,15,09:04:05,Ash,LE SSERAFIM,HOT
2025-03-15T09:06:08Z,March,3,15,09:06:08,speed//dial,Toro Oro,speed//dial
2025-03-15T09:09:24Z,March,3,15,09:09:24,Air,YEJI,AIR
2025-03-15T09:12:29Z,March,3,15,09:12:29,B.E.A.T.,Selena Gomez,Stars Dance
2025-03-15T09:15:42Z,March,3,15,09:15:42,258,YEJI,AIR
2025-03-15T09:19:58Z,March,3,15,09:19:58,I Know Alone,HAIM,Women In Music Pt. III
2025-03-15T09:22:51Z,March,3,15,09:22:51,Talking to Yourself,Carly Rae Jepsen,The Loneliest Time
2025-03-15T09:25:11Z,March,3,15,09:25:11,Rapunzel (Kiki Solo Version),LISA,Alter Ego
2025-03-15T09:27:58Z,March,3,15,09:27:58,Chill,LISA,Alter Ego
2025-03-15T09:31:39Z,March,3,15,09:31:39,I Really Like You,Carly Rae Jepsen,Emotion
2025-03-15T09:35:35Z,March,3,15,09:35:35,3,Britney Spears,The Singles Collection
2025-03-15T09:39:04Z,March,3,15,09:39:04,Paparazzi,Lady Gaga,The Fame
2025-03-15T09:43:41Z,March,3,15,09:43:41,Radar,Britney Spears,Blackout
2025-03-15T09:47:06Z,March,3,15,09:47:06,Focus,Charli xcx,Focus / No Angel
2025-03-15T09:51:05Z,March,3,15,09:51:05,Talking Body,Tove Lo,Queen Of The Clouds
2025-03-15T09:55:22Z,March,3,15,09:55:22,Habits (Stay High),Tove Lo,Queen Of The Clouds
2025-03-15T09:57:44Z,March,3,15,09:57:44,Xcxoplex (with Charli XCX),A. G. Cook,Apple vs. 7G
2025-03-15T10:01:23Z,March,3,15,10:01:23,Piece of Me,Britney Spears,Blackout
2025-03-15T10:04:07Z,March,3,15,10:04:07,Club classics,Charli xcx,BRAT
2025-03-15T10:09:08Z,March,3,15,10:09:08,Off To The Races,Lana Del Rey,Born To Die - The Paradise Edition
2025-03-15T10:11:46Z,March,3,15,10:11:46,Apple featuring the japanese house,Charli xcx,Brat and it’s completely different but also still brat
2025-03-15T10:15:01Z,March,3,15,10:15:01,Lovesick Girls,BLACKPINK,THE ALBUM
2025-03-15T10:19:32Z,March,3,15,10:19:32,4ÆM,Grimes,Miss Anthropocene
2025-03-15T10:22:01Z,March,3,15,10:22:01,Choke,Toro Oro,Choke
2025-03-15T10:24:39Z,March,3,15,10:24:39,Love You Anyway,Carlie Hanson,Tough Boy
2025-03-15T10:26:46Z,March,3,15,10:26:46,Double Negative (Skeleton Milkshake),Dominic Fike,What Could Possibly Go Wrong
2025-03-15T10:30:35Z,March,3,15,10:30:35,Masquerade,Nicki Minaj,Pink Friday ... Roman Reloaded
2025-03-15T10:34:09Z,March,3,15,10:34:09,Sweet Melody,Little Mix,Confetti
2025-03-15T10:37:27Z,March,3,15,10:37:27,HOT,SEVENTEEN,SEVENTEEN 4th Album 'Face the Sun'
2025-03-15T10:40:43Z,March,3,15,10:40:43,People You Know,Selena Gomez,Rare
2025-03-15T10:43:10Z,March,3,15,10:43:10,Mosquito,PinkPantheress,Mosquito
2025-03-15T10:46:31Z,March,3,15,10:46:31,DIM,Yves,I Did
2025-03-15T10:49:39Z,March,3,15,10:49:39,HalliGalli (Prod. by LEE CHANHYUK of AKMU),NAYEON,NA
2025-03-15T10:52:12Z,March,3,15,10:52:12,Apple,Charli xcx,BRAT
2025-03-15T10:55:49Z,March,3,15,10:55:49,Writer In The Dark,Lorde,Melodrama
2025-03-15T10:58:55Z,March,3,15,10:58:55,Je T'Adore,Kim Petras,Problématique
2025-03-15T11:01:26Z,March,3,15,11:01:26,Sympathy is a knife,Charli xcx,BRAT
2025-03-15T11:04:24Z,March,3,15,11:04:24,Feel Something,Clairo,Immunity
2025-03-15T11:06:47Z,March,3,15,11:06:47,hover like a GODDESS,WILLOW,hover like a GODDESS
2025-03-15T11:09:13Z,March,3,15,11:09:13,El Alma Que Te Trajo,Safety Trance,El Alma Que Te Trajo
2025-03-15T11:12:31Z,March,3,15,11:12:31,Eyes Roll,(G)I-DLE,HEAT
2025-03-15T11:16:04Z,March,3,15,11:16:04,Every Night,Hannah Diamond,"PC Music, Vol. 1"
2025-03-15T11:21:05Z,March,3,15,11:21:05,Get Naked (I Got a Plan),Britney Spears,Blackout
2025-03-15T11:23:32Z,March,3,15,11:23:32,crush,2hollis,boy
2025-03-15T11:26:27Z,March,3,15,11:26:27,I LUV IT (feat. Playboi Carti),Camila Cabello,"C,XOXO"
2025-03-15T11:30:53Z,March,3,15,11:30:53,Summertime Sadness,Lana Del Rey,Born To Die - The Paradise Edition
2025-03-15T11:34:30Z,March,3,15,11:34:30,Pretty In Possible,Caroline Polachek,"Desire, I Want To Turn Into You"
2025-03-15T11:38:12Z,March,3,15,11:38:12,Air,YEJI,AIR
2025-03-15T11:41:14Z,March,3,15,11:41:14,No Biggie,ITZY,Algorhythm
2025-03-15T11:43:53Z,March,3,15,11:43:53,Talk,beabadoobee,Beatopia
2025-03-15T11:46:15Z,March,3,15,11:46:15,I Destroyed Disco,The Dare,What's Wrong With New York?
2025-03-15T11:49:22Z,March,3,15,11:49:22,Algorhythm,ITZY,Algorhythm
2025-03-15T11:51:50Z,March,3,15,11:51:50,Move Me,Charli xcx,CRASH
2025-03-15T11:55:18Z,March,3,15,11:55:18,Likey,TWICE,Twicetagram
2025-03-15T11:59:09Z,March,3,15,11:59:09,National Anthem,Lana Del Rey,Born To Die - The Paradise Edition
2025-03-15T12:03:10Z,March,3,15,12:03:10,I Want You To Know,Zedd,True Colors
2025-03-15T12:05:58Z,March,3,15,12:05:58,what's your problem?,Tate McRae,i used to think i could fly
2025-03-15T12:09:13Z,March,3,15,12:09:13,Selfish Girl,Charli xcx,CRASH
2025-03-15T12:11:53Z,March,3,15,12:11:53,exes,Tate McRae,THINK LATER
2025-03-15T12:14:04Z,March,3,15,12:14:04,Boy's a liar Pt. 2,PinkPantheress,Boy's a liar Pt. 2
2025-03-15T12:16:56Z,March,3,15,12:16:56,you're so cool,Tate McRae,i used to think i could fly
2025-03-15T12:19:36Z,March,3,15,12:19:36,Baby,Charli xcx,CRASH
2025-03-15T12:22:58Z,March,3,15,12:22:58,FIVE,ITZY,GOLD
2025-03-15T12:26:19Z,March,3,15,12:26:19,XS,Rina Sawayama,SAWAYAMA
2025-03-15T12:30:10Z,March,3,15,12:30:10,Beaches,beabadoobee,This Is How Tomorrow Moves
2025-03-15T12:33:39Z,March,3,15,12:33:39,SHYPOP,ISOxo,kidsgonemad!
2025-03-15T12:36:38Z,March,3,15,12:36:38,good 4 u,Olivia Rodrigo,SOUR
2025-03-15T12:39:51Z,March,3,15,12:39:51,Team,Lorde,Pure Heroine
2025-03-15T12:43:00Z,March,3,15,12:43:00,Supernatural,ITZY,GOLD
2025-03-15T12:47:19Z,March,3,15,12:47:19,Coachella - Woodstock In My Mind,Lana Del Rey,Lust For Life
2025-03-15T12:50:31Z,March,3,15,12:50:31,STEREOTYPE,STAYC,STEREOTYPE
2025-03-15T12:54:00Z,March,3,15,12:54:00,Silver Cross,Charli xcx,Charli
2025-03-15T12:57:10Z,March,3,15,12:57:10,Constant Repeat,Charli xcx,CRASH
2025-03-15T13:00:23Z,March,3,15,13:00:23,Circus,Britney Spears,Circus (Deluxe Version)
2025-03-15T13:03:39Z,March,3,15,13:03:39,10:36,beabadoobee,Beatopia
2025-03-15T13:06:38Z,March,3,15,13:06:38,Cruel Summer,Taylor Swift,Lover
2025-03-15T13:08:41Z,March,3,15,13:08:41,Jealous,Lennon Stella,Three. Two. One.
2025-03-15T13:11:56Z,March,3,15,13:11:56,Ponyboy,SOPHIE,OIL OF EVERY PEARL'S UN-INSIDES
2025-03-15T13:15:00Z,March,3,15,13:15:00,Giddy,Kep1er,LOVESTRUCK!
2025-03-15T13:20:46Z,March,3,15,13:20:46,Coma,Caroline Polachek,"Desire, I Want To Turn Into You: Everasking Edition"
2025-03-15T13:23:39Z,March,3,15,13:23:39,Stop & Erase,Selena Gomez & The Scene,Kiss & Tell
2025-03-15T13:27:40Z,March,3,15,13:27:40,Here (In Your Arms),Hellogoodbye,Zombies! Aliens! Vampires! Dinosaurs!
2025-03-15T13:30:33Z,March,3,15,13:30:33,Another life (feat. Rema),PinkPantheress,Heaven knows
2025-03-15T13:33:51Z,March,3,15,13:33:51,In the Stars,Icona Pop,THIS IS... ICONA POP
2025-03-15T13:36:53Z,March,3,15,13:36:53,UNFORGIVEN (feat. Nile Rodgers),LE SSERAFIM,UNFORGIVEN
2025-03-15T13:41:52Z,March,3,15,13:41:52,Oh Yeah (Caroline Polachek Remix),A. G. Cook,Apple vs. 7G
2025-03-16T21:15:54Z,March,3,16,21:15:54,Delicious (feat. Tommy Cash),Charli xcx,Pop 2
2025-03-16T21:18:17Z,March,3,16,21:18:17,Come Over,LE SSERAFIM,HOT
2025-03-16T21:21:35Z,March,3,16,21:21:35,Ash,LE SSERAFIM,HOT
2025-03-16T21:25:22Z,March,3,16,21:25:22,Mood Ring,Lorde,Solar Power
2025-03-16T21:27:46Z,March,3,16,21:27:46,Revolving door,Tate McRae,So Close To What
2025-03-16T21:31:08Z,March,3,16,21:31:08,Yeah Right,Vince Staples,Big Fish Theory
2025-03-16T21:34:31Z,March,3,16,21:34:31,ZIPPER,BROCKHAMPTON,SATURATION III
2025-03-16T21:37:44Z,March,3,16,21:37:44,BOOGIE,BROCKHAMPTON,SATURATION III
2025-03-16T22:00:53Z,March,3,16,22:00:53,Warm (feat. HAIM),Charli xcx,Charli
2025-03-16T22:04:28Z,March,3,16,22:04:28,FUFN (Fuck You For Now),JADE,FUFN (Fuck You For Now)
2025-03-16T22:08:06Z,March,3,16,22:08:06,Air,YEJI,AIR
2025-03-16T22:11:24Z,March,3,16,22:11:24,B.E.A.T.,Selena Gomez,Stars Dance
2025-03-16T22:14:43Z,March,3,16,22:14:43,258,YEJI,AIR
2025-03-16T22:28:23Z,March,3,16,22:28:23,Save The Day,Selena Gomez,Stars Dance
2025-03-16T22:31:47Z,March,3,16,22:31:47,I Really Like You,Carly Rae Jepsen,Emotion
2025-03-16T22:36:40Z,March,3,16,22:36:40,Sick To My Stomach,Rebecca Black,Let Her Burn
2025-03-16T22:39:50Z,March,3,16,22:39:50,Diet Pepsi,Addison Rae,Aquamarine
2025-03-16T22:43:07Z,March,3,16,22:43:07,High Fashion,Addison Rae,High Fashion
2025-03-16T22:45:56Z,March,3,16,22:45:56,Aquamarine,Addison Rae,Aquamarine
2025-03-16T22:48:34Z,March,3,16,22:48:34,Von dutch a. g. cook remix featuring addison rae,Charli xcx,Brat and it’s completely different but also still brat
2025-03-17T06:53:09Z,March,3,17,06:53:09,Ash,LE SSERAFIM,HOT
2025-03-17T06:55:29Z,March,3,17,06:55:29,Come Over,LE SSERAFIM,HOT
2025-03-17T06:59:06Z,March,3,17,06:59:06,Ash,LE SSERAFIM,HOT
2025-03-17T07:00:16Z,March,3,17,07:00:16,earthquake - Sam Feldt remix,JISOO,earthquake
2025-03-17T07:03:26Z,March,3,17,07:03:26,earthquake,JISOO,AMORTAGE
2025-03-17T07:06:19Z,March,3,17,07:06:19,Your Love,JISOO,AMORTAGE
2025-03-17T07:09:22Z,March,3,17,07:09:22,TEARS,JISOO,AMORTAGE
2025-03-17T07:12:31Z,March,3,17,07:12:31,Hugs & Kisses,JISOO,AMORTAGE
2025-03-17T07:16:02Z,March,3,17,07:16:02,High Fashion,Addison Rae,High Fashion
2025-03-17T07:24:40Z,March,3,17,07:24:40,Homemade Dynamite,Lorde,Melodrama
2025-03-17T07:29:15Z,March,3,17,07:29:15,The Louvre,Lorde,Melodrama
2025-03-17T07:32:26Z,March,3,17,07:32:26,Sober II (Melodrama),Lorde,Melodrama
2025-03-17T07:36:32Z,March,3,17,07:36:32,Writer In The Dark,Lorde,Melodrama
2025-03-17T07:41:09Z,March,3,17,07:41:09,Supercut,Lorde,Melodrama
2025-03-17T07:43:25Z,March,3,17,07:43:25,Liability (Reprise),Lorde,Melodrama
2025-03-17T07:47:07Z,March,3,17,07:47:07,Perfect Places,Lorde,Melodrama
2025-03-17T07:51:02Z,March,3,17,07:51:02,Green Light,Lorde,Melodrama
2025-03-17T07:54:20Z,March,3,17,07:54:20,Sober,Lorde,Melodrama
2025-03-17T07:57:51Z,March,3,17,07:57:51,Tennis Court,Lorde,Pure Heroine
2025-03-17T08:02:21Z,March,3,17,08:02:21,Ribs,Lorde,Pure Heroine
2025-03-17T08:05:52Z,March,3,17,08:05:52,Glory And Gore,Lorde,Pure Heroine
2025-03-17T08:09:17Z,March,3,17,08:09:17,Team,Lorde,Pure Heroine
2025-03-17T08:13:32Z,March,3,17,08:13:32,Buzzcut Season,Lorde,Pure Heroine
2025-03-17T08:18:14Z,March,3,17,08:18:14,"I Got It (feat. Brooke Candy, CupcakKe and Pabllo Vittar)",Charli xcx,Pop 2
2025-03-17T08:21:05Z,March,3,17,08:21:05,Sympathy is a knife,Charli xcx,BRAT
2025-03-17T08:24:29Z,March,3,17,08:24:29,Bunny Is A Rider,Caroline Polachek,"Desire, I Want To Turn Into You"
2025-03-17T08:29:20Z,March,3,17,08:29:20,You Slept On Me,Allie X,Girl With No Face
2025-03-17T08:33:23Z,March,3,17,08:33:23,Dress You Up,Madonna,Like a Virgin
2025-03-17T08:38:32Z,March,3,17,08:38:32,Dress You Up,Madonna,Like a Virgin
2025-03-17T08:41:59Z,March,3,17,08:41:59,Everything is romantic,Charli xcx,BRAT
2025-03-17T08:43:36Z,March,3,17,08:43:36,Break It Off - Bonus,PinkPantheress,to hell with it
2025-03-17T08:46:52Z,March,3,17,08:46:52,Brave,TWICE,BETWEEN 1&2
2025-03-17T08:49:36Z,March,3,17,08:49:36,XO Call Me,VCHA,Girls of the Year
2025-03-17T08:53:00Z,March,3,17,08:53:00,iScream,Deaton Chris Anthony,iScream
2025-03-17T16:51:58Z,March,3,17,16:51:58,Ash,LE SSERAFIM,HOT
2025-03-17T17:44:59Z,March,3,17,17:44:59,Come Over,LE SSERAFIM,HOT
2025-03-17T17:48:17Z,March,3,17,17:48:17,Ash,LE SSERAFIM,HOT
2025-03-17T17:51:24Z,March,3,17,17:51:24,Rapunzel (Kiki Solo Version),LISA,Alter Ego
2025-03-17T18:23:29Z,March,3,17,18:23:29,Dress You Up,Madonna,Like a Virgin
2025-03-17T22:14:43Z,March,3,17,22:14:43,Come Over,LE SSERAFIM,HOT
2025-03-17T22:18:02Z,March,3,17,22:18:02,Ash,LE SSERAFIM,HOT
2025-03-17T22:21:27Z,March,3,17,22:21:27,Air,YEJI,AIR
2025-03-17T22:24:32Z,March,3,17,22:24:32,B.E.A.T.,Selena Gomez,Stars Dance
2025-03-17T22:27:46Z,March,3,17,22:27:46,258,YEJI,AIR
2025-03-17T22:30:25Z,March,3,17,22:30:25,So Cynical (Badum),LE SSERAFIM,HOT
2025-03-17T22:34:54Z,March,3,17,22:34:54,I Know Alone,HAIM,Women In Music Pt. III
2025-03-17T22:39:12Z,March,3,17,22:39:12,I Really Like You,Carly Rae Jepsen,Emotion
2025-03-17T23:17:53Z,March,3,17,23:17:53,Diet Pepsi,Addison Rae,Aquamarine
2025-03-17T23:20:49Z,March,3,17,23:20:49,Baby,Charli xcx,CRASH
2025-03-17T23:25:09Z,March,3,17,23:25:09,I might say something stupid featuring the 1975 & jon hopkins,Charli xcx,Brat and it’s completely different but also still brat
2025-03-17T23:28:50Z,March,3,17,23:28:50,Sober,Lorde,Melodrama
2025-03-17T23:31:48Z,March,3,17,23:31:48,I Hate Your Room - From the Podcast Musical “Valentine’s Day In Hell”,Carlie Hanson,I Hate Your Room
2025-03-17T23:35:17Z,March,3,17,23:35:17,Silver Cross,Charli xcx,Charli
2025-03-17T23:38:50Z,March,3,17,23:38:50,Sun Sex Party,Babymorocco,The Sound
2025-03-17T23:42:14Z,March,3,17,23:42:14,i LIKE IT ROUGH,Lady Gaga,The Fame
2025-03-18T03:48:03Z,March,3,18,03:48:03,Beg for You (feat. Rina Sawayama) - A. G. Cook & VERNON OF SEVENTEEN Remix,Charli xcx,Beg For You (feat. Rina Sawayama)
2025-03-18T19:09:23Z,March,3,18,19:09:23,death bed (coffee for your head),Powfu,death bed (coffee for your head)
2025-03-19T00:34:08Z,March,3,19,00:34:08,Come Over,LE SSERAFIM,HOT
2025-03-19T00:37:26Z,March,3,19,00:37:26,Ash,LE SSERAFIM,HOT
2025-03-19T00:40:11Z,March,3,19,00:40:11,So Cynical (Badum),LE SSERAFIM,HOT
2025-03-19T00:43:35Z,March,3,19,00:43:35,Air,YEJI,AIR
2025-03-19T00:46:16Z,March,3,19,00:46:16,like JENNIE,JENNIE,Ruby
2025-03-19T00:49:52Z,March,3,19,00:49:52,ZEN,JENNIE,Ruby
2025-03-19T00:53:54Z,March,3,19,00:53:54,Bum Like You,Robyn,Robyn
2025-03-19T00:58:30Z,March,3,19,00:58:30,Delicious (feat. Tommy Cash),Charli xcx,Pop 2
2025-03-19T00:59:06Z,March,3,19,00:59:06,Heroin,Lana Del Rey,Lust For Life
2025-03-19T01:01:39Z,March,3,19,01:01:39,Nothing On (But The Radio),Addison Rae,AR
2025-03-19T01:05:00Z,March,3,19,01:05:00,Homemade Dynamite,Lorde,Melodrama
2025-03-19T02:28:53Z,March,3,19,02:28:53,Seven (feat. Latto),Jung Kook,Seven (feat. Latto)
2025-03-19T02:32:15Z,March,3,19,02:32:15,No Angel,Charli xcx,Focus / No Angel
2025-03-19T02:34:52Z,March,3,19,02:34:52,How Can I Not Know What I Need Right Now,Charli xcx,CRASH
2025-03-19T02:38:17Z,March,3,19,02:38:17,Warm (feat. HAIM),Charli xcx,Charli
2025-03-19T02:43:34Z,March,3,19,02:43:34,I Really Like You,Carly Rae Jepsen,Emotion
2025-03-19T02:53:02Z,March,3,19,02:53:02,Crumbs,Rebecca Black,Let Her Burn
2025-03-19T02:55:52Z,March,3,19,02:55:52,Doe Eyed,Rebecca Black,Let Her Burn
2025-03-19T02:59:53Z,March,3,19,02:59:53,Dress You Up,Madonna,Like a Virgin
2025-03-19T03:09:38Z,March,3,19,03:09:38,"Girl, so confusing featuring lorde",Charli xcx,Brat and it’s completely different but also still brat
2025-03-19T03:11:51Z,March,3,19,03:11:51,360,Charli xcx,BRAT
2025-03-19T03:14:24Z,March,3,19,03:14:24,Club classics,Charli xcx,BRAT
2025-03-19T03:16:55Z,March,3,19,03:16:55,Sympathy is a knife,Charli xcx,BRAT
2025-03-19T03:18:44Z,March,3,19,03:18:44,I might say something stupid,Charli xcx,BRAT
2025-03-19T03:21:26Z,March,3,19,03:21:26,Talk talk,Charli xcx,BRAT
2025-03-19T03:24:10Z,March,3,19,03:24:10,Von dutch,Charli xcx,BRAT
2025-03-19T03:27:34Z,March,3,19,03:27:34,Everything is romantic,Charli xcx,BRAT
2025-03-19T03:30:22Z,March,3,19,03:30:22,Rewind,Charli xcx,BRAT
2025-03-19T03:33:54Z,March,3,19,03:33:54,So I,Charli xcx,BRAT
2025-03-19T03:36:48Z,March,3,19,03:36:48,"Girl, so confusing",Charli xcx,BRAT
2025-03-19T03:39:20Z,March,3,19,03:39:20,Apple,Charli xcx,BRAT
2025-03-19T03:42:19Z,March,3,19,03:42:19,B2b,Charli xcx,BRAT
2025-03-19T03:45:28Z,March,3,19,03:45:28,Mean girls,Charli xcx,BRAT
2025-03-19T03:47:44Z,March,3,19,03:47:44,I think about it all the time,Charli xcx,BRAT
2025-03-19T03:53:14Z,March,3,19,03:53:14,365,Charli xcx,BRAT
2025-03-19T03:56:10Z,March,3,19,03:56:10,Elastigirl,LISA,Alter Ego
2025-03-19T04:00:30Z,March,3,19,04:00:30,Born Again (feat. Doja Cat & RAYE),LISA,Alter Ego
2025-03-19T04:02:48Z,March,3,19,04:02:48,Rockstar,LISA,Alter Ego
2025-03-19T04:05:11Z,March,3,19,04:05:11,Rapunzel (Kiki Solo Version),LISA,Alter Ego
2025-03-19T04:07:54Z,March,3,19,04:07:54,Chill,LISA,Alter Ego
2025-03-19T04:11:26Z,March,3,19,04:11:26,earthquake,JISOO,AMORTAGE
2025-03-19T04:14:20Z,March,3,19,04:14:20,Your Love,JISOO,AMORTAGE
2025-03-19T04:17:22Z,March,3,19,04:17:22,TEARS,JISOO,AMORTAGE
2025-03-19T04:20:32Z,March,3,19,04:20:32,Hugs & Kisses,JISOO,AMORTAGE
2025-03-19T04:24:13Z,March,3,19,04:24:13,Ash,LE SSERAFIM,HOT
2025-03-19T04:42:05Z,March,3,19,04:42:05,Ash,LE SSERAFIM,HOT
2025-03-19T04:44:46Z,March,3,19,04:44:46,in my bag,Meg Donnelly,in my bag
2025-03-19T04:47:07Z,March,3,19,04:47:07,picky,Meg Donnelly,picky
2025-03-19T04:49:57Z,March,3,19,04:49:57,Diet Pepsi,Addison Rae,Aquamarine
2025-03-19T04:52:30Z,March,3,19,04:52:30,So Cynical (Badum),LE SSERAFIM,HOT
2025-03-19T04:54:48Z,March,3,19,04:54:48,Come Over,LE SSERAFIM,HOT
2025-03-19T05:06:55Z,March,3,19,05:06:55,TOXIC,MEOVV,TOXIC
2025-03-19T05:09:07Z,March,3,19,05:09:07,BODY,MEOVV,TOXIC
2025-03-19T05:11:54Z,March,3,19,05:11:54,Mi Último Deseo,BamBam,BAMESIS
2025-03-19T05:16:02Z,March,3,19,05:16:02,Yeah Yeah Yeah,BLACKPINK,BORN PINK
2025-03-19T05:18:47Z,March,3,19,05:18:47,CRAZY,LE SSERAFIM,CRAZY
2025-03-19T05:22:40Z,March,3,19,05:22:40,Reason Why (feat. Kim Petras and BC Kingdom),SOPHIE,Reason Why (feat. Kim Petras and BC Kingdom)
2025-03-19T05:25:59Z,March,3,19,05:25:59,High Fashion,Addison Rae,High Fashion
2025-03-19T05:28:52Z,March,3,19,05:28:52,Be Your USA,Finn Keane,ELECTRIC
2025-03-19T05:32:55Z,March,3,19,05:32:55,Dreamer - Compound Version,Charli xcx,Number 1 Angel
2025-03-19T05:35:44Z,March,3,19,05:35:44,FEARLESS (2023 Ver.),LE SSERAFIM,UNFORGIVEN
2025-03-19T06:29:13Z,March,3,19,06:29:13,Smart,LE SSERAFIM,EASY
2025-03-19T06:32:57Z,March,3,19,06:32:57,Lavender Haze,Taylor Swift,Midnights
2025-03-19T06:35:38Z,March,3,19,06:35:38,Apple,Charli xcx,BRAT
2025-03-19T06:40:25Z,March,3,19,06:40:25,Hold No Grudge - Bonus Track,Lorde,Solar Power
2025-03-19T06:43:56Z,March,3,19,06:43:56,Midnight Rain,Taylor Swift,Midnights
2025-03-19T06:48:14Z,March,3,19,06:48:14,Emotional,Charli xcx,Number 1 Angel
2025-03-19T06:52:31Z,March,3,19,06:52:31,Oblivion,Grimes,Visions
2025-03-19T06:55:53Z,March,3,19,06:55:53,Roll with Me,Charli xcx,Number 1 Angel
2025-03-19T06:59:13Z,March,3,19,06:59:13,UNTOUCHABLE,ITZY,BORN TO BE
2025-03-19T07:03:04Z,March,3,19,07:03:04,Hello goodbye,Charli xcx,Brat and it’s the same but there’s three more songs so it’s not
2025-03-19T07:04:40Z,March,3,19,07:04:40,visions,Charli xcx,how i'm feeling now
2025-03-19T07:06:24Z,March,3,19,07:06:24,Helen of Troy - Bonus Track,Lorde,Solar Power
2025-03-19T07:09:19Z,March,3,19,07:09:19,I got it bad,Addison Rae,AR
2025-03-19T07:12:05Z,March,3,19,07:12:05,guilty conscience,Tate McRae,THINK LATER
2025-03-19T14:49:32Z,March,3,19,14:49:32,how2fly,ISOxo,kidsgonemad!
2025-03-19T14:52:43Z,March,3,19,14:52:43,So Cynical (Badum),LE SSERAFIM,HOT
2025-03-19T14:55:01Z,March,3,19,14:55:01,Come Over,LE SSERAFIM,HOT
2025-03-19T14:58:19Z,March,3,19,14:58:19,Ash,LE SSERAFIM,HOT
2025-03-19T18:09:03Z,March,3,19,18:09:03,I Know Alone,HAIM,Women In Music Pt. III
2025-03-19T18:11:47Z,March,3,19,18:11:47,So Cynical (Badum),LE SSERAFIM,HOT
2025-03-19T18:19:02Z,March,3,19,18:19:02,Ash,LE SSERAFIM,HOT
2025-03-19T19:03:18Z,March,3,19,19:03:18,Pineapple Slice (with SG Lewis),Tove Lo,Dirt Femme
2025-03-19T19:07:09Z,March,3,19,19:07:09,Got Me Started,Troye Sivan,Something To Give Each Other
2025-03-19T19:11:28Z,March,3,19,19:11:28,American Teenager,Ethel Cain,Preacher’s Daughter
2025-03-19T19:15:13Z,March,3,19,19:15:13,Bunny Is A Rider,Caroline Polachek,"Desire, I Want To Turn Into You"
2025-03-19T19:18:43Z,March,3,19,19:18:43,STUD,Troye Sivan,In A Dream
2025-03-19T19:23:13Z,March,3,19,19:23:13,I might say something stupid featuring the 1975 & jon hopkins,Charli xcx,Brat and it’s completely different but also still brat
2025-03-19T19:26:04Z,March,3,19,19:26:04,Dade County Dreaming (feat. JT & Yung Miami),Camila Cabello,"C,XOXO"
2025-03-19T19:28:13Z,March,3,19,19:28:13,Pretender,Carlie Hanson,Wisconsin
2025-03-19T19:31:48Z,March,3,19,19:31:48,Paparazzi,Lady Gaga,The Fame
2025-03-19T19:36:22Z,March,3,19,19:36:22,SKYLIT,ISOxo,kidsgonemad!
2025-03-19T19:40:44Z,March,3,19,19:40:44,25/8,Bad Bunny,YHLQMDLG
2025-03-19T19:44:14Z,March,3,19,19:44:14,Cry for You,September,Dancing Shoes
2025-03-19T19:47:34Z,March,3,19,19:47:34,Tennis Court,Lorde,Pure Heroine
2025-03-19T19:50:11Z,March,3,19,19:50:11,Apple featuring the japanese house,Charli xcx,Brat and it’s completely different but also still brat
2025-03-19T19:53:29Z,March,3,19,19:53:29,Team,Lorde,Pure Heroine
2025-03-19T19:56:18Z,March,3,19,19:56:18,Rewind,Charli xcx,BRAT
2025-03-19T20:07:05Z,March,3,19,20:07:05,Be a Body,Grimes,Visions
2025-03-19T20:10:58Z,March,3,19,20:10:58,Click (feat. Kim Petras and Tommy Cash),Charli xcx,Charli
2025-03-19T20:13:08Z,March,3,19,20:13:08,Crash,Charli xcx,CRASH
2025-03-19T20:16:25Z,March,3,19,20:16:25,Paris,Taylor Swift,Midnights
2025-03-19T20:18:44Z,March,3,19,20:18:44,Passion,PinkPantheress,to hell with it
2025-03-19T20:23:57Z,March,3,19,20:23:57,Kids,MGMT,Oracular Spectacular
2025-03-19T20:27:18Z,March,3,19,20:27:18,Paradise (feat. Hannah Diamond),Charli xcx,Vroom Vroom EP
2025-03-19T20:30:15Z,March,3,19,20:30:15,Feel Something,Clairo,Immunity
2025-03-19T20:33:24Z,March,3,19,20:33:24,Pretty Boy,Lennon Stella,Three. Two. One.
2025-03-19T20:37:37Z,March,3,19,20:37:37,Dress You Up,Madonna,Like a Virgin
2025-03-19T20:42:05Z,March,3,19,20:42:05,YES or YES,TWICE,YES or YES
2025-03-19T20:45:30Z,March,3,19,20:45:30,Everything is romantic featuring caroline polachek,Charli xcx,Brat and it’s completely different but also still brat
2025-03-19T20:48:51Z,March,3,19,20:48:51,Viola,Yves,I Did
2025-03-19T20:52:46Z,March,3,19,20:52:46,New Romantics (Taylor's Version),Taylor Swift,1989 (Taylor's Version)
2025-03-19T20:58:05Z,March,3,19,20:58:05,Bum Like You,Robyn,Robyn
2025-03-19T21:00:09Z,March,3,19,21:00:09,Dominoes,Lorde,Solar Power
2025-03-19T21:03:02Z,March,3,19,21:03:02,Stop & Erase,Selena Gomez & The Scene,Kiss & Tell
2025-03-19T21:07:23Z,March,3,19,21:07:23,Weird World,Allie X,Girl With No Face
2025-03-19T21:10:07Z,March,3,19,21:10:07,Castle In The Sky,Kim Petras,Feed The Beast
2025-03-19T21:14:45Z,March,3,19,21:14:45,I Believe,Caroline Polachek,"Desire, I Want To Turn Into You"
2025-03-19T21:18:01Z,March,3,19,21:18:01,WANNABE,ITZY,IT'z ME
2025-03-20T01:11:01Z,March,3,20,01:11:01,High Fashion,Addison Rae,High Fashion
2025-03-20T01:14:24Z,March,3,20,01:14:24,Ash,LE SSERAFIM,HOT
2025-03-20T01:18:31Z,March,3,20,01:18:31,Air,YEJI,AIR
2025-03-20T01:21:36Z,March,3,20,01:21:36,B.E.A.T.,Selena Gomez,Stars Dance
2025-03-20T01:24:12Z,March,3,20,01:24:12,Rapunzel (Kiki Solo Version),LISA,Alter Ego
2025-03-20T01:26:48Z,March,3,20,01:26:48,So Cynical (Badum),LE SSERAFIM,HOT
2025-03-20T01:29:06Z,March,3,20,01:29:06,Come Over,LE SSERAFIM,HOT
2025-03-20T01:32:39Z,March,3,20,01:32:39,Ash,LE SSERAFIM,HOT
2025-03-20T01:36:03Z,March,3,20,01:36:03,I Really Like You,Carly Rae Jepsen,Emotion
2025-03-20T01:40:22Z,March,3,20,01:40:22,Apple,Charli xcx,BRAT
2025-03-20T03:56:55Z,March,3,20,03:56:55,Dress You Up,Madonna,Like a Virgin
2025-03-20T03:59:37Z,March,3,20,03:59:37,So Cynical (Badum),LE SSERAFIM,HOT
2025-03-20T04:18:05Z,March,3,20,04:18:05,Come Over,LE SSERAFIM,HOT
2025-03-20T05:10:59Z,March,3,20,05:10:59,Ash,LE SSERAFIM,HOT
2025-03-20T21:21:37Z,March,3,20,21:21:37,like JENNIE,JENNIE,Ruby
2025-03-20T21:26:00Z,March,3,20,21:26:00,ZEN,JENNIE,Ruby
2025-03-20T21:28:36Z,March,3,20,21:28:36,So Cynical (Badum),LE SSERAFIM,HOT
2025-03-20T21:32:01Z,March,3,20,21:32:01,Ash,LE SSERAFIM,HOT
2025-03-20T21:35:07Z,March,3,20,21:35:07,Rakata,Arca,KICK ii
2025-03-20T21:36:20Z,March,3,20,21:36:20,Last Valentines,PinkPantheress,to hell with it
2025-03-20T21:39:29Z,March,3,20,21:39:29,JUST LIKE WE NEVER SAID GOODBYE,SOPHIE,JUST LIKE WE NEVER SAID GOODBYE
2025-03-20T21:43:58Z,March,3,20,21:43:58,Hold No Grudge - Bonus Track,Lorde,Solar Power
2025-03-20T21:47:48Z,March,3,20,21:47:48,Diet Mountain Dew,Lana Del Rey,Born To Die - The Paradise Edition
2025-03-20T21:51:12Z,March,3,20,21:51:12,Everything is romantic featuring caroline polachek,Charli xcx,Brat and it’s completely different but also still brat
2025-03-20T21:54:19Z,March,3,20,21:54:19,Sugar Water Cyanide,Rebecca Black,Sugar Water Cyanide
2025-03-20T21:56:59Z,March,3,20,21:56:59,claws,Charli xcx,how i'm feeling now
2025-03-20T22:01:09Z,March,3,20,22:01:09,Beg for You (feat. Rina Sawayama) - A. G. Cook & VERNON OF SEVENTEEN Remix,Charli xcx,Beg For You (feat. Rina Sawayama)
2025-03-20T22:06:52Z,March,3,20,22:06:52,White Teeth Teens,Lorde,Pure Heroine
2025-03-20T22:10:26Z,March,3,20,22:10:26,Sun Sex Party,Babymorocco,The Sound
2025-03-20T22:13:15Z,March,3,20,22:13:15,Archetype,Omar Apollo,Ivory
2025-03-20T22:16:22Z,March,3,20,22:16:22,All Night,Icona Pop,THIS IS... ICONA POP
2025-03-20T22:18:57Z,March,3,20,22:18:57,love is embarrassing,Olivia Rodrigo,GUTS
2025-03-20T22:23:06Z,March,3,20,22:23:06,pretty isn’t pretty,Olivia Rodrigo,GUTS
2025-03-20T22:25:11Z,March,3,20,22:25:11,pink diamond,Charli xcx,how i'm feeling now
2025-03-20T22:27:50Z,March,3,20,22:27:50,Club classics,Charli xcx,BRAT
2025-03-20T22:34:41Z,March,3,20,22:34:41,Know Who You Are,Finn Keane,ELECTRIC
2025-03-20T22:38:01Z,March,3,20,22:38:01,Perfect Lover,Britney Spears,Blackout
2025-03-20T22:41:37Z,March,3,20,22:41:37,ALIEN SUPERSTAR,Beyoncé,RENAISSANCE
2025-03-20T22:44:47Z,March,3,20,22:44:47,Homemade Dynamite,Lorde,Melodrama
2025-03-20T22:48:56Z,March,3,20,22:48:56,Thinking About You (feat. Ayah Marar),Calvin Harris,18 Months
2025-03-20T22:51:34Z,March,3,20,22:51:34,Von dutch a. g. cook remix featuring addison rae,Charli xcx,Brat and it’s completely different but also still brat
2025-03-20T22:55:01Z,March,3,20,22:55:01,New Woman (feat. ROSALÍA),LISA,New Woman (feat. ROSALÍA)
2025-03-20T22:57:56Z,March,3,20,22:57:56,HARD,SOPHIE,HARD
2025-03-20T23:02:20Z,March,3,20,23:02:20,Habits (Stay High),Tove Lo,Queen Of The Clouds
2025-03-20T23:06:08Z,March,3,20,23:06:08,Thinkin Bout You,Frank Ocean,channel ORANGE
2025-03-20T23:09:02Z,March,3,20,23:09:02,"Beautiful, Dirty, Rich",Lady Gaga,The Fame
2025-03-20T23:12:36Z,March,3,20,23:12:36,Roll with Me,Charli xcx,Number 1 Angel
2025-03-20T23:17:18Z,March,3,20,23:17:18,Striptease,FKA twigs,EUSEXUA
2025-03-20T23:20:28Z,March,3,20,23:20:28,Like It Like It,TWICE,STRATEGY
2025-03-20T23:24:42Z,March,3,20,23:24:42,Sugar (feat. Wynter),Flo Rida,R.O.O.T.S. (Route of Overcoming the Struggle)
2025-03-20T23:27:58Z,March,3,20,23:27:58,NO PROBLEM (Feat. Felix of Stray Kids),NAYEON,IM NAYEON
2025-03-20T23:31:52Z,March,3,20,23:31:52,Spring Is Coming With A Strawberry In The Mouth,Caroline Polachek,"Desire, I Want To Turn Into You: Everasking Edition"
2025-03-20T23:34:41Z,March,3,20,23:34:41,God’s Menu,Stray Kids,GO LIVE
2025-03-20T23:37:56Z,March,3,20,23:37:56,Apple featuring the japanese house,Charli xcx,Brat and it’s completely different but also still brat
2025-03-20T23:40:40Z,March,3,20,23:40:40,Roll Up,BLACKSWAN,Roll Up
2025-03-20T23:45:23Z,March,3,20,23:45:23,Green Light,Lorde,Melodrama
2025-03-20T23:49:15Z,March,3,20,23:49:15,You Belong With Me (Taylor’s Version),Taylor Swift,Fearless (Taylor's Version)
2025-03-20T23:52:39Z,March,3,20,23:52:39,CRY FOR ME,TWICE,CRY FOR ME
2025-03-20T23:55:46Z,March,3,20,23:55:46,No One Dies From Love,Tove Lo,Dirt Femme
2025-03-20T23:58:44Z,March,3,20,23:58:44,Dynamite,ITZY,BORN TO BE
2025-03-21T00:02:18Z,March,3,21,00:02:18,Easy (with Kacey Musgraves feat. Mark Ronson),Troye Sivan,Easy (with Kacey Musgraves feat. Mark Ronson)
2025-03-21T00:05:34Z,March,3,21,00:05:34,Wanna Be Missed,Hayley Kiyoko,Expectations
2025-03-21T00:09:10Z,March,3,21,00:09:10,Radio,Lana Del Rey,Born To Die - The Paradise Edition
2025-03-21T00:13:40Z,March,3,21,00:13:40,Bum Like You,Robyn,Robyn
2025-03-21T00:15:59Z,March,3,21,00:15:59,Passion,PinkPantheress,to hell with it
2025-03-21T00:19:17Z,March,3,21,00:19:17,Sober,Lorde,Melodrama
2025-03-21T00:23:19Z,March,3,21,00:23:19,Dress You Up,Madonna,Like a Virgin
2025-03-21T00:45:03Z,March,3,21,00:45:03,Come Over,LE SSERAFIM,HOT
2025-03-21T00:48:21Z,March,3,21,00:48:21,Ash,LE SSERAFIM,HOT
2025-03-21T00:51:55Z,March,3,21,00:51:55,Air,YEJI,AIR
2025-03-21T00:55:15Z,March,3,21,00:55:15,ZEN,JENNIE,Ruby
2025-03-21T00:57:47Z,March,3,21,00:57:47,like JENNIE,JENNIE,Ruby
2025-03-21T01:10:12Z,March,3,21,01:10:12,Damn Right (feat. Childish Gambino & Kali Uchis),JENNIE,Ruby
2025-03-21T01:14:24Z,March,3,21,01:14:24,I Know Alone,HAIM,Women In Music Pt. III
2025-03-21T01:17:18Z,March,3,21,01:17:18,Talking to Yourself,Carly Rae Jepsen,The Loneliest Time
2025-03-21T01:41:43Z,March,3,21,01:41:43,B.E.A.T.,Selena Gomez,Stars Dance
2025-03-21T01:45:29Z,March,3,21,01:45:29,I Know Alone,HAIM,Women In Music Pt. III
2025-03-21T01:48:12Z,March,3,21,01:48:12,bloodonmyhands (feat. Flo Milli),Tate McRae,So Close To What
2025-03-21T01:54:32Z,March,3,21,01:54:32,Revolving door,Tate McRae,So Close To What
2025-03-21T01:56:53Z,March,3,21,01:56:53,like JENNIE,JENNIE,Ruby
2025-03-21T01:59:49Z,March,3,21,01:59:49,FXCK UP THE WORLD (Vixi Solo Version),LISA,Alter Ego
2025-03-21T02:12:04Z,March,3,21,02:12:04,Talking to Yourself,Carly Rae Jepsen,The Loneliest Time
2025-03-21T02:15:22Z,March,3,21,02:15:22,High Fashion,Addison Rae,High Fashion
2025-03-21T02:18:12Z,March,3,21,02:18:12,Diet Pepsi,Addison Rae,Diet Pepsi
2025-03-21T05:49:40Z,March,3,21,05:49:40,Superlove,Tinashe,Superlove
2025-03-21T13:24:38Z,March,3,21,13:24:38,Sunset Blvd,Selena Gomez,I Said I Love You First
2025-03-21T15:20:47Z,March,3,21,15:20:47,Bluest Flame,Selena Gomez,I Said I Love You First
2025-03-21T15:23:44Z,March,3,21,15:23:44,Bluest Flame,Selena Gomez,I Said I Love You First
2025-03-21T15:29:21Z,March,3,21,15:29:21,Bluest Flame,Selena Gomez,I Said I Love You First
2025-03-21T15:46:20Z,March,3,21,15:46:20,Bluest Flame,Selena Gomez,I Said I Love You First
2025-03-21T15:48:56Z,March,3,21,15:48:56,So Cynical (Badum),LE SSERAFIM,HOT
2025-03-21T15:51:14Z,March,3,21,15:51:14,Come Over,LE SSERAFIM,HOT
2025-03-21T15:55:20Z,March,3,21,15:55:20,Ash,LE SSERAFIM,HOT
2025-03-21T15:58:09Z,March,3,21,15:58:09,Doe Eyed,Rebecca Black,Let Her Burn
2025-03-21T16:03:28Z,March,3,21,16:03:28,Sick To My Stomach,Rebecca Black,Let Her Burn
2025-03-21T16:06:59Z,March,3,21,16:06:59,Piece of Me,Britney Spears,Blackout
2025-03-21T16:11:22Z,March,3,21,16:11:22,KETU TeCRÉ,Bad Bunny,DeBÍ TiRAR MáS FOToS
2025-03-21T16:43:31Z,March,3,21,16:43:31,EL CLúB,Bad Bunny,DeBÍ TiRAR MáS FOToS
2025-03-21T16:47:21Z,March,3,21,16:47:21,VeLDÁ,Bad Bunny,DeBÍ TiRAR MáS FOToS
2025-03-21T16:52:03Z,March,3,21,16:52:03,Bluest Flame,Selena Gomez,I Said I Love You First
2025-03-21T16:54:39Z,March,3,21,16:54:39,So Cynical (Badum),LE SSERAFIM,HOT
2025-03-21T16:58:11Z,March,3,21,16:58:11,Air,YEJI,AIR
2025-03-21T17:02:22Z,March,3,21,17:02:22,Dress You Up,Madonna,Like a Virgin
2025-03-21T17:06:24Z,March,3,21,17:06:24,Bum Like You,Robyn,Robyn
2025-03-21T17:19:27Z,March,3,21,17:19:27,High Fashion,Addison Rae,High Fashion
2025-03-21T17:22:11Z,March,3,21,17:22:11,Bluest Flame,Selena Gomez,I Said I Love You First
2025-03-21T17:24:28Z,March,3,21,17:24:28,Come Over,LE SSERAFIM,HOT
2025-03-21T17:27:46Z,March,3,21,17:27:46,Ash,LE SSERAFIM,HOT
2025-03-21T17:30:26Z,March,3,21,17:30:26,Chill,LISA,Alter Ego
2025-03-21T17:32:30Z,March,3,21,17:32:30,like JENNIE,JENNIE,Ruby
2025-03-21T17:35:52Z,March,3,21,17:35:52,ZEN,JENNIE,Ruby
2025-03-21T17:39:25Z,March,3,21,17:39:25,Selfish Girl,Charli xcx,CRASH
2025-03-21T17:42:20Z,March,3,21,17:42:20,We got so much,LE SSERAFIM,EASY
2025-03-21T17:47:10Z,March,3,21,17:47:10,Delicious (feat. Tommy Cash),Charli xcx,Pop 2
2025-03-21T23:07:59Z,March,3,21,23:07:59,Less of You,Omar Apollo,God Said No
2025-03-22T00:53:51Z,March,3,22,00:53:51,Bluest Flame,Selena Gomez,I Said I Love You First
2025-03-22T00:56:27Z,March,3,22,00:56:27,So Cynical (Badum),LE SSERAFIM,HOT
2025-03-22T00:59:03Z,March,3,22,00:59:03,Doe Eyed,Rebecca Black,Let Her Burn
2025-03-22T01:02:24Z,March,3,22,01:02:24,Who's That Chick? (feat. Rihanna),David Guetta,One More Love
2025-03-22T06:18:48Z,March,3,22,06:18:48,EoO,Bad Bunny,DeBÍ TiRAR MáS FOToS
2025-03-22T07:28:06Z,March,3,22,07:28:06,Bluest Flame,Selena Gomez,I Said I Love You First
2025-03-22T07:30:42Z,March,3,22,07:30:42,So Cynical (Badum),LE SSERAFIM,HOT
2025-03-22T07:33:00Z,March,3,22,07:33:00,Come Over,LE SSERAFIM,HOT
2025-03-22T07:36:18Z,March,3,22,07:36:18,Ash,LE SSERAFIM,HOT
2025-03-22T07:39:22Z,March,3,22,07:39:22,360,Charli xcx,BRAT
2025-03-22T07:45:10Z,March,3,22,07:45:10,party 4 u,Charli xcx,how i'm feeling now
2025-03-22T07:48:27Z,March,3,22,07:48:27,Sympathy is a knife,Charli xcx,BRAT
2025-03-22T21:35:25Z,March,3,22,21:35:25,Piece of Me,Britney Spears,Blackout
2025-03-22T21:38:22Z,March,3,22,21:38:22,Bluest Flame,Selena Gomez,I Said I Love You First
2025-03-22T22:33:24Z,March,3,22,22:33:24,So Cynical (Badum),LE SSERAFIM,HOT
2025-03-22T22:36:17Z,March,3,22,22:36:17,Bluest Flame,Selena Gomez,I Said I Love You First
2025-03-22T22:38:53Z,March,3,22,22:38:53,So Cynical (Badum),LE SSERAFIM,HOT
2025-03-22T22:41:10Z,March,3,22,22:41:10,Come Over,LE SSERAFIM,HOT
2025-03-22T22:44:28Z,March,3,22,22:44:28,Ash,LE SSERAFIM,HOT
2025-03-22T22:47:08Z,March,3,22,22:47:08,Chill,LISA,Alter Ego
2025-03-22T22:49:44Z,March,3,22,22:49:44,IS THIS LOVE,XG,AWE
2025-03-22T22:52:18Z,March,3,22,22:52:18,Club classics,Charli xcx,BRAT
2025-03-22T22:58:05Z,March,3,22,22:58:05,Bluest Flame,Selena Gomez,I Said I Love You First
2025-03-22T23:00:41Z,March,3,22,23:00:41,So Cynical (Badum),LE SSERAFIM,HOT
2025-03-22T23:03:50Z,March,3,22,23:03:50,Midnight Rain,Taylor Swift,Midnights
2025-03-22T23:06:37Z,March,3,22,23:06:37,Smart,LE SSERAFIM,EASY
2025-03-22T23:10:27Z,March,3,22,23:10:27,I LUV IT (feat. Playboi Carti),Camila Cabello,"C,XOXO"
2025-03-22T23:14:24Z,March,3,22,23:14:24,Perfect Places,Lorde,Melodrama
2025-03-22T23:59:11Z,March,3,22,23:59:11,Off To The Races,Lana Del Rey,Born To Die - The Paradise Edition
2025-03-23T00:01:57Z,March,3,23,00:01:57,Bluest Flame,Selena Gomez,I Said I Love You First
2025-03-23T00:06:33Z,March,3,23,00:06:33,Galina,Allie X,Girl With No Face
2025-03-23T00:09:27Z,March,3,23,00:09:27,Apple,Charli xcx,BRAT
2025-03-23T00:13:00Z,March,3,23,00:13:00,High Fashion,Addison Rae,High Fashion
2025-03-23T00:15:44Z,March,3,23,00:15:44,Rakata,Arca,KICK ii
2025-03-23T00:19:51Z,March,3,23,00:19:51,Dreamer - Compound Version,Charli xcx,Number 1 Angel
2025-03-23T00:23:20Z,March,3,23,00:23:20,Got Me Started,Troye Sivan,Something To Give Each Other
2025-03-23T00:26:07Z,March,3,23,00:26:07,B2b featuring tinashe,Charli xcx,Brat and it’s completely different but also still brat
2025-03-23T00:28:06Z,March,3,23,00:28:06,LEMONADE,SOPHIE,LEMONADE
2025-03-23T00:31:22Z,March,3,23,00:31:22,Talk talk,Charli xcx,BRAT
2025-03-23T00:53:13Z,March,3,23,00:53:13,"Girl, so confusing featuring lorde",Charli xcx,Brat and it’s completely different but also still brat
2025-03-23T01:04:03Z,March,3,23,01:04:03,I like u (Extended),Tove Lo,I like u (Remixes)
2025-03-23T01:06:49Z,March,3,23,01:06:49,Bluest Flame,Selena Gomez,I Said I Love You First
2025-03-23T01:09:24Z,March,3,23,01:09:24,So Cynical (Badum),LE SSERAFIM,HOT
2025-03-23T01:11:42Z,March,3,23,01:11:42,Come Over,LE SSERAFIM,HOT
2025-03-23T05:43:06Z,March,3,23,05:43:06,Ash,LE SSERAFIM,HOT
2025-03-23T05:45:53Z,March,3,23,05:45:53,Bluest Flame,Selena Gomez,I Said I Love You First
2025-03-23T05:50:24Z,March,3,23,05:50:24,visions,Charli xcx,how i'm feeling now
2025-03-23T06:35:03Z,March,3,23,06:35:03,Diet Pepsi,Addison Rae,Aquamarine
2025-03-23T06:35:53Z,March,3,23,06:35:53,As If It's Your Last,BLACKPINK,As If It's Your Last
2025-03-23T06:38:12Z,March,3,23,06:38:12,Rapunzel (Kiki Solo Version),LISA,Alter Ego
2025-03-23T08:58:30Z,March,3,23,08:58:30,take it offff,horsegiirL,v.i.p. - very important pony
2025-03-23T09:01:56Z,March,3,23,09:01:56,Toxic,Britney Spears,In The Zone
2025-03-23T09:06:22Z,March,3,23,09:06:22,Government Hooker,Lady Gaga,Born This Way
2025-03-23T09:09:11Z,March,3,23,09:09:11,Beg for You (feat. Rina Sawayama),Charli xcx,CRASH
2025-03-23T09:11:43Z,March,3,23,09:11:43,ETA,NewJeans,NewJeans 2nd EP 'Get Up'
2025-03-23T09:14:50Z,March,3,23,09:14:50,BAIT (with BANKS),Kim Petras,Feed The Beast
2025-03-23T09:18:04Z,March,3,23,09:18:04,Claws,Kim Petras,Feed The Beast
2025-03-23T09:20:20Z,March,3,23,09:20:20,I think about it all the time,Charli xcx,BRAT
2025-03-23T09:23:53Z,March,3,23,09:23:53,Live For Me,Omar Apollo,Live For Me
2025-03-23T09:26:23Z,March,3,23,09:26:23,beautiful waste,Beauty School Dropout,READY TO EAT
2025-03-23T11:38:40Z,March,3,23,11:38:40,Weird World,Allie X,Girl With No Face
2025-03-23T11:42:16Z,March,3,23,11:42:16,High Fashion,Addison Rae,High Fashion
2025-03-23T11:46:15Z,March,3,23,11:46:15,Perfect Places,Lorde,Melodrama
2025-03-23T11:50:09Z,March,3,23,11:50:09,gettin' hott,Knock2,ROOM202 EP
2025-03-23T11:56:56Z,March,3,23,11:56:56,Gossip Folks (feat. Ludacris),Missy Elliott,Under Construction
2025-03-23T12:05:34Z,March,3,23,12:05:34,Used to Know Me,Charli xcx,CRASH
2025-03-23T12:09:47Z,March,3,23,12:09:47,Gimme More,Britney Spears,Blackout
2025-03-23T12:13:10Z,March,3,23,12:13:10,Lavender Haze,Taylor Swift,Midnights
2025-03-23T12:16:56Z,March,3,23,12:16:56,I Know Alone,HAIM,Women In Music Pt. III
2025-03-23T12:19:36Z,March,3,23,12:19:36,Chill,LISA,Alter Ego
2025-03-23T12:22:12Z,March,3,23,12:22:12,Doe Eyed,Rebecca Black,Let Her Burn
2025-03-23T12:25:39Z,March,3,23,12:25:39,Feel Special,TWICE,Feel Special
2025-03-23T12:27:54Z,March,3,23,12:27:54,Rare,Selena Gomez,Rare
2025-03-23T12:31:32Z,March,3,23,12:31:32,No One Dies From Love,Tove Lo,Dirt Femme
2025-03-23T12:34:10Z,March,3,23,12:34:10,Roll Up,BLACKSWAN,Roll Up
2025-03-23T12:38:26Z,March,3,23,12:38:26,Beautiful,A. G. Cook,"PC Music, Vol. 1"
2025-03-24T23:43:55Z,March,3,24,23:43:55,Good Graces,Sabrina Carpenter,Short n' Sweet
2025-03-24T23:46:48Z,March,3,24,23:46:48,Bluest Flame,Selena Gomez,I Said I Love You First
2025-03-24T23:49:24Z,March,3,24,23:49:24,So Cynical (Badum),LE SSERAFIM,HOT
2025-03-24T23:51:42Z,March,3,24,23:51:42,Come Over,LE SSERAFIM,HOT
2025-03-24T23:55:00Z,March,3,24,23:55:00,Ash,LE SSERAFIM,HOT
2025-03-24T23:58:23Z,March,3,24,23:58:23,Air,YEJI,AIR
2025-03-25T00:01:36Z,March,3,25,00:01:36,258,YEJI,AIR
2025-03-25T00:05:14Z,March,3,25,00:05:14,HOT (HUH YUNJIN ver.),LE SSERAFIM,HOT (LE SSERAFIM Package)
2025-03-25T00:21:05Z,March,3,25,00:21:05,Club classics,Charli xcx,BRAT
2025-03-25T00:24:56Z,March,3,25,00:24:56,Circus,Britney Spears,Circus (Deluxe Version)
2025-03-25T00:30:18Z,March,3,25,00:30:18,I like u (Extended),Tove Lo,I like u (Remixes)
2025-03-25T00:34:17Z,March,3,25,00:34:17,Green Light,Lorde,Melodrama
2025-03-25T00:37:41Z,March,3,25,00:37:41,365,Charli xcx,BRAT
2025-03-25T00:40:17Z,March,3,25,00:40:17,Sex Talk,Kim Petras,Feed The Beast
2025-03-25T00:44:03Z,March,3,25,00:44:03,Dear Reader,Taylor Swift,Midnights
2025-03-25T00:47:40Z,March,3,25,00:47:40,Sober,Lorde,Melodrama
2025-03-25T00:50:29Z,March,3,25,00:50:29,Archetype,Omar Apollo,Ivory
2025-03-25T00:53:42Z,March,3,25,00:53:42,Vulnerable,Selena Gomez,Rare
2025-03-25T01:02:32Z,March,3,25,01:02:32,Radar,Britney Spears,Blackout
2025-03-25T01:05:49Z,March,3,25,01:05:49,What You Think About Me,Charli xcx,CRASH
2025-03-25T01:10:49Z,March,3,25,01:10:49,Knew Better / Forever Boy,Ariana Grande,Dangerous Woman
2025-03-25T01:14:27Z,March,3,25,01:14:27,Femmebot (feat. Dorian Electra and Mykki Blanco),Charli xcx,Pop 2
2025-03-25T01:18:42Z,March,3,25,01:18:42,Backseat (feat. Carly Rae Jepsen),Charli xcx,Pop 2
2025-03-25T01:22:48Z,March,3,25,01:22:48,Easy,Troye Sivan,In A Dream
2025-03-25T01:25:15Z,March,3,25,01:25:15,Mosquito,PinkPantheress,Mosquito
2025-03-25T01:28:21Z,March,3,25,01:28:21,"Eve, Psyche & The Bluebeard’s wife",LE SSERAFIM,UNFORGIVEN
2025-03-25T01:31:09Z,March,3,25,01:31:09,Beg for You (feat. Rina Sawayama),Charli xcx,CRASH
2025-03-25T01:34:59Z,March,3,25,01:34:59,Brave,TWICE,BETWEEN 1&2
2025-03-25T01:38:26Z,March,3,25,01:38:26,FEARLESS (2023 Ver.),LE SSERAFIM,UNFORGIVEN
2025-03-25T01:41:20Z,March,3,25,01:41:20,Supersonic,fromis_9,Supersonic
2025-03-25T01:43:49Z,March,3,25,01:43:49,Hit It From The Back,Kim Petras,Feed The Beast
2025-03-25T01:47:44Z,March,3,25,01:47:44,Crush,Ethel Cain,Inbred
2025-03-25T18:37:52Z,March,3,25,18:37:52,CRAZY,LE SSERAFIM,CRAZY
2025-03-25T19:07:22Z,March,3,25,19:07:22,harvest sky,Oklou,choke enough
2025-03-25T19:10:31Z,March,3,25,19:10:31,Good Graces,Sabrina Carpenter,Short n' Sweet
2025-03-25T19:13:15Z,March,3,25,19:13:15,Bluest Flame,Selena Gomez,I Said I Love You First
2025-03-25T19:15:51Z,March,3,25,19:15:51,So Cynical (Badum),LE SSERAFIM,HOT
2025-03-25T19:18:09Z,March,3,25,19:18:09,Come Over,LE SSERAFIM,HOT
2025-03-25T19:21:26Z,March,3,25,19:21:26,Ash,LE SSERAFIM,HOT
2025-03-25T19:23:29Z,March,3,25,19:23:29,speed//dial,Toro Oro,speed//dial
2025-03-25T19:26:45Z,March,3,25,19:26:45,Air,YEJI,AIR
2025-03-25T19:29:58Z,March,3,25,19:29:58,258,YEJI,AIR
2025-03-25T21:50:52Z,March,3,25,21:50:52,Air,YEJI,AIR
2025-03-25T21:55:39Z,March,3,25,21:55:39,Backseat (feat. Carly Rae Jepsen),Charli xcx,Pop 2
2025-03-25T21:59:08Z,March,3,25,21:59:08,Who Knew - Edit,P!nk,I'm Not Dead
2025-03-25T22:02:45Z,March,3,25,22:02:45,Bum Like You,Robyn,Robyn
2025-03-25T22:05:54Z,March,3,25,22:05:54,Homemade Dynamite,Lorde,Melodrama
2025-03-25T22:09:22Z,March,3,25,22:09:22,Paparazzi,Lady Gaga,The Fame
2025-03-25T22:12:42Z,March,3,25,22:12:42,360 featuring robyn & yung lean,Charli xcx,Brat and it’s completely different but also still brat
2025-03-25T22:15:26Z,March,3,25,22:15:26,Sympathy is a knife featuring ariana grande,Charli xcx,Brat and it’s completely different but also still brat
2025-03-26T00:36:15Z,March,3,26,00:36:15,Immaterial,SOPHIE,OIL OF EVERY PEARL'S UN-INSIDES
2025-03-26T00:39:42Z,March,3,26,00:39:42,Diet Pepsi,Addison Rae,Aquamarine
2025-03-26T00:42:28Z,March,3,26,00:42:28,No Doubt,ENHYPEN,ROMANCE : UNTOLD -daydream-
2025-03-26T00:45:03Z,March,3,26,00:45:03,IS THIS LOVE,XG,AWE
2025-03-26T00:48:19Z,March,3,26,00:48:19,Air,YEJI,AIR
2025-03-26T00:51:29Z,March,3,26,00:51:29,Hugs & Kisses,JISOO,AMORTAGE
2025-03-26T00:55:23Z,March,3,26,00:55:23,Click (feat. Kim Petras and Tommy Cash),Charli xcx,Charli
2025-03-26T00:59:17Z,March,3,26,00:59:17,c2.0,Charli xcx,how i'm feeling now
2025-03-26T01:25:54Z,March,3,26,01:25:54,258,YEJI,AIR
2025-03-26T01:29:20Z,March,3,26,01:29:20,I Really Like You,Carly Rae Jepsen,Emotion
2025-03-26T01:32:25Z,March,3,26,01:32:25,Good Graces,Sabrina Carpenter,Short n' Sweet
2025-03-26T01:35:08Z,March,3,26,01:35:08,Bluest Flame,Selena Gomez,I Said I Love You First
2025-03-26T01:38:38Z,March,3,26,01:38:38,Ash,LE SSERAFIM,HOT
2025-03-26T01:41:30Z,March,3,26,01:41:30,Von dutch a. g. cook remix featuring addison rae,Charli xcx,Brat and it’s completely different but also still brat
2025-03-26T01:43:48Z,March,3,26,01:43:48,360 featuring robyn & yung lean,Charli xcx,Brat and it’s completely different but also still brat
2025-03-26T18:49:56Z,March,3,26,18:49:56,Bum Like You,Robyn,Robyn
2025-03-26T21:31:57Z,March,3,26,21:31:57,360 featuring robyn & yung lean,Charli xcx,Brat and it’s completely different but also still brat
2025-03-26T21:35:28Z,March,3,26,21:35:28,Hugs & Kisses,JISOO,AMORTAGE
2025-03-26T21:39:27Z,March,3,26,21:39:27,All in Me,Brandy,Full Moon
2025-03-26T21:47:47Z,March,3,26,21:47:47,Lightning,Charli xcx,CRASH
2025-03-26T21:51:08Z,March,3,26,21:51:08,Supernatural,ITZY,GOLD
2025-03-26T22:30:57Z,March,3,26,22:30:57,Perfect Places,Lorde,Melodrama
2025-03-28T06:39:28Z,March,3,28,06:39:28,360 featuring robyn & yung lean,Charli xcx,Brat and it’s completely different but also still brat
2025-03-28T19:56:54Z,March,3,28,19:56:54,B.E.A.T.,Selena Gomez,Stars Dance
2025-03-28T20:00:15Z,March,3,28,20:00:15,Birthday,Selena Gomez,Stars Dance
2025-03-28T20:04:01Z,March,3,28,20:04:01,Do My Thang,Miley Cyrus,Bangerz (Deluxe Version)
2025-03-28T20:06:40Z,March,3,28,20:06:40,Roll Up,BLACKSWAN,Roll Up
2025-03-28T20:09:44Z,March,3,28,20:09:44,Don′t,LEE CHAE YEON,SHOWDOWN
2025-03-28T21:05:49Z,March,3,28,21:05:49,Mi Último Deseo,BamBam,BAMESIS
2025-03-28T21:07:41Z,March,3,28,21:07:41,Mi Último Deseo,BamBam,BAMESIS
2025-03-28T21:09:05Z,March,3,28,21:09:05,+82,BADVILLAIN,OVERSTEP
2025-03-28T21:11:42Z,March,3,28,21:11:42,Tonight I Might,KATSEYE,SIS (Soft Is Strong)
2025-03-28T21:14:45Z,March,3,28,21:14:45,Like It Like It,TWICE,STRATEGY
2025-03-28T21:17:41Z,March,3,28,21:17:41,Viola,Yves,I Did: Bloom
2025-03-28T21:20:26Z,March,3,28,21:20:26,Von dutch,Charli xcx,BRAT
2025-03-29T03:59:13Z,March,3,29,03:59:13,Homemade Dynamite,Lorde,Melodrama
2025-03-29T04:01:32Z,March,3,29,04:01:32,360 featuring robyn & yung lean,Charli xcx,Brat and it’s completely different but also still brat
2025-03-29T04:04:26Z,March,3,29,04:04:26,How Can I Not Know What I Need Right Now,Charli xcx,CRASH
2025-03-29T04:09:30Z,March,3,29,04:09:30,Diet Pepsi,Addison Rae,Aquamarine
2025-03-29T04:11:33Z,March,3,29,04:11:33,like JENNIE,JENNIE,Ruby
2025-03-29T04:14:07Z,March,3,29,04:14:07,Club classics,Charli xcx,BRAT
2025-03-29T04:16:38Z,March,3,29,04:16:38,Sympathy is a knife,Charli xcx,BRAT
2025-03-29T04:20:30Z,March,3,29,04:20:30,Piece of Me,Britney Spears,Blackout
2025-03-29T04:24:23Z,March,3,29,04:24:23,Get Back,Britney Spears,Blackout
2025-03-29T04:28:33Z,March,3,29,04:28:33,Gimme More,Britney Spears,Blackout
2025-03-29T04:31:28Z,March,3,29,04:31:28,Freakshow,Britney Spears,Blackout
2025-03-30T01:19:13Z,March,3,30,01:19:13,Rapunzel (Kiki Solo Version),LISA,Alter Ego
2025-03-30T01:22:23Z,March,3,30,01:22:23,Hugs & Kisses,JISOO,AMORTAGE
2025-03-30T01:28:02Z,March,3,30,01:28:02,"Girl, so confusing featuring lorde",Charli xcx,Brat and it’s completely different but also still brat
2025-03-30T01:31:29Z,March,3,30,01:31:29,So I,Charli xcx,BRAT
2025-03-30T01:33:44Z,March,3,30,01:33:44,I think about it all the time,Charli xcx,BRAT
2025-03-30T01:36:42Z,March,3,30,01:36:42,Apple,Charli xcx,BRAT
2025-03-30T01:39:24Z,March,3,30,01:39:24,Bluest Flame,Selena Gomez,I Said I Love You First
2025-03-30T01:42:49Z,March,3,30,01:42:49,Ash,LE SSERAFIM,HOT
2025-03-30T01:47:29Z,March,3,30,01:47:29,Striptease,FKA twigs,EUSEXUA
2025-03-30T01:50:42Z,March,3,30,01:50:42,Air,YEJI,AIR
2025-03-30T01:54:06Z,March,3,30,01:54:06,Yeah Yeah Yeah,BLACKPINK,BORN PINK
2025-03-30T01:55:10Z,March,3,30,01:55:10,New Shapes (feat. Christine and the Queens and Caroline Polachek),Charli xcx,CRASH
2025-03-30T01:58:31Z,March,3,30,01:58:31,New Shapes (feat. Christine and the Queens and Caroline Polachek),Charli xcx,CRASH
2025-03-30T02:02:07Z,March,3,30,02:02:07,Silver Cross,Charli xcx,Charli
2025-03-30T02:05:42Z,March,3,30,02:05:42,Roll with Me,Charli xcx,Number 1 Angel
2025-03-30T02:28:14Z,March,3,30,02:28:14,earthquake,JISOO,AMORTAGE
2025-03-30T02:42:11Z,March,3,30,02:42:11,Welcome To My Island,Caroline Polachek,"Desire, I Want To Turn Into You"
2025-03-30T02:45:24Z,March,3,30,02:45:24,Bunny Is A Rider,Caroline Polachek,"Desire, I Want To Turn Into You"
2025-03-30T02:48:46Z,March,3,30,02:48:46,Sober,Lorde,Melodrama
2025-03-30T02:51:56Z,March,3,30,02:51:56,Homemade Dynamite,Lorde,Melodrama
2025-03-30T02:56:27Z,March,3,30,02:56:27,Dress You Up,Madonna,Like a Virgin
2025-03-30T03:08:59Z,March,3,30,03:08:59,I Believe,Caroline Polachek,"Desire, I Want To Turn Into You"
2025-03-30T03:11:58Z,March,3,30,03:11:58,Roll the Dice,Toro Oro,Roll the Dice
2025-03-30T03:15:42Z,March,3,30,03:15:42,c2.0,Charli xcx,how i'm feeling now
2025-03-30T03:27:41Z,March,3,30,03:27:41,Chill,LISA,Alter Ego
2025-03-30T03:31:06Z,March,3,30,03:31:06,EoO,Bad Bunny,DeBÍ TiRAR MáS FOToS
2025-03-30T03:34:12Z,March,3,30,03:34:12,Good Graces,Sabrina Carpenter,Short n' Sweet
2025-03-30T03:36:56Z,March,3,30,03:36:56,Bluest Flame,Selena Gomez,I Said I Love You First
2025-03-30T03:41:07Z,March,3,30,03:41:07,KETU TeCRÉ,Bad Bunny,DeBÍ TiRAR MáS FOToS
2025-03-30T03:44:23Z,March,3,30,03:44:23,Wanna Be Missed,Hayley Kiyoko,Expectations
2025-03-30T03:47:38Z,March,3,30,03:47:38,Selfish Girl,Charli xcx,CRASH
2025-03-30T05:13:48Z,March,3,30,05:13:48,How Can I Not Know What I Need Right Now,Charli xcx,CRASH
2025-03-30T05:16:48Z,March,3,30,05:16:48,Supermodel,SZA,Ctrl
2025-03-30T05:20:34Z,March,3,30,05:20:34,Warm (feat. HAIM),Charli xcx,Charli
2025-03-30T05:24:18Z,March,3,30,05:24:18,BIRDS OF A FEATHER,Billie Eilish,HIT ME HARD AND SOFT
2025-03-30T05:27:45Z,March,3,30,05:27:45,Un Ratito,Bad Bunny,Un Verano Sin Ti
2025-03-30T06:18:42Z,March,3,30,06:18:42,What Ever Happened?,The Strokes,Room On Fire
2025-03-30T06:22:16Z,March,3,30,06:22:16,Easy (with Kacey Musgraves feat. Mark Ronson),Troye Sivan,Easy (with Kacey Musgraves feat. Mark Ronson)
2025-03-30T06:25:17Z,March,3,30,06:25:17,MOONLIGHT SUNRISE,TWICE,READY TO BE
2025-03-30T21:25:14Z,March,3,30,21:25:14,Team,Lorde,Pure Heroine
2025-03-30T21:28:15Z,March,3,30,21:28:15,Diet Pepsi,Addison Rae,Aquamarine
2025-03-30T21:31:34Z,March,3,30,21:31:34,High Fashion,Addison Rae,High Fashion
2025-03-30T21:40:50Z,March,3,30,21:40:50,Aquamarine,Addison Rae,Aquamarine
2025-03-30T21:43:59Z,March,3,30,21:43:59,Yeah Right,Vince Staples,Big Fish Theory
2025-03-30T21:48:45Z,March,3,30,21:48:45,A New Kind Of Love - Demo,Frou Frou,A New Kind Of Love
2025-03-30T21:52:43Z,March,3,30,21:52:43,Goodnight and Go,Imogen Heap,Speak for Yourself
2025-03-31T06:10:37Z,March,3,31,06:10:37,Me Pregunto,Belanova,Gran Disco Mini Precio - Dulce Beat
2025-03-31T06:17:53Z,March,3,31,06:17:53,Good Graces,Sabrina Carpenter,Short n' Sweet
2025-03-31T06:21:00Z,March,3,31,06:21:00,Busy Woman,Sabrina Carpenter,Short n' Sweet
2025-03-31T06:24:10Z,March,3,31,06:24:10,Hugs & Kisses,JISOO,AMORTAGE
2025-03-31T06:26:25Z,March,3,31,06:26:25,360 featuring robyn & yung lean,Charli xcx,Brat and it’s completely different but also still brat
2025-03-31T06:31:15Z,March,3,31,06:31:15,So Cynical (Badum),LE SSERAFIM,HOT
2025-03-31T06:33:32Z,March,3,31,06:33:32,Come Over,LE SSERAFIM,HOT
2025-03-31T06:36:50Z,March,3,31,06:36:50,Ash,LE SSERAFIM,HOT
2025-03-31T06:38:53Z,March,3,31,06:38:53,speed//dial,Toro Oro,speed//dial
2025-03-31T06:42:09Z,March,3,31,06:42:09,Air,YEJI,AIR
2025-03-31T06:44:38Z,March,3,31,06:44:38,Rapunzel (Kiki Solo Version),LISA,Alter Ego
2025-03-31T06:48:09Z,March,3,31,06:48:09,I LUV IT (feat. Playboi Carti),Camila Cabello,"C,XOXO"
2025-03-31T06:50:58Z,March,3,31,06:50:58,Rakata,Arca,KICK ii
2025-03-31T06:52:40Z,March,3,31,06:52:40,Cubana,Kim Petras,Slut Pop Miami
2025-03-31T06:57:21Z,March,3,31,06:57:21,Genesis,Grimes,Visions
2025-03-31T07:02:49Z,March,3,31,07:02:49,Track 10,Charli xcx,Pop 2
2025-03-31T07:07:32Z,March,3,31,07:07:32,"Girl, so confusing featuring lorde",Charli xcx,Brat and it’s completely different but also still brat
2025-03-31T07:11:27Z,March,3,31,07:11:27,Perfect Places,Lorde,Melodrama
2025-03-31T07:14:47Z,March,3,31,07:14:47,pretty isn’t pretty,Olivia Rodrigo,GUTS
2025-03-31T07:17:48Z,March,3,31,07:17:48,Sympathy is a knife,Charli xcx,BRAT
2025-03-31T07:21:46Z,March,3,31,07:21:46,Till the World Ends,Britney Spears,Femme Fatale (Deluxe Version)
2025-03-31T07:25:19Z,March,3,31,07:25:19,Piece of Me,Britney Spears,Blackout
2025-03-31T07:28:15Z,March,3,31,07:28:15,Freakshow,Britney Spears,Blackout
2025-03-31T07:30:57Z,March,3,31,07:30:57,Bluest Flame,Selena Gomez,I Said I Love You First
2025-03-31T07:34:03Z,March,3,31,07:34:03,How Does It Feel To Be Forgotten,Selena Gomez,I Said I Love You First
2025-03-31T07:37:10Z,March,3,31,07:37:10,You Said You Were Sorry,Selena Gomez,I Said I Love You First
2025-03-31T07:41:03Z,March,3,31,07:41:03,B.E.A.T.,Selena Gomez,Stars Dance
2025-03-31T07:44:50Z,March,3,31,07:44:50,I Know Alone,HAIM,Women In Music Pt. III
2025-03-31T07:47:44Z,March,3,31,07:47:44,Talking to Yourself,Carly Rae Jepsen,The Loneliest Time
2025-03-31T07:51:17Z,March,3,31,07:51:17,I Really Like You,Carly Rae Jepsen,Emotion
2025-03-31T07:55:07Z,March,3,31,07:55:07,Vroom Vroom,Charli xcx,Vroom Vroom EP
2025-03-31T07:59:12Z,March,3,31,07:59:12,Reason Why (feat. Kim Petras and BC Kingdom),SOPHIE,Reason Why (feat. Kim Petras and BC Kingdom)
2025-03-31T08:03:15Z,March,3,31,08:03:15,how2fly,ISOxo,kidsgonemad!
2025-03-31T19:09:42Z,March,3,31,19:09:42,Busy Woman,Sabrina Carpenter,Short n' Sweet
2025-03-31T19:11:52Z,March,3,31,19:11:52,360 featuring robyn & yung lean,Charli xcx,Brat and it’s completely different but also still brat
2025-03-31T19:15:01Z,March,3,31,19:15:01,Good Graces,Sabrina Carpenter,Short n' Sweet
2025-03-31T19:17:44Z,March,3,31,19:17:44,Bluest Flame,Selena Gomez,I Said I Love You First
2025-03-31T19:21:02Z,March,3,31,19:21:02,Ash,LE SSERAFIM,HOT
2025-03-31T22:53:14Z,March,3,31,22:53:14,Come Over (Hyperpop Remix),LE SSERAFIM,Come Over (Remixes)
2025-03-31T22:57:58Z,March,3,31,22:57:58,Bunny Is A Rider - Nikki Nair 'Satellite' Remix,Caroline Polachek,Bunny Is A Rider
2025-03-31T23:00:43Z,March,3,31,23:00:43,Cologne,beabadoobee,Our Extended Play
2025-03-31T23:03:41Z,March,3,31,23:03:41,Smoke,Caroline Polachek,"Desire, I Want To Turn Into You"
2025-03-31T23:06:15Z,March,3,31,23:06:15,Come Over (Hyperpop Remix),LE SSERAFIM,Come Over (Remixes)
2025-03-31T23:11:19Z,March,3,31,23:11:19,Break the Ice,Britney Spears,Blackout
2025-03-31T23:14:17Z,March,3,31,23:14:17,Come Over (Hyperpop Remix),LE SSERAFIM,Come Over (Remixes)
2025-03-31T23:20:42Z,March,3,31,23:20:42,HOT (HUH YUNJIN ver.),LE SSERAFIM,HOT (LE SSERAFIM Package)
2025-03-31T23:24:24Z,March,3,31,23:24:24,Maroon,Taylor Swift,Midnights
2025-03-31T23:27:21Z,March,3,31,23:27:21,Von dutch a. g. cook remix featuring addison rae,Charli xcx,Brat and it’s completely different but also still brat
2025-03-31T23:30:12Z,March,3,31,23:30:12,you're so cool,Tate McRae,i used to think i could fly
2025-03-31T23:33:06Z,March,3,31,23:33:06,Stop & Erase,Selena Gomez & The Scene,Kiss & Tell
2025-03-31T23:36:00Z,March,3,31,23:36:00,Supersonic,fromis_9,Supersonic
2025-03-31T23:39:37Z,March,3,31,23:39:37,Yeah Yeah Yeah,BLACKPINK,BORN PINK
2025-03-31T23:42:36Z,March,3,31,23:42:36,Roll the Dice,Toro Oro,Roll the Dice
2025-03-31T23:44:08Z,March,3,31,23:44:08,slower,Tate McRae,TOO YOUNG TO BE SAD
2025-03-31T23:49:48Z,March,3,31,23:49:48,Desire,Tove Lo,HEAT
2025-03-31T23:54:08Z,March,3,31,23:54:08,Dreamer - Compound Version,Charli xcx,Number 1 Angel
2025-03-31T23:57:11Z,March,3,31,23:57:11,Sugar Water Cyanide,Rebecca Black,Sugar Water Cyanide
2025-04-01T00:00:38Z,April,4,1,00:00:38,Circus,Britney Spears,Circus (Deluxe Version)
2025-04-01T00:01:16Z,April,4,1,00:01:16,you and i,wes mills,early days
2025-04-01T00:04:50Z,April,4,1,00:04:50,Blue Jeans,Lana Del Rey,Born To Die - The Paradise Edition
2025-04-01T00:12:59Z,April,4,1,00:12:59,Smart,LE SSERAFIM,EASY
2025-04-01T00:18:17Z,April,4,1,00:18:17,"I Got It (feat. Brooke Candy, CupcakKe and Pabllo Vittar)",Charli xcx,Pop 2
2025-04-01T00:23:12Z,April,4,1,00:23:12,how2fly,ISOxo,kidsgonemad!
2025-04-01T00:27:37Z,April,4,1,00:27:37,Marry The Night,Lady Gaga,Born This Way
2025-04-01T00:30:16Z,April,4,1,00:30:16,Perfect Night,LE SSERAFIM,Perfect Night
2025-04-01T00:34:16Z,April,4,1,00:34:16,3AM (Pull Up) [feat. MØ],Charli xcx,Number 1 Angel
2025-04-01T00:39:18Z,April,4,1,00:39:18,c2.0,Charli xcx,how i'm feeling now
2025-04-01T00:40:40Z,April,4,1,00:40:40,say it,2hollis,boy
2025-04-01T00:44:26Z,April,4,1,00:44:26,Pogo,Digitalism,Idealism
2025-04-01T00:58:47Z,April,4,1,00:58:47,BLUE,Billie Eilish,HIT ME HARD AND SOFT
2025-04-01T01:02:01Z,April,4,1,01:02:01,Aquamarine / Arcamarine,Addison Rae,Aquamarine / Arcamarine
2025-04-01T01:04:25Z,April,4,1,01:04:25,take it offff,horsegiirL,v.i.p. - very important pony
2025-04-01T01:26:47Z,April,4,1,01:26:47,Yeah Right,Vince Staples,Big Fish Theory
2025-04-01T01:29:23Z,April,4,1,01:29:23,Doe Eyed,Rebecca Black,Let Her Burn
2025-04-01T01:32:37Z,April,4,1,01:32:37,Crumbs,Rebecca Black,Let Her Burn
2025-04-01T03:42:22Z,April,4,1,03:42:22,Sick To My Stomach,Rebecca Black,Let Her Burn
2025-04-01T03:46:00Z,April,4,1,03:46:00,You Said You Were Sorry,Selena Gomez,I Said I Love You First
2025-04-01T03:48:50Z,April,4,1,03:48:50,Sunset Blvd,Selena Gomez,I Said I Love You First
2025-04-01T03:53:40Z,April,4,1,03:53:40,Twist The Knife,Rebecca Black,SALVATION
2025-04-01T03:56:55Z,April,4,1,03:56:55,Tears In My Pocket,Rebecca Black,SALVATION
2025-04-01T04:02:16Z,April,4,1,04:02:16,Paper Gangsta,Lady Gaga,The Fame
2025-04-01T06:40:17Z,April,4,1,06:40:17,Come Over (Hyperpop Remix),LE SSERAFIM,Come Over (Remixes)
2025-04-01T06:44:26Z,April,4,1,06:44:26,ZEN,JENNIE,Ruby
2025-04-01T06:48:07Z,April,4,1,06:48:07,Ash,LE SSERAFIM,HOT
2025-04-01T06:52:43Z,April,4,1,06:52:43,Chill,LISA,Alter Ego
2025-04-01T06:55:32Z,April,4,1,06:55:32,Diet Pepsi,Addison Rae,Aquamarine
2025-04-01T06:59:26Z,April,4,1,06:59:26,Question...?,Taylor Swift,Midnights
2025-04-01T07:02:38Z,April,4,1,07:02:38,STEREOTYPE,STAYC,STEREOTYPE
2025-04-01T07:06:00Z,April,4,1,07:06:00,California,Lorde,Solar Power
2025-04-01T07:10:14Z,April,4,1,07:10:14,ALIEN SUPERSTAR,Beyoncé,RENAISSANCE
2025-04-01T07:13:37Z,April,4,1,07:13:37,Supernatural,ITZY,GOLD
2025-04-01T07:16:40Z,April,4,1,07:16:40,all-american bitch,Olivia Rodrigo,GUTS
2025-04-01T07:19:39Z,April,4,1,07:19:39,Sober II (Melodrama),Lorde,Melodrama
2025-04-01T07:23:17Z,April,4,1,07:23:17,Femmebot (feat. Dorian Electra and Mykki Blanco),Charli xcx,Pop 2
2025-04-01T14:47:16Z,April,4,1,14:47:16,Come Over (Hyperpop Remix),LE SSERAFIM,Come Over (Remixes)
2025-04-01T14:51:58Z,April,4,1,14:51:58,You Said You Were Sorry,Selena Gomez,I Said I Love You First
2025-04-01T14:55:44Z,April,4,1,14:55:44,Sympathy is a knife featuring ariana grande,Charli xcx,Brat and it’s completely different but also still brat
2025-04-01T14:59:01Z,April,4,1,14:59:01,High Fashion,Addison Rae,High Fashion
2025-04-01T17:42:59Z,April,4,1,17:42:59,Dark Paradise,Lana Del Rey,Born To Die - The Paradise Edition
2025-04-01T17:48:53Z,April,4,1,17:48:53,Hugs & Kisses,JISOO,AMORTAGE
2025-04-01T17:53:10Z,April,4,1,17:53:10,Ash,LE SSERAFIM,HOT
2025-04-01T17:55:53Z,April,4,1,17:55:53,So Cynical (Badum),LE SSERAFIM,HOT
2025-04-01T17:59:43Z,April,4,1,17:59:43,I Really Like You,Carly Rae Jepsen,Emotion
2025-04-01T18:01:13Z,April,4,1,18:01:13,Rapunzel (Kiki Solo Version),LISA,Alter Ego
2025-04-01T18:03:46Z,April,4,1,18:03:46,Rapunzel (Kiki Solo Version),LISA,Alter Ego
2025-04-01T20:48:22Z,April,4,1,20:48:22,Elastigirl,LISA,Alter Ego
2025-04-02T04:48:20Z,April,4,2,04:48:20,Come Over (Hyperpop Remix),LE SSERAFIM,Come Over (Remixes)
2025-04-02T04:52:27Z,April,4,2,04:52:27,Undercover,Selena Gomez,Stars Dance
2025-04-02T04:56:01Z,April,4,2,04:56:01,FANCY,TWICE,FANCY YOU
2025-04-02T04:59:20Z,April,4,2,04:59:20,bad idea right?,Olivia Rodrigo,GUTS
2025-04-02T05:03:02Z,April,4,2,05:03:02,sister,2hollis,boy
2025-04-02T05:06:19Z,April,4,2,05:06:19,Chill,LISA,Alter Ego
2025-04-02T05:09:00Z,April,4,2,05:09:00,Butterfly,UMI,Butterfly
2025-04-02T05:12:22Z,April,4,2,05:12:22,10:36,beabadoobee,Beatopia
2025-04-02T05:13:15Z,April,4,2,05:13:15,Screen Cleaner (Oscar Farrell Remix),George Daniel,Screen Cleaner (Oscar Farrell Remix)
2025-04-02T05:16:07Z,April,4,2,05:16:07,Emo Boy,Ayesha Erotica,Big Juicy
2025-04-02T05:19:14Z,April,4,2,05:19:14,3 Nights,Carly Rose,3 Nights
2025-04-02T05:22:11Z,April,4,2,05:22:11,Don't Lie,The Chainsmokers,Don't Lie
2025-04-02T05:24:40Z,April,4,2,05:24:40,Don't Lie,The Chainsmokers,Don't Lie
2025-04-02T05:28:21Z,April,4,2,05:28:21,Busy Woman,Sabrina Carpenter,Short n' Sweet
2025-04-02T05:28:56Z,April,4,2,05:28:56,ILY2,Charli xcx,Number 1 Angel
2025-04-02T05:31:40Z,April,4,2,05:31:40,Estrogen,Arca,kiCK iiiii
2025-04-02T05:35:28Z,April,4,2,05:35:28,LUCID,Rina Sawayama,SAWAYAMA (Deluxe Edition)
2025-04-02T06:33:15Z,April,4,2,06:33:15,Otherside,Red Hot Chili Peppers,Californication
2025-04-02T06:36:02Z,April,4,2,06:36:02,Don't Lie,The Chainsmokers,Don't Lie
2025-04-02T06:39:16Z,April,4,2,06:39:16,Club classics featuring bb trickz,Charli xcx,Brat and it’s completely different but also still brat
2025-04-02T06:43:05Z,April,4,2,06:43:05,Womanizer,Britney Spears,Circus (Deluxe Version)
2025-04-02T06:47:12Z,April,4,2,06:47:12,Bum Like You,Robyn,Robyn
2025-04-02T06:49:55Z,April,4,2,06:49:55,Roll Up,BLACKSWAN,Roll Up
2025-04-02T06:59:02Z,April,4,2,06:59:02,Whole New World/Pretend World,SOPHIE,OIL OF EVERY PEARL'S UN-INSIDES
2025-04-02T07:02:49Z,April,4,2,07:02:49,Apple featuring the japanese house,Charli xcx,Brat and it’s completely different but also still brat
2025-04-02T07:05:15Z,April,4,2,07:05:15,El Alma Que Te Trajo,Safety Trance,El Alma Que Te Trajo
2025-04-02T07:08:36Z,April,4,2,07:08:36,Boys Boys Boys,Lady Gaga,The Fame
2025-04-02T07:12:28Z,April,4,2,07:12:28,"I Got It (feat. Brooke Candy, CupcakKe and Pabllo Vittar)",Charli xcx,Pop 2
2025-04-02T07:16:56Z,April,4,2,07:16:56,how2fly,ISOxo,kidsgonemad!
2025-04-02T07:20:28Z,April,4,2,07:20:28,Get Ur Freak On,Missy Elliott,Miss E... So Addictive
2025-04-02T07:24:22Z,April,4,2,07:24:22,Spring Is Coming With A Strawberry In The Mouth,Caroline Polachek,"Desire, I Want To Turn Into You: Everasking Edition"
2025-04-02T07:28:25Z,April,4,2,07:28:25,Better Than Revenge (Taylor's Version),Taylor Swift,Speak Now (Taylor's Version)
2025-04-02T07:31:45Z,April,4,2,07:31:45,Escalator,ITZY,BORN TO BE
2025-04-02T07:34:40Z,April,4,2,07:34:40,Supersonic,fromis_9,Supersonic
2025-04-02T07:37:14Z,April,4,2,07:37:14,Club classics,Charli xcx,BRAT
2025-04-02T07:40:54Z,April,4,2,07:40:54,TING TING TING (with Oliver Heldens),ITZY,IT'z ME
2025-04-02T07:44:07Z,April,4,2,07:44:07,360 featuring robyn & yung lean,Charli xcx,Brat and it’s completely different but also still brat
2025-04-02T07:47:43Z,April,4,2,07:47:43,pretty isn’t pretty,Olivia Rodrigo,GUTS
2025-04-02T07:51:28Z,April,4,2,07:51:28,Warm (feat. HAIM),Charli xcx,Charli
2025-04-02T07:54:35Z,April,4,2,07:54:35,No One Dies From Love,Tove Lo,Dirt Femme
2025-04-02T18:57:20Z,April,4,2,18:57:20,Come Over (Hyperpop Remix),LE SSERAFIM,Come Over (Remixes)
2025-04-02T19:00:14Z,April,4,2,19:00:14,Bluest Flame,Selena Gomez,I Said I Love You First
2025-04-02T19:02:28Z,April,4,2,19:02:28,360 featuring robyn & yung lean,Charli xcx,Brat and it’s completely different but also still brat
2025-04-03T05:23:44Z,April,4,3,05:23:44,Don't Lie,The Chainsmokers,Don't Lie
2025-04-03T05:26:22Z,April,4,3,05:26:22,Don't Lie,The Chainsmokers,Don't Lie
2025-04-03T05:30:12Z,April,4,3,05:30:12,Radar,Britney Spears,Blackout
2025-04-03T05:32:39Z,April,4,3,05:32:39,360,Charli xcx,BRAT
2025-04-03T05:35:20Z,April,4,3,05:35:20,Club classics,Charli xcx,BRAT
2025-04-03T05:37:51Z,April,4,3,05:37:51,Sympathy is a knife,Charli xcx,BRAT
2025-04-03T05:39:40Z,April,4,3,05:39:40,I might say something stupid,Charli xcx,BRAT
2025-04-03T05:42:22Z,April,4,3,05:42:22,Talk talk,Charli xcx,BRAT
2025-04-03T05:45:06Z,April,4,3,05:45:06,Von dutch,Charli xcx,BRAT
2025-04-03T05:52:49Z,April,4,3,05:52:49,Bad Boys,Jax Jones,Bad Boys
2025-04-03T05:55:28Z,April,4,3,05:55:28,take it offff,horsegiirL,v.i.p. - very important pony
2025-04-03T05:57:16Z,April,4,3,05:57:16,materiaL hor$e,horsegiirL,v.i.p. - very important pony
2025-04-03T05:59:27Z,April,4,3,05:59:27,take it offff,horsegiirL,v.i.p. - very important pony
2025-04-03T06:01:57Z,April,4,3,06:01:57,giirL math,horsegiirL,v.i.p. - very important pony
2025-04-03T06:04:00Z,April,4,3,06:04:00,scene before the kiss xoxo,horsegiirL,v.i.p. - very important pony
2025-04-03T06:08:54Z,April,4,3,06:08:54,My Barn My Rules,MCR-T,My Barn My Rules
2025-04-03T06:13:57Z,April,4,3,06:13:57,Doe Eyed,Rebecca Black,Let Her Burn
2025-04-03T06:17:31Z,April,4,3,06:17:31,Shooting Star,Kep1er,Kep1going On
2025-04-03T06:38:00Z,April,4,3,06:38:00,Bang 2,Chase Icon,Icon Baby
2025-04-03T06:40:43Z,April,4,3,06:40:43,Bubblegum,Chase Icon,Icon Baby
2025-04-03T06:43:00Z,April,4,3,06:43:00,Chase Bank,Chase Icon,Icon Baby
2025-04-03T06:44:50Z,April,4,3,06:44:50,Job Application,Chase Icon,Icon Baby
2025-04-03T06:46:48Z,April,4,3,06:46:48,Detour,Chase Icon,Icon Baby
2025-04-03T06:49:31Z,April,4,3,06:49:31,Missed Connections,Chase Icon,Icon Baby
2025-04-03T06:50:54Z,April,4,3,06:50:54,Mary Kate & Ashley,Chase Icon,Icon Baby
2025-04-03T06:55:06Z,April,4,3,06:55:06,Can't Get You out of My Head,Kylie Minogue,Fever
2025-04-03T06:58:46Z,April,4,3,06:58:46,No Angel,Charli xcx,Focus / No Angel
2025-04-03T07:03:14Z,April,4,3,07:03:14,Coachella - Woodstock In My Mind,Lana Del Rey,Lust For Life
2025-04-03T14:48:16Z,April,4,3,14:48:16,Cherry,Lana Del Rey,Lust For Life
2025-04-03T14:50:03Z,April,4,3,14:50:03,Silver Cross,Charli xcx,Charli
2025-04-03T14:54:51Z,April,4,3,14:54:51,Till the World Ends,Britney Spears,Femme Fatale (Deluxe Version)
2025-04-03T14:58:20Z,April,4,3,14:58:20,Garden (Say It Like Dat),SZA,Ctrl
2025-04-03T15:02:22Z,April,4,3,15:02:22,Ash,LE SSERAFIM,HOT
2025-04-03T15:04:31Z,April,4,3,15:04:31,360 featuring robyn & yung lean,Charli xcx,Brat and it’s completely different but also still brat
2025-04-03T17:56:43Z,April,4,3,17:56:43,So Cynical (Badum),LE SSERAFIM,HOT
2025-04-03T18:00:08Z,April,4,3,18:00:08,Ash,LE SSERAFIM,HOT
2025-04-03T18:04:01Z,April,4,3,18:04:01,Bluest Flame,Selena Gomez,I Said I Love You First
2025-04-03T18:07:06Z,April,4,3,18:07:06,Good Graces,Sabrina Carpenter,Short n' Sweet
2025-04-03T18:09:58Z,April,4,3,18:09:58,Don't Lie,The Chainsmokers,Don't Lie
2025-04-03T18:13:47Z,April,4,3,18:13:47,Come Over (Hyperpop Remix),LE SSERAFIM,Come Over (Remixes)
2025-04-03T18:21:45Z,April,4,3,18:21:45,c2.0,Charli xcx,how i'm feeling now
2025-04-03T21:18:52Z,April,4,3,21:18:52,Bum Like You,Robyn,Robyn
2025-04-04T21:58:38Z,April,4,4,21:58:38,"Bills, Bills, Bills",Destiny's Child,The Writing's On The Wall
2025-04-04T22:01:44Z,April,4,4,22:01:44,Good Graces,Sabrina Carpenter,Short n' Sweet
2025-04-04T22:06:53Z,April,4,4,22:06:53,Yummy,Gwen Stefani,The Sweet Escape
2025-04-04T22:09:37Z,April,4,4,22:09:37,Bluest Flame,Selena Gomez,I Said I Love You First
2025-04-04T22:13:41Z,April,4,4,22:13:41,Cinderella,Remi Wolf,Big Ideas
2025-04-04T22:17:38Z,April,4,4,22:17:38,Pogo,Digitalism,Idealism
2025-04-04T22:22:03Z,April,4,4,22:22:03,Luxurious,Gwen Stefani,Love. Angel. Music. Baby.
2025-04-04T22:26:07Z,April,4,4,22:26:07,S&M,Rihanna,Loud
2025-04-04T22:28:47Z,April,4,4,22:28:47,Chill,LISA,Alter Ego
2025-04-04T22:31:54Z,April,4,4,22:31:54,Busy Woman,Sabrina Carpenter,Short n' Sweet
2025-04-04T22:36:46Z,April,4,4,22:36:46,Paper Gangsta,Lady Gaga,The Fame
2025-04-04T22:41:47Z,April,4,4,22:41:47,Off To The Races,Lana Del Rey,Born To Die - The Paradise Edition
2025-04-04T22:45:18Z,April,4,4,22:45:18,Naked In Manhattan,Chappell Roan,The Rise and Fall of a Midwest Princess
2025-04-04T22:48:23Z,April,4,4,22:48:23,Closer To You,Clairo,Immunity
2025-04-04T22:52:10Z,April,4,4,22:52:10,I Know Alone,HAIM,Women In Music Pt. III
2025-04-04T22:55:49Z,April,4,4,22:55:49,Like A G6,Far East Movement,Like a G6
2025-04-04T22:58:26Z,April,4,4,22:58:26,Apple featuring the japanese house,Charli xcx,Brat and it’s completely different but also still brat
2025-04-05T04:20:05Z,April,4,5,04:20:05,Get Back,Britney Spears,Blackout
2025-04-05T04:23:24Z,April,4,5,04:23:24,Tonight,PinkPantheress,Tonight
2025-04-05T04:58:04Z,April,4,5,04:58:04,Lipgloss (feat. CupcakKe),Charli xcx,Number 1 Angel
2025-04-05T05:00:17Z,April,4,5,05:00:17,Magic Clock,f5ve,Magic Clock
2025-04-05T05:04:09Z,April,4,5,05:04:09,"I Got It (feat. Brooke Candy, CupcakKe and Pabllo Vittar)",Charli xcx,Pop 2
2025-04-05T05:06:41Z,April,4,5,05:06:41,Magic Clock,f5ve,Magic Clock
2025-04-05T05:12:47Z,April,4,5,05:12:47,Come Over (Hyperpop Remix),LE SSERAFIM,Come Over (Remixes)
2025-04-05T05:15:35Z,April,4,5,05:15:35,Magic Clock,f5ve,Magic Clock
2025-04-05T05:18:04Z,April,4,5,05:18:04,Don't Lie,The Chainsmokers,Don't Lie
2025-04-05T05:22:24Z,April,4,5,05:22:24,Air,YEJI,AIR
2025-04-05T05:26:10Z,April,4,5,05:26:10,I Really Like You,Carly Rae Jepsen,Emotion
2025-04-05T05:30:00Z,April,4,5,05:30:00,Radar,Britney Spears,Blackout
2025-04-05T05:33:21Z,April,4,5,05:33:21,LALISA,LISA,LALISA
2025-04-05T05:35:53Z,April,4,5,05:35:53,Conceited,SZA,SOS
2025-04-05T05:39:00Z,April,4,5,05:39:00,FEARLESS (2023 Ver.),LE SSERAFIM,UNFORGIVEN
2025-04-05T05:41:40Z,April,4,5,05:41:40,Rakata,Arca,KICK ii
2025-04-05T05:44:25Z,April,4,5,05:44:25,El Alma Que Te Trajo,Safety Trance,El Alma Que Te Trajo
2025-04-05T05:46:38Z,April,4,5,05:46:38,Magic Clock,f5ve,Magic Clock
2025-04-05T05:47:28Z,April,4,5,05:47:28,Queen of Hearts,TWICE,BETWEEN 1&2
2025-04-05T05:50:49Z,April,4,5,05:50:49,WHAT I WANT,ITZY,CHECKMATE
2025-04-05T05:55:01Z,April,4,5,05:55:01,Starstruck,Lady Gaga,The Fame
2025-04-05T05:58:40Z,April,4,5,05:58:40,Everything is romantic featuring caroline polachek,Charli xcx,Brat and it’s completely different but also still brat
2025-04-05T06:02:16Z,April,4,5,06:02:16,Welcome To My Island - George Daniel & Charli XCX Remix,Caroline Polachek,Welcome To My Island
2025-04-05T06:05:59Z,April,4,5,06:05:59,"Girl, so confusing featuring lorde",Charli xcx,Brat and it’s completely different but also still brat
2025-04-05T06:09:45Z,April,4,5,06:09:45,Warm (feat. HAIM),Charli xcx,Charli
2025-04-05T06:15:12Z,April,4,5,06:15:12,Track 10,Charli xcx,Pop 2
2025-04-05T06:17:23Z,April,4,5,06:17:23,360 featuring robyn & yung lean,Charli xcx,Brat and it’s completely different but also still brat
2025-04-05T06:20:01Z,April,4,5,06:20:01,Apple featuring the japanese house,Charli xcx,Brat and it’s completely different but also still brat
2025-04-05T06:22:35Z,April,4,5,06:22:35,Sympathy is a knife featuring ariana grande,Charli xcx,Brat and it’s completely different but also still brat
2025-04-05T06:26:46Z,April,4,5,06:26:46,I might say something stupid featuring the 1975 & jon hopkins,Charli xcx,Brat and it’s completely different but also still brat
2025-04-05T06:31:03Z,April,4,5,06:31:03,Club classics featuring bb trickz,Charli xcx,Brat and it’s completely different but also still brat
2025-04-05T06:32:47Z,April,4,5,06:32:47,Super,Bb trickz,Super
2025-04-05T06:35:48Z,April,4,5,06:35:48,You Said You Were Sorry,Selena Gomez,I Said I Love You First
2025-04-05T06:39:42Z,April,4,5,06:39:42,Undercover,Selena Gomez,Stars Dance
2025-04-05T06:42:16Z,April,4,5,06:42:16,B2b featuring tinashe,Charli xcx,Brat and it’s completely different but also still brat
2025-04-05T06:45:06Z,April,4,5,06:45:06,Diet Pepsi,Addison Rae,Aquamarine
2025-04-05T06:48:05Z,April,4,5,06:48:05,B2b,Charli xcx,BRAT
2025-04-05T06:50:39Z,April,4,5,06:50:39,Club classics,Charli xcx,BRAT
2025-04-05T06:53:29Z,April,4,5,06:53:29,Apple,Charli xcx,BRAT
2025-04-05T06:56:18Z,April,4,5,06:56:18,Sympathy is a knife,Charli xcx,BRAT
2025-04-05T07:00:06Z,April,4,5,07:00:06,1999 - EASYFUN Remix,Charli xcx,1999
2025-04-05T07:03:37Z,April,4,5,07:03:37,Get Ur Freak On,Missy Elliott,Miss E... So Addictive
2025-04-05T07:05:56Z,April,4,5,07:05:56,Magic Clock,f5ve,Magic Clock
2025-04-05T07:08:29Z,April,4,5,07:08:29,favorite crime,Olivia Rodrigo,SOUR
2025-04-05T07:11:28Z,April,4,5,07:11:28,Cruel Summer,Taylor Swift,Lover
2025-04-05T07:14:56Z,April,4,5,07:14:56,Cross You Out (feat. Sky Ferreira),Charli xcx,Charli
2025-04-05T07:18:01Z,April,4,5,07:18:01,Closer To You,Clairo,Immunity
2025-04-05T07:21:24Z,April,4,5,07:21:24,Knuckle Velvet,Ethel Cain,Golden Age
2025-04-05T07:25:51Z,April,4,5,07:25:51,Spiderwebs,No Doubt,Tragic Kingdom
2025-04-05T07:28:44Z,April,4,5,07:28:44,Princess Diana (with Nicki Minaj),Ice Spice,Princess Diana (with Nicki Minaj)
2025-04-05T07:32:16Z,April,4,5,07:32:16,Misery Business,Paramore,Riot!
2025-04-05T07:36:24Z,April,4,5,07:36:24,I Believe,Caroline Polachek,"Desire, I Want To Turn Into You"
2025-04-05T07:40:04Z,April,4,5,07:40:04,Reptilia,The Strokes,Room On Fire
2025-04-05T07:42:46Z,April,4,5,07:42:46,Queencard,(G)I-DLE,I feel
2025-04-05T07:45:15Z,April,4,5,07:45:15,Choke,Toro Oro,Choke
2025-04-05T07:48:58Z,April,4,5,07:48:58,Red (Taylor's Version),Taylor Swift,Red (Taylor's Version)
2025-04-05T07:52:30Z,April,4,5,07:52:30,get him back!,Olivia Rodrigo,GUTS
2025-04-05T07:55:23Z,April,4,5,07:55:23,Stop & Erase,Selena Gomez & The Scene,Kiss & Tell
2025-04-05T07:58:49Z,April,4,5,07:58:49,Secret (Shh),Charli xcx,Vroom Vroom EP
2025-04-05T08:02:31Z,April,4,5,08:02:31,pretty isn’t pretty,Olivia Rodrigo,GUTS
2025-04-05T20:44:59Z,April,4,5,20:44:59,What is Love?,TWICE,Summer Nights
2025-04-05T22:11:29Z,April,4,5,22:11:29,I Know Alone,HAIM,Women In Music Pt. III
2025-04-05T22:13:58Z,April,4,5,22:13:58,Don't Lie,The Chainsmokers,Don't Lie
2025-04-05T22:16:08Z,April,4,5,22:16:08,360 featuring robyn & yung lean,Charli xcx,Brat and it’s completely different but also still brat
2025-04-05T22:19:54Z,April,4,5,22:19:54,Warm (feat. HAIM),Charli xcx,Charli
2025-04-05T22:23:53Z,April,4,5,22:23:53,Dreamer - Compound Version,Charli xcx,Number 1 Angel
2025-04-05T22:26:37Z,April,4,5,22:26:37,Rakata,Arca,KICK ii
2025-04-05T22:29:52Z,April,4,5,22:29:52,Aquamarine / Arcamarine,Addison Rae,Aquamarine / Arcamarine
2025-04-06T03:08:07Z,April,4,6,03:08:07,Magic Clock,f5ve,Magic Clock
2025-04-06T03:11:11Z,April,4,6,03:11:11,Shooting Star,Kep1er,Kep1going On
2025-04-06T03:20:55Z,April,4,6,03:20:55,Magic Clock,f5ve,Magic Clock
2025-04-06T03:55:24Z,April,4,6,03:55:24,Don't Lie,The Chainsmokers,Don't Lie
2025-04-06T03:58:46Z,April,4,6,03:58:46,Perfect Lover,Britney Spears,Blackout
2025-04-06T04:01:23Z,April,4,6,04:01:23,Roll Up,BLACKSWAN,Roll Up
2025-04-06T04:04:15Z,April,4,6,04:04:15,Dang,Caroline Polachek,"Desire, I Want To Turn Into You: Everasking Edition"
2025-04-06T04:07:00Z,April,4,6,04:07:00,Von dutch,Charli xcx,BRAT
2025-04-06T04:19:40Z,April,4,6,04:19:40,Everything is romantic featuring caroline polachek,Charli xcx,Brat and it’s completely different but also still brat
2025-04-06T04:23:08Z,April,4,6,04:23:08,"Girl, so confusing featuring lorde",Charli xcx,Brat and it’s completely different but also still brat
2025-04-06T04:26:44Z,April,4,6,04:26:44,Homemade Dynamite,Lorde,Melodrama
2025-04-06T04:29:42Z,April,4,6,04:29:42,B2b,Charli xcx,BRAT
2025-04-06T04:32:22Z,April,4,6,04:32:22,Apple featuring the japanese house,Charli xcx,Brat and it’s completely different but also still brat
2025-04-06T04:34:56Z,April,4,6,04:34:56,B2b featuring tinashe,Charli xcx,Brat and it’s completely different but also still brat
2025-04-06T04:39:10Z,April,4,6,04:39:10,Warm (feat. HAIM),Charli xcx,Charli
2025-04-06T04:42:18Z,April,4,6,04:42:18,pink diamond,Charli xcx,how i'm feeling now
2025-04-06T04:45:35Z,April,4,6,04:45:35,Hot as Ice,Britney Spears,Blackout
2025-04-06T04:51:40Z,April,4,6,04:51:40,Welcome To My Island - George Daniel & Charli XCX Remix,Caroline Polachek,Welcome To My Island
2025-04-06T04:55:12Z,April,4,6,04:55:12,Piece of Me,Britney Spears,Blackout
2025-04-06T04:58:10Z,April,4,6,04:58:10,Freakshow,Britney Spears,Blackout
2025-04-06T05:01:32Z,April,4,6,05:01:32,Toy Soldier,Britney Spears,Blackout
2025-04-06T05:04:45Z,April,4,6,05:04:45,Circus,Britney Spears,Circus (Deluxe Version)
2025-04-06T05:08:52Z,April,4,6,05:08:52,Roll with Me,Charli xcx,Number 1 Angel
2025-04-06T05:13:04Z,April,4,6,05:13:04,Don't Call,Daya,Don't Call
2025-04-06T05:18:01Z,April,4,6,05:18:01,Welcome To My Island,Caroline Polachek,"Desire, I Want To Turn Into You"
2025-04-06T05:21:20Z,April,4,6,05:21:20,High Fashion,Addison Rae,High Fashion
2025-04-06T05:27:23Z,April,4,6,05:27:23,Nothing More to Say - Vox,SOPHIE,Nothing More to Say
2025-04-06T05:31:39Z,April,4,6,05:31:39,Just Dance,Lady Gaga,The Fame
2025-04-06T05:36:27Z,April,4,6,05:36:27,Born To Die,Lana Del Rey,Born To Die - The Paradise Edition
2025-04-06T05:39:24Z,April,4,6,05:39:24,Turn Your Phone Off,PinkPantheress,Turn Your Phone Off
2025-04-06T05:42:48Z,April,4,6,05:42:48,Everything is romantic featuring caroline polachek,Charli xcx,Brat and it’s completely different but also still brat
2025-04-06T05:46:07Z,April,4,6,05:46:07,Thoughts,Charli xcx,Charli
2025-04-06T05:50:37Z,April,4,6,05:50:37,Be a Body,Grimes,Visions
2025-04-06T05:54:22Z,April,4,6,05:54:22,gettin' hott,Knock2,ROOM202 EP
2025-04-06T05:57:47Z,April,4,6,05:57:47,I Really Like You,Carly Rae Jepsen,Emotion
2025-04-06T06:01:32Z,April,4,6,06:01:32,Womanizer,Britney Spears,Circus (Deluxe Version)
2025-04-06T06:53:50Z,April,4,6,06:53:50,STUD,Troye Sivan,In A Dream
2025-04-06T06:57:32Z,April,4,6,06:57:32,c2.0,Charli xcx,how i'm feeling now
2025-04-06T07:01:18Z,April,4,6,07:01:18,Crush,Ethel Cain,Inbred
2025-04-06T07:04:19Z,April,4,6,07:04:19,Midnight Rain,Taylor Swift,Midnights
2025-04-06T07:07:26Z,April,4,6,07:07:26,HARD,SOPHIE,HARD
2025-04-06T07:11:00Z,April,4,6,07:11:00,3,Britney Spears,The Singles Collection
2025-04-06T07:15:03Z,April,4,6,07:15:03,Weird World,Allie X,Girl With No Face
2025-04-06T07:19:21Z,April,4,6,07:19:21,Take Yourself Home,Troye Sivan,In A Dream
2025-04-06T07:22:18Z,April,4,6,07:22:18,Tonight,PinkPantheress,Tonight
2025-04-06T07:25:42Z,April,4,6,07:25:42,Boys Boys Boys,Lady Gaga,The Fame
2025-04-06T07:26:49Z,April,4,6,07:26:49,<maybe> it's my fault,WILLOW,<maybe> it's my fault
2025-04-06T07:32:34Z,April,4,6,07:32:34,BLUE,Billie Eilish,HIT ME HARD AND SOFT
2025-04-06T07:36:58Z,April,4,6,07:36:58,Work It,Missy Elliott,Under Construction
2025-04-06T07:38:56Z,April,4,6,07:38:56,Speed Drive (From Barbie The Album),Charli xcx,Speed Drive (From Barbie The Album)
2025-04-06T07:41:55Z,April,4,6,07:41:55,rom com 2004,Soccer Mommy,rom com 2004
2025-04-07T19:17:37Z,April,4,7,19:17:37,TT,TWICE,Twicecoaster: Lane 1
2025-04-07T19:20:42Z,April,4,7,19:20:42,I Know Alone,HAIM,Women In Music Pt. III
2025-04-07T19:24:31Z,April,4,7,19:24:31,Warm (feat. HAIM),Charli xcx,Charli
2025-04-07T19:26:45Z,April,4,7,19:26:45,Magic Clock,f5ve,Magic Clock
2025-04-07T19:29:23Z,April,4,7,19:29:23,Come Over (Hyperpop Remix),LE SSERAFIM,Come Over (Remixes)
2025-04-07T19:31:52Z,April,4,7,19:31:52,Don't Lie,The Chainsmokers,Don't Lie
2025-04-07T20:47:39Z,April,4,7,20:47:39,Rakata,Arca,KICK ii
2025-04-07T20:50:10Z,April,4,7,20:50:10,Rakata,Arca,KICK ii
2025-04-07T23:51:13Z,April,4,7,23:51:13,I like u (Extended),Tove Lo,I like u (Remixes)
2025-04-07T23:54:07Z,April,4,7,23:54:07,Magic Clock,f5ve,Magic Clock
2025-04-07T23:57:58Z,April,4,7,23:57:58,Can't Get You out of My Head,Kylie Minogue,Fever
2025-04-08T00:00:23Z,April,4,8,00:00:23,Come Over (Hyperpop Remix),LE SSERAFIM,Come Over (Remixes)
2025-04-08T00:03:11Z,April,4,8,00:03:11,Sunset Blvd,Selena Gomez,I Said I Love You First
2025-04-08T00:06:12Z,April,4,8,00:06:12,You Said You Were Sorry,Selena Gomez,I Said I Love You First
2025-04-08T00:09:19Z,April,4,8,00:09:19,Busy Woman,Sabrina Carpenter,Short n' Sweet
2025-04-08T00:11:29Z,April,4,8,00:11:29,360 featuring robyn & yung lean,Charli xcx,Brat and it’s completely different but also still brat
2025-04-08T00:14:39Z,April,4,8,00:14:39,Hugs & Kisses,JISOO,AMORTAGE
2025-04-08T00:17:45Z,April,4,8,00:17:45,Good Graces,Sabrina Carpenter,Short n' Sweet
2025-04-08T00:20:29Z,April,4,8,00:20:29,Bluest Flame,Selena Gomez,I Said I Love You First
2025-04-08T00:23:05Z,April,4,8,00:23:05,So Cynical (Badum),LE SSERAFIM,HOT
2025-04-08T00:26:39Z,April,4,8,00:26:39,Ash,LE SSERAFIM,HOT
2025-04-08T00:28:42Z,April,4,8,00:28:42,speed//dial,Toro Oro,speed//dial
2025-04-08T00:31:57Z,April,4,8,00:31:57,Air,YEJI,AIR
2025-04-08T00:35:15Z,April,4,8,00:35:15,258,YEJI,AIR
2025-04-08T00:48:36Z,April,4,8,00:48:36,I Know Alone,HAIM,Women In Music Pt. III
2025-04-08T00:49:58Z,April,4,8,00:49:58,I Know Alone,HAIM,Women In Music Pt. III
2025-04-08T00:53:37Z,April,4,8,00:53:37,LOOP (feat. Lil Cherry),Yves,LOOP
2025-04-08T00:55:57Z,April,4,8,00:55:57,Rapunzel (Kiki Solo Version),LISA,Alter Ego
2025-04-08T00:59:05Z,April,4,8,00:59:05,What A Heavenly Way To Die,Troye Sivan,Bloom
2025-04-08T01:02:44Z,April,4,8,01:02:44,Bigger Than The Whole Sky,Taylor Swift,Midnights
2025-04-08T01:04:58Z,April,4,8,01:04:58,Magic Clock,f5ve,Magic Clock
2025-04-08T01:07:44Z,April,4,8,01:07:44,He Gets Me So High,beabadoobee,Our Extended Play
2025-04-08T01:10:48Z,April,4,8,01:10:48,LSE to LAX,Carlie Hanson,Wisconsin
2025-04-08T01:14:21Z,April,4,8,01:14:21,Ex-Girlfriend,No Doubt,Return Of Saturn
2025-04-08T01:17:28Z,April,4,8,01:17:28,Plum,Troye Sivan,Bloom
2025-04-08T01:20:36Z,April,4,8,01:20:36,Don't Lie,The Chainsmokers,Don't Lie
2025-04-08T01:25:22Z,April,4,8,01:25:22,"Girl, so confusing featuring lorde",Charli xcx,Brat and it’s completely different but also still brat
2025-04-08T01:27:33Z,April,4,8,01:27:33,Crash,Charli xcx,CRASH
2025-04-08T06:21:53Z,April,4,8,06:21:53,It Ain’t Me (with Selena Gomez),Kygo,It Ain't Me
2025-04-08T06:26:20Z,April,4,8,06:26:20,When I Rule the World,LIZ,When I Rule the World
2025-04-08T06:31:34Z,April,4,8,06:31:34,STUD,Troye Sivan,In A Dream
2025-04-08T06:34:12Z,April,4,8,06:34:12,Von dutch a. g. cook remix featuring addison rae,Charli xcx,Brat and it’s completely different but also still brat
2025-04-08T06:36:59Z,April,4,8,06:36:59,Smart,LE SSERAFIM,EASY
2025-04-08T06:40:55Z,April,4,8,06:40:55,Hey QT,QT,Hey QT
2025-04-08T06:44:02Z,April,4,8,06:44:02,10/10,Troye Sivan,In A Dream
2025-04-08T06:47:33Z,April,4,8,06:47:33,Question...?,Taylor Swift,Midnights
2025-04-08T06:52:00Z,April,4,8,06:52:00,365,Charli xcx,BRAT
2025-04-08T06:55:42Z,April,4,8,06:55:42,Bum Like You,Robyn,Robyn
2025-04-08T06:58:40Z,April,4,8,06:58:40,B.O.A.T.,Camila Cabello,"C,XOXO"
2025-04-08T07:02:17Z,April,4,8,07:02:17,Writer In The Dark,Lorde,Melodrama
2025-04-08T07:06:09Z,April,4,8,07:06:09,Lavender Haze,Taylor Swift,Midnights
2025-04-08T07:09:30Z,April,4,8,07:09:30,LALISA,LISA,LALISA
2025-04-08T07:15:14Z,April,4,8,07:15:14,BLUE,Billie Eilish,HIT ME HARD AND SOFT
2025-04-08T07:19:34Z,April,4,8,07:19:34,Bunny Is A Rider - Nikki Nair 'Satellite' Remix,Caroline Polachek,Bunny Is A Rider
2025-04-08T07:23:19Z,April,4,8,07:23:19,Helen of Troy - Bonus Track,Lorde,Solar Power
2025-04-08T07:26:39Z,April,4,8,07:26:39,California,Lorde,Solar Power
2025-04-08T07:30:04Z,April,4,8,07:30:04,Everything is romantic featuring caroline polachek,Charli xcx,Brat and it’s completely different but also still brat
2025-04-08T07:32:59Z,April,4,8,07:32:59,Midnight Rain,Taylor Swift,Midnights
2025-04-08T07:37:15Z,April,4,8,07:37:15,Angel,Omar Apollo,Live For Me
2025-04-08T07:40:36Z,April,4,8,07:40:36,Thinkin Bout You,Frank Ocean,channel ORANGE
2025-04-08T07:44:32Z,April,4,8,07:44:32,Womanizer,Britney Spears,Circus (Deluxe Version)
2025-04-08T07:47:38Z,April,4,8,07:47:38,Je T'Adore,Kim Petras,Problématique
2025-04-08T07:50:33Z,April,4,8,07:50:33,Club classics featuring bb trickz,Charli xcx,Brat and it’s completely different but also still brat
2025-04-08T07:53:17Z,April,4,8,07:53:17,LOOP (feat. Lil Cherry),Yves,LOOP
2025-04-08T07:56:35Z,April,4,8,07:56:35,Sober,Lorde,Melodrama
2025-04-08T07:59:01Z,April,4,8,07:59:01,Love Ya Leave Ya,Kim Petras,Problématique
2025-04-08T08:01:12Z,April,4,8,08:01:12,Hot In It (feat. Charli XCX),Tiësto,DRIVE
2025-04-08T08:05:14Z,April,4,8,08:05:14,Dress You Up,Madonna,Like a Virgin
2025-04-08T14:54:05Z,April,4,8,14:54:05,Warm (feat. HAIM),Charli xcx,Charli
2025-04-08T14:57:51Z,April,4,8,14:57:51,I Know Alone,HAIM,Women In Music Pt. III
2025-04-08T15:02:03Z,April,4,8,15:02:03,Sober,Lorde,Melodrama
2025-04-08T15:05:44Z,April,4,8,15:05:44,Crush,Ethel Cain,Inbred
2025-04-08T20:55:22Z,April,4,8,20:55:22,Magic Clock,f5ve,Magic Clock
2025-04-08T20:59:54Z,April,4,8,20:59:54,Welcome To My Island - George Daniel & Charli XCX Remix,Caroline Polachek,Welcome To My Island
2025-04-08T21:02:51Z,April,4,8,21:02:51,HARD,SOPHIE,HARD
2025-04-08T21:12:36Z,April,4,8,21:12:36,Everything is romantic featuring caroline polachek,Charli xcx,Brat and it’s completely different but also still brat
2025-04-08T22:37:04Z,April,4,8,22:37:04,Magic Clock,f5ve,Magic Clock
2025-04-08T22:39:48Z,April,4,8,22:39:48,Rakata,Arca,KICK ii
2025-04-08T22:43:05Z,April,4,8,22:43:05,Break the Ice,Britney Spears,Blackout
2025-04-08T22:48:09Z,April,4,8,22:48:09,So I featuring a. g. cook,Charli xcx,Brat and it’s completely different but also still brat
2025-04-08T22:52:45Z,April,4,8,22:52:45,c2.0,Charli xcx,how i'm feeling now
2025-04-08T22:56:09Z,April,4,8,22:56:09,365,Charli xcx,BRAT
2025-04-08T23:00:03Z,April,4,8,23:00:03,Vroom Vroom,Charli xcx,Vroom Vroom EP
2025-04-08T23:02:39Z,April,4,8,23:02:39,XO Call Me,VCHA,Girls of the Year
2025-04-08T23:06:27Z,April,4,8,23:06:27,Maroon,Taylor Swift,Midnights
2025-04-08T23:10:09Z,April,4,8,23:10:09,Pretty Savage,BLACKPINK,THE ALBUM
2025-04-08T23:13:19Z,April,4,8,23:13:19,B2b,Charli xcx,BRAT
2025-04-08T23:17:32Z,April,4,8,23:17:32,"I Got It (feat. Brooke Candy, CupcakKe and Pabllo Vittar)",Charli xcx,Pop 2
2025-04-08T23:18:09Z,April,4,8,23:18:09,Ever Seen,beabadoobee,This Is How Tomorrow Moves
2025-04-08T23:21:28Z,April,4,8,23:21:28,Tennis Court,Lorde,Pure Heroine
2025-04-08T23:24:11Z,April,4,8,23:24:11,claws,Charli xcx,how i'm feeling now
2025-04-09T03:50:53Z,April,4,9,03:50:53,"Girl, so confusing featuring lorde",Charli xcx,Brat and it’s completely different but also still brat
2025-04-09T03:52:52Z,April,4,9,03:52:52,Speed Drive (From Barbie The Album),Charli xcx,Speed Drive (From Barbie The Album)
2025-04-09T03:54:11Z,April,4,9,03:54:11,Ribs,Lorde,Pure Heroine
2025-04-09T03:58:04Z,April,4,9,03:58:04,Blueberry Pancakes,Carlie Hanson,Wisconsin
2025-04-09T04:01:29Z,April,4,9,04:01:29,All Night,Icona Pop,THIS IS... ICONA POP
2025-04-09T04:05:27Z,April,4,9,04:05:27,Sober II (Melodrama),Lorde,Melodrama
2025-04-09T04:08:32Z,April,4,9,04:08:32,ANTIFRAGILE,LE SSERAFIM,UNFORGIVEN
2025-04-09T04:11:38Z,April,4,9,04:11:38,Alone - 2.0,Kim Petras,Alone
2025-04-09T04:15:30Z,April,4,9,04:15:30,When The Sun Goes Down,Selena Gomez & The Scene,When The Sun Goes Down
2025-04-09T16:47:37Z,April,4,9,16:47:37,Magic Clock,f5ve,Magic Clock
2025-04-09T16:47:58Z,April,4,9,16:47:58,Diet Pepsi,Addison Rae,Aquamarine
2025-04-09T16:51:08Z,April,4,9,16:51:08,Air,YEJI,AIR
2025-04-09T16:54:41Z,April,4,9,16:54:41,Homemade Dynamite,Lorde,Melodrama
2025-04-09T16:58:31Z,April,4,9,16:58:31,Piece of Me,Britney Spears,Blackout
2025-04-09T18:04:09Z,April,4,9,18:04:09,Club classics featuring bb trickz,Charli xcx,Brat and it’s completely different but also still brat
2025-04-09T18:06:36Z,April,4,9,18:06:36,Don't Lie,The Chainsmokers,Don't Lie
2025-04-09T18:12:29Z,April,4,9,18:12:29,Starstruck,Lady Gaga,The Fame
2025-04-09T18:17:09Z,April,4,9,18:17:09,Warm (feat. HAIM),Charli xcx,Charli
2025-04-09T18:21:21Z,April,4,9,18:21:21,Click (feat. Kim Petras and Tommy Cash),Charli xcx,Charli
2025-04-09T18:24:06Z,April,4,9,18:24:06,Get Ur Freak On,Missy Elliott,Miss E... So Addictive
2025-04-09T18:42:56Z,April,4,9,18:42:56,Rakata,Arca,KICK ii
2025-04-09T18:47:37Z,April,4,9,18:47:37,Homemade Dynamite,Lorde,Melodrama
2025-04-09T19:48:30Z,April,4,9,19:48:30,Sober II (Melodrama),Lorde,Melodrama
2025-04-10T00:53:45Z,April,4,10,00:53:45,"Girl, so confusing featuring lorde",Charli xcx,Brat and it’s completely different but also still brat
2025-04-10T00:57:40Z,April,4,10,00:57:40,Green Light,Lorde,Melodrama
2025-04-10T01:02:18Z,April,4,10,01:02:18,Supercut,Lorde,Melodrama
2025-04-10T01:07:29Z,April,4,10,01:07:29,Sober,Lorde,Melodrama
2025-04-10T01:10:39Z,April,4,10,01:10:39,Homemade Dynamite,Lorde,Melodrama
2025-04-10T01:15:10Z,April,4,10,01:15:10,The Louvre,Lorde,Melodrama
2025-04-10T01:18:02Z,April,4,10,01:18:02,Liability,Lorde,Melodrama
2025-04-10T01:24:09Z,April,4,10,01:24:09,Hard Feelings/Loveless,Lorde,Melodrama
2025-04-10T01:27:08Z,April,4,10,01:27:08,Sober II (Melodrama),Lorde,Melodrama
2025-04-10T01:29:31Z,April,4,10,01:29:31,Liability (Reprise),Lorde,Melodrama
2025-04-10T01:33:13Z,April,4,10,01:33:13,Perfect Places,Lorde,Melodrama
2025-04-10T01:36:50Z,April,4,10,01:36:50,Tennis Court,Lorde,Pure Heroine
2025-04-10T01:40:21Z,April,4,10,01:40:21,Glory And Gore,Lorde,Pure Heroine
2025-04-10T01:41:16Z,April,4,10,01:41:16,Royals,Lorde,Pure Heroine
2025-04-10T01:44:52Z,April,4,10,01:44:52,White Teeth Teens,Lorde,Pure Heroine
2025-04-10T01:48:05Z,April,4,10,01:48:05,Team,Lorde,Pure Heroine
2025-04-10T01:52:00Z,April,4,10,01:52:00,400 Lux,Lorde,Pure Heroine
2025-04-10T01:56:20Z,April,4,10,01:56:20,Ribs,Lorde,Pure Heroine
2025-04-10T02:36:52Z,April,4,10,02:36:52,You Said You Were Sorry,Selena Gomez,I Said I Love You First
2025-04-10T02:40:27Z,April,4,10,02:40:27,Ash,LE SSERAFIM,HOT
2025-04-10T02:44:29Z,April,4,10,02:44:29,Till the World Ends,Britney Spears,Femme Fatale (Deluxe Version)
2025-04-10T02:48:46Z,April,4,10,02:48:46,Immaterial,SOPHIE,OIL OF EVERY PEARL'S UN-INSIDES
2025-04-10T02:52:57Z,April,4,10,02:52:57,Beautiful,A. G. Cook,"PC Music, Vol. 1"
2025-04-10T02:53:47Z,April,4,10,02:53:47,The Truth,James Arthur,Back from the Edge
2025-04-10T02:59:19Z,April,4,10,02:59:19,Track 10,Charli xcx,Pop 2
2025-04-10T03:04:16Z,April,4,10,03:04:16,Yummy,Gwen Stefani,The Sweet Escape
2025-04-10T03:06:51Z,April,4,10,03:06:51,Therapist,Jeremy Zucker,CRUSHER
2025-04-10T03:10:07Z,April,4,10,03:10:07,when the party's over,Billie Eilish,"WHEN WE ALL FALL ASLEEP, WHERE DO WE GO?"
2025-04-10T03:13:58Z,April,4,10,03:13:58,STAY,BLACKPINK,SQUARE TWO
2025-04-10T03:18:29Z,April,4,10,03:18:29,Candy Man,Mary Jane Girls,Mary Jane Girls
2025-04-10T03:21:42Z,April,4,10,03:21:42,Tambourine,Eve,Tambourine
2025-04-10T03:25:37Z,April,4,10,03:25:37,Better Off Alone,Alice Deejay,Who Needs Guitars Anyway?
2025-04-10T03:30:10Z,April,4,10,03:30:10,Drive,Miley Cyrus,Bangerz (Deluxe Version)
2025-04-10T06:39:37Z,April,4,10,06:39:37,Welcome To My Island,Caroline Polachek,"Desire, I Want To Turn Into You"
2025-04-10T06:42:58Z,April,4,10,06:42:58,Thinkin Bout You,Frank Ocean,channel ORANGE
2025-04-10T06:46:12Z,April,4,10,06:46:12,Less of You,Omar Apollo,God Said No
2025-04-10T06:49:33Z,April,4,10,06:49:33,Escalator,ITZY,BORN TO BE
2025-04-10T06:54:09Z,April,4,10,06:54:09,If Jesus Was A Rockstar,Kim Petras,If Jesus Was A Rockstar
2025-04-10T06:57:58Z,April,4,10,06:57:58,Maroon,Taylor Swift,Midnights
2025-04-10T07:01:19Z,April,4,10,07:01:19,XS,Rina Sawayama,SAWAYAMA
2025-04-10T07:03:28Z,April,4,10,07:03:28,Cubana,Kim Petras,Slut Pop Miami
2025-04-10T07:06:41Z,April,4,10,07:06:41,Solar Power,Lorde,Solar Power
2025-04-10T07:07:22Z,April,4,10,07:07:22,You Belong With Me (Taylor’s Version),Taylor Swift,Fearless (Taylor's Version)
2025-04-10T16:09:41Z,April,4,10,16:09:41,Don't Lie,The Chainsmokers,Don't Lie
2025-04-10T16:10:19Z,April,4,10,16:10:19,Von dutch a. g. cook remix featuring addison rae,Charli xcx,Brat and it’s completely different but also still brat
2025-04-10T16:14:12Z,April,4,10,16:14:12,I might say something stupid featuring the 1975 & jon hopkins,Charli xcx,Brat and it’s completely different but also still brat
2025-04-10T16:17:25Z,April,4,10,16:17:25,JUST LIKE WE NEVER SAID GOODBYE,SOPHIE,JUST LIKE WE NEVER SAID GOODBYE
2025-04-10T16:20:47Z,April,4,10,16:20:47,Roll with Me,Charli xcx,Number 1 Angel
2025-04-10T16:25:39Z,April,4,10,16:25:39,Piece of Me,Britney Spears,Blackout
2025-04-10T21:51:36Z,April,4,10,21:51:36,Club classics,Charli xcx,BRAT
2025-04-10T21:55:10Z,April,4,10,21:55:10,"Girl, so confusing featuring lorde",Charli xcx,Brat and it’s completely different but also still brat
2025-04-10T21:59:16Z,April,4,10,21:59:16,Moscow Mule,Bad Bunny,Un Verano Sin Ti
2025-04-10T22:03:56Z,April,4,10,22:03:56,Bags - Recorded At Electric Lady Studios,Clairo,Live at Electric Lady
2025-04-10T22:07:23Z,April,4,10,22:07:23,California,Lorde,Solar Power
2025-04-10T22:10:49Z,April,4,10,22:10:49,I CAN'T STOP ME,TWICE,Eyes Wide Open
2025-04-10T22:14:19Z,April,4,10,22:14:19,STUD,Troye Sivan,In A Dream
2025-04-10T22:17:10Z,April,4,10,22:17:10,Castle In The Sky,Kim Petras,Feed The Beast
2025-04-10T22:17:52Z,April,4,10,22:17:52,Drums (Feat. Kim Petras),James Hype,Drums (Feat. Kim Petras)
2025-04-10T22:21:05Z,April,4,10,22:21:05,Midnight Rain,Taylor Swift,Midnights
2025-04-10T22:25:19Z,April,4,10,22:25:19,Tears (feat. Caroline Polachek),Charli xcx,Pop 2
2025-04-10T22:28:39Z,April,4,10,22:28:39,pretty isn’t pretty,Olivia Rodrigo,GUTS
2025-04-10T22:32:23Z,April,4,10,22:32:23,Red (Taylor's Version),Taylor Swift,Red (Taylor's Version)
2025-04-10T23:04:42Z,April,4,10,23:04:42,Magic Clock,f5ve,Magic Clock
2025-04-10T23:09:35Z,April,4,10,23:09:35,Striptease,FKA twigs,EUSEXUA
2025-04-10T23:55:50Z,April,4,10,23:55:50,Perfect Stranger,FKA twigs,EUSEXUA
2025-04-10T23:59:02Z,April,4,10,23:59:02,Drums of Death,FKA twigs,EUSEXUA
2025-04-11T00:01:59Z,April,4,11,00:01:59,Sticky,FKA twigs,EUSEXUA
2025-04-11T00:04:31Z,April,4,11,00:04:31,Childlike Things,FKA twigs,EUSEXUA
2025-04-11T00:08:49Z,April,4,11,00:08:49,Wanderlust,FKA twigs,EUSEXUA
2025-04-11T05:50:22Z,April,4,11,05:50:22,Bass Down Low,DEV,Bass Down Low
2025-04-11T19:52:09Z,April,4,11,19:52:09,B.E.A.T.,Selena Gomez,Stars Dance
2025-04-11T19:52:17Z,April,4,11,19:52:17,Harajuku Girls,Gwen Stefani,Love. Angel. Music. Baby.
2025-04-11T19:55:24Z,April,4,11,19:55:24,B.E.A.T.,Selena Gomez,Stars Dance
2025-04-11T19:58:36Z,April,4,11,19:58:36,Drums of Death,FKA twigs,EUSEXUA
2025-04-11T20:01:34Z,April,4,11,20:01:34,Sticky,FKA twigs,EUSEXUA
2025-04-11T20:04:05Z,April,4,11,20:04:05,Childlike Things,FKA twigs,EUSEXUA
2025-04-11T20:08:22Z,April,4,11,20:08:22,Wanderlust,FKA twigs,EUSEXUA
2025-04-11T20:09:52Z,April,4,11,20:09:52,nintendo 64,wes mills,nintendo 64
2025-04-11T20:12:22Z,April,4,11,20:12:22,Childlike Things,FKA twigs,EUSEXUA
2025-04-11T20:17:05Z,April,4,11,20:17:05,Striptease,FKA twigs,EUSEXUA
2025-04-11T20:20:47Z,April,4,11,20:20:47,Perfect Stranger,FKA twigs,EUSEXUA
2025-04-11T20:23:59Z,April,4,11,20:23:59,Drums of Death,FKA twigs,EUSEXUA
2025-04-11T20:58:18Z,April,4,11,20:58:18,"Girl, so confusing featuring lorde",Charli xcx,Brat and it’s completely different but also still brat
2025-04-11T21:01:58Z,April,4,11,21:01:58,Sober,Lorde,Melodrama
2025-04-11T21:04:34Z,April,4,11,21:04:34,BAIT (with BANKS),Kim Petras,Feed The Beast
2025-04-11T21:08:22Z,April,4,11,21:08:22,Toxic,Britney Spears,In The Zone
2025-04-11T21:11:52Z,April,4,11,21:11:52,STUD,Troye Sivan,In A Dream
2025-04-11T21:14:45Z,April,4,11,21:14:45,I got it bad,Addison Rae,AR
2025-04-11T21:18:27Z,April,4,11,21:18:27,c2.0,Charli xcx,how i'm feeling now
2025-04-11T21:20:31Z,April,4,11,21:20:31,Angel (From Barbie The Album),PinkPantheress,Angel (From Barbie The Album)
2025-04-11T21:23:25Z,April,4,11,21:23:25,Talk talk featuring troye sivan,Charli xcx,Brat and it’s completely different but also still brat
2025-04-11T21:27:10Z,April,4,11,21:27:10,Radio,Lana Del Rey,Born To Die - The Paradise Edition
2025-04-11T21:30:57Z,April,4,11,21:30:57,In The Dark,DEV,The Night The Sun Came Up
2025-04-11T21:33:52Z,April,4,11,21:33:52,Sugar Water Cyanide,Rebecca Black,Sugar Water Cyanide
2025-04-11T21:37:22Z,April,4,11,21:37:22,Cry for You,September,Dancing Shoes
2025-04-11T21:37:55Z,April,4,11,21:37:55,Baby,Charli xcx,CRASH
2025-04-11T21:41:19Z,April,4,11,21:41:19,Welcome To My Island - George Daniel & Charli XCX Remix,Caroline Polachek,Welcome To My Island
2025-04-11T21:45:27Z,April,4,11,21:45:27,Masquerade,Nicki Minaj,Pink Friday ... Roman Reloaded
2025-04-11T21:50:03Z,April,4,11,21:50:03,Beg for You (feat. Rina Sawayama) - A. G. Cook & VERNON OF SEVENTEEN Remix,Charli xcx,Beg For You (feat. Rina Sawayama)
2025-04-11T21:53:14Z,April,4,11,21:53:14,Smart,LE SSERAFIM,EASY
2025-04-11T21:56:03Z,April,4,11,21:56:03,Rewind,Charli xcx,BRAT
2025-04-11T22:01:24Z,April,4,11,22:01:24,party 4 u,Charli xcx,how i'm feeling now
2025-04-11T22:05:44Z,April,4,11,22:05:44,You Slept On Me,Allie X,Girl With No Face
2025-04-11T22:09:43Z,April,4,11,22:09:43,Weird World,Allie X,Girl With No Face
2025-04-11T22:12:34Z,April,4,11,22:12:34,uhoh,Kim Petras,Feed The Beast
2025-04-11T22:16:46Z,April,4,11,22:16:46,FOREVER,BABYMONSTER,DRIP
2025-04-11T22:19:49Z,April,4,11,22:19:49,Perfect Lover,Britney Spears,Blackout
2025-04-11T22:23:29Z,April,4,11,22:23:29,High Fashion,Addison Rae,High Fashion
2025-04-11T22:26:16Z,April,4,11,22:26:16,Snot (feat. Deb Never),Carlie Hanson,Tough Boy
2025-04-11T22:28:48Z,April,4,11,22:28:48,Roll Up,BLACKSWAN,Roll Up
2025-04-11T22:32:04Z,April,4,11,22:32:04,Whip My Hair,WILLOW,Whip My Hair
2025-04-11T22:37:32Z,April,4,11,22:37:32,Laplander,Finn Keane,Deep Trouble
2025-04-11T22:40:07Z,April,4,11,22:40:07,Sympathy is a knife featuring ariana grande,Charli xcx,Brat and it’s completely different but also still brat
2025-04-11T22:43:30Z,April,4,11,22:43:30,Bluest Flame,Selena Gomez,I Said I Love You First
2025-04-11T22:47:09Z,April,4,11,22:47:09,All The Time,Kim Petras,All The Time
2025-04-11T22:50:58Z,April,4,11,22:50:58,Masquerade,Nicki Minaj,Pink Friday ... Roman Reloaded
2025-04-11T22:53:49Z,April,4,11,22:53:49,Ball Like That,BamBam,BAMESIS
2025-04-11T22:58:00Z,April,4,11,22:58:00,Molecules,Hayley Kiyoko,Expectations
2025-04-11T23:01:11Z,April,4,11,23:01:11,air,xo,whitenoise
2025-04-11T23:03:38Z,April,4,11,23:03:38,Magic Clock,f5ve,Magic Clock
2025-04-11T23:59:32Z,April,4,11,23:59:32,"Girl, so confusing featuring lorde",Charli xcx,Brat and it’s completely different but also still brat
2025-04-12T00:02:55Z,April,4,12,00:02:55,Welcome To My Island - George Daniel & Charli XCX Remix,Caroline Polachek,Welcome To My Island
2025-04-12T00:04:07Z,April,4,12,00:04:07,3D (feat. Jack Harlow),Jung Kook,3D (feat. Jack Harlow)
2025-04-12T00:06:13Z,April,4,12,00:06:13,Perfect Stranger,FKA twigs,EUSEXUA
2025-04-12T00:08:44Z,April,4,12,00:08:44,Childlike Things,FKA twigs,EUSEXUA
2025-04-12T00:11:56Z,April,4,12,00:11:56,Drums of Death,FKA twigs,EUSEXUA
2025-04-12T00:14:25Z,April,4,12,00:14:25,Don't Lie,The Chainsmokers,Don't Lie
2025-04-12T00:16:55Z,April,4,12,00:16:55,take it offff,horsegiirL,v.i.p. - very important pony
2025-04-12T00:21:22Z,April,4,12,00:21:22,My Barn My Rules,MCR-T,My Barn My Rules
2025-04-12T00:24:23Z,April,4,12,00:24:23,B2b,Charli xcx,BRAT
2025-04-12T00:27:44Z,April,4,12,00:27:44,Roll with Me,Charli xcx,Number 1 Angel
2025-04-12T00:31:13Z,April,4,12,00:31:13,Better Off Alone,Alice Deejay,Who Needs Guitars Anyway?
2025-04-12T00:35:16Z,April,4,12,00:35:16,how2fly,ISOxo,kidsgonemad!
2025-04-12T00:57:50Z,April,4,12,00:57:50,Magic Clock,f5ve,Magic Clock
2025-04-12T01:01:20Z,April,4,12,01:01:20,Don't Lie,The Chainsmokers,Don't Lie
2025-04-12T01:09:14Z,April,4,12,01:09:14,take it offff,horsegiirL,v.i.p. - very important pony
2025-04-12T01:12:59Z,April,4,12,01:12:59,Perfect Places,Lorde,Melodrama
2025-04-12T01:18:04Z,April,4,12,01:18:04,Cool With You,NewJeans,NewJeans 2nd EP 'Get Up'
2025-04-12T01:24:27Z,April,4,12,01:24:27,Rakata,Arca,KICK ii
2025-04-12T01:59:45Z,April,4,12,01:59:45,xXXi_wud_nvrstøp_ÜXXx (Remix) [feat. Tommy Cash & Hannah Diamond],100 gecs,1000 gecs and The Tree of Clues
2025-04-12T05:51:01Z,April,4,12,05:51:01,Apple,Charli xcx,BRAT
2025-04-12T05:54:07Z,April,4,12,05:54:07,Childlike Things,FKA twigs,EUSEXUA
2025-04-12T05:58:06Z,April,4,12,05:58:06,I Know Alone,HAIM,Women In Music Pt. III
2025-04-12T06:00:07Z,April,4,12,06:00:07,Girls,The Dare,What's Wrong With New York?
2025-04-12T06:03:56Z,April,4,12,06:03:56,If U Think About Me...,Kim Petras,If U Think About Me...
2025-04-12T06:06:18Z,April,4,12,06:06:18,Xcxoplex (with Charli XCX),A. G. Cook,Xcxoplex (with Charli XCX)
2025-04-12T06:10:28Z,April,4,12,06:10:28,"1,2,3 dayz up",Kim Petras,"1,2,3 dayz up"
2025-04-12T06:13:49Z,April,4,12,06:13:49,I Give Up,Caroline Polachek,Pang
2025-04-12T06:17:33Z,April,4,12,06:17:33,Da Feeling,Jengi,Da Feeling
2025-04-12T06:21:11Z,April,4,12,06:21:11,Brave,TWICE,BETWEEN 1&2
2025-04-12T06:24:29Z,April,4,12,06:24:29,Dang,Caroline Polachek,Dang
2025-04-12T06:28:51Z,April,4,12,06:28:51,Thinking About You (feat. Ayah Marar),Calvin Harris,18 Months
2025-04-12T06:32:21Z,April,4,12,06:32:21,Aquamarine / Arcamarine,Addison Rae,Aquamarine / Arcamarine
2025-04-12T06:37:03Z,April,4,12,06:37:03,Falling,Iration,Time Bomb
2025-04-12T06:42:19Z,April,4,12,06:42:19,BEAUTY IN DEATH,Chase Atlantic,BEAUTY IN DEATH
2025-04-12T06:44:53Z,April,4,12,06:44:53,crush,2hollis,boy
2025-04-12T06:50:42Z,April,4,12,06:50:42,Snow (Hey Oh),Red Hot Chili Peppers,Stadium Arcadium
2025-04-12T21:10:43Z,April,4,12,21:10:43,Crush,Ethel Cain,Inbred
2025-04-12T21:15:02Z,April,4,12,21:15:02,American Teenager,Ethel Cain,Preacher’s Daughter
2025-04-12T21:19:42Z,April,4,12,21:19:42,Bags - Recorded At Electric Lady Studios,Clairo,Live at Electric Lady
2025-04-12T21:22:47Z,April,4,12,21:22:47,Softly,Clairo,Immunity
2025-04-12T21:42:47Z,April,4,12,21:42:47,Good Graces,Sabrina Carpenter,Short n' Sweet
2025-04-12T21:48:01Z,April,4,12,21:48:01,Supercut,Lorde,Melodrama
2025-04-12T21:51:50Z,April,4,12,21:51:50,Perfect Places,Lorde,Melodrama
2025-04-12T21:55:08Z,April,4,12,21:55:08,In the Stars,Icona Pop,THIS IS... ICONA POP
2025-04-12T21:59:05Z,April,4,12,21:59:05,Radio,Lana Del Rey,Born To Die - The Paradise Edition
2025-04-12T22:03:11Z,April,4,12,22:03:11,"I Got It (feat. Brooke Candy, CupcakKe and Pabllo Vittar)",Charli xcx,Pop 2
2025-04-12T22:06:44Z,April,4,12,22:06:44,Ex-Girlfriend,No Doubt,Return Of Saturn
2025-04-12T22:09:07Z,April,4,12,22:09:07,Guess,Charli xcx,Brat and it’s the same but there’s three more songs so it’s not
2025-04-12T22:12:44Z,April,4,12,22:12:44,Welcome To My Island - George Daniel & Charli XCX Remix,Caroline Polachek,Welcome To My Island
2025-04-13T01:36:32Z,April,4,13,01:36:32,"Girl, so confusing featuring lorde",Charli xcx,Brat and it’s completely different but also still brat
2025-04-13T02:02:02Z,April,4,13,02:02:02,Perfect Stranger,FKA twigs,EUSEXUA
2025-04-13T02:05:13Z,April,4,13,02:05:13,Drums of Death,FKA twigs,EUSEXUA
2025-04-13T02:07:57Z,April,4,13,02:07:57,Childlike Things,FKA twigs,EUSEXUA
2025-04-13T06:48:50Z,April,4,13,06:48:50,magic,xo,magic
2025-04-13T06:51:48Z,April,4,13,06:51:48,air,xo,whitenoise
2025-04-13T06:55:37Z,April,4,13,06:55:37,apollo,xo,whitenoise
2025-04-13T06:57:12Z,April,4,13,06:57:12,flash,xo,whitenoise
2025-04-13T07:00:03Z,April,4,13,07:00:03,u,xo,whitenoise
2025-04-13T07:02:32Z,April,4,13,07:02:32,rainfall,xo,whitenoise
2025-04-13T07:06:03Z,April,4,13,07:06:03,break,xo,whitenoise
2025-04-13T07:09:46Z,April,4,13,07:09:46,"Girl, so confusing featuring lorde",Charli xcx,Brat and it’s completely different but also still brat
2025-04-13T07:13:06Z,April,4,13,07:13:06,Von dutch a. g. cook remix featuring addison rae,Charli xcx,Brat and it’s completely different but also still brat
2025-04-13T07:16:05Z,April,4,13,07:16:05,If Jesus Was A Rockstar,Kim Petras,If Jesus Was A Rockstar
2025-04-13T07:20:41Z,April,4,13,07:20:41,I Wanna Go,Britney Spears,Femme Fatale (Deluxe Version)
2025-04-13T07:25:03Z,April,4,13,07:25:03,"I Got It (feat. Brooke Candy, CupcakKe and Pabllo Vittar)",Charli xcx,Pop 2
2025-04-13T07:29:09Z,April,4,13,07:29:09,Backseat (feat. Carly Rae Jepsen),Charli xcx,Pop 2
2025-04-13T07:33:04Z,April,4,13,07:33:04,Out of My Head (feat. Tove Lo and ALMA),Charli xcx,Pop 2
2025-04-13T07:37:26Z,April,4,13,07:37:26,Tears (feat. Caroline Polachek),Charli xcx,Pop 2
2025-04-13T07:41:20Z,April,4,13,07:41:20,Femmebot (feat. Dorian Electra and Mykki Blanco),Charli xcx,Pop 2
2025-04-13T07:45:52Z,April,4,13,07:45:52,Delicious (feat. Tommy Cash),Charli xcx,Pop 2
2025-04-13T07:49:45Z,April,4,13,07:49:45,Unlock it (Lock It) - feat. Kim Petras and Jay Park,Charli xcx,Pop 2
2025-04-13T07:53:12Z,April,4,13,07:53:12,Porsche (feat. MØ),Charli xcx,Pop 2
2025-04-13T07:58:39Z,April,4,13,07:58:39,Track 10,Charli xcx,Pop 2
2025-04-13T08:02:25Z,April,4,13,08:02:25,Roll with Me,Charli xcx,Number 1 Angel
2025-04-13T08:06:19Z,April,4,13,08:06:19,Emotional,Charli xcx,Number 1 Angel
2025-04-13T08:10:26Z,April,4,13,08:10:26,Lipgloss (feat. CupcakKe),Charli xcx,Number 1 Angel
2025-04-13T08:14:25Z,April,4,13,08:14:25,Dreamer - Compound Version,Charli xcx,Number 1 Angel
2025-04-13T08:18:57Z,April,4,13,08:18:57,Warm (feat. HAIM),Charli xcx,Charli
2025-04-13T08:22:44Z,April,4,13,08:22:44,I Know Alone,HAIM,Women In Music Pt. III
2025-04-13T08:26:04Z,April,4,13,08:26:04,Los Angeles,HAIM,Women In Music Pt. III
2025-04-13T08:29:16Z,April,4,13,08:29:16,Thoughts,Charli xcx,Charli
2025-04-13T08:33:24Z,April,4,13,08:33:24,The Steps,HAIM,Women In Music Pt. III
2025-04-13T08:37:10Z,April,4,13,08:37:10,I Know Alone,HAIM,Women In Music Pt. III
2025-04-13T08:40:27Z,April,4,13,08:40:27,Up From A Dream,HAIM,Women In Music Pt. III
2025-04-13T08:43:40Z,April,4,13,08:43:40,Gasoline,HAIM,Women In Music Pt. III
2025-04-13T08:46:51Z,April,4,13,08:46:51,3 AM,HAIM,Women In Music Pt. III
2025-04-13T08:50:12Z,April,4,13,08:50:12,Don't Wanna,HAIM,Women In Music Pt. III
2025-04-13T08:53:38Z,April,4,13,08:53:38,Another Try,HAIM,Women In Music Pt. III
2025-04-13T08:56:59Z,April,4,13,08:56:59,Leaning On You,HAIM,Women In Music Pt. III
2025-04-13T08:59:51Z,April,4,13,08:59:51,I've Been Down,HAIM,Women In Music Pt. III
2025-04-13T09:01:57Z,April,4,13,09:01:57,Man from the Magazine,HAIM,Women In Music Pt. III
2025-04-13T09:04:28Z,April,4,13,09:04:28,All That Ever Mattered,HAIM,Women In Music Pt. III
2025-04-13T09:07:42Z,April,4,13,09:07:42,FUBT,HAIM,Women In Music Pt. III
2025-04-13T09:10:55Z,April,4,13,09:10:55,Gasoline (feat. Taylor Swift),HAIM,Women In Music Pt. III
2025-04-13T09:15:24Z,April,4,13,09:15:24,The Steps,HAIM,Women In Music Pt. III
2025-04-13T09:19:10Z,April,4,13,09:19:10,I Know Alone,HAIM,Women In Music Pt. III
2025-04-13T09:22:28Z,April,4,13,09:22:28,Up From A Dream,HAIM,Women In Music Pt. III
2025-04-13T09:25:41Z,April,4,13,09:25:41,Gasoline,HAIM,Women In Music Pt. III
2025-04-13T09:28:51Z,April,4,13,09:28:51,3 AM,HAIM,Women In Music Pt. III
2025-04-13T09:32:13Z,April,4,13,09:32:13,Don't Wanna,HAIM,Women In Music Pt. III
2025-04-13T09:35:39Z,April,4,13,09:35:39,Another Try,HAIM,Women In Music Pt. III
2025-04-14T00:34:30Z,April,4,14,00:34:30,The Steps,HAIM,Women In Music Pt. III
2025-04-14T00:38:16Z,April,4,14,00:38:16,I Know Alone,HAIM,Women In Music Pt. III
2025-04-14T00:41:47Z,April,4,14,00:41:47,Talking to Yourself,Carly Rae Jepsen,The Loneliest Time
2025-04-14T00:55:23Z,April,4,14,00:55:23,Backseat (feat. Carly Rae Jepsen),Charli xcx,Pop 2
2025-04-14T01:06:33Z,April,4,14,01:06:33,"I Got It (feat. Brooke Candy, CupcakKe and Pabllo Vittar)",Charli xcx,Pop 2
2025-04-14T01:10:11Z,April,4,14,01:10:11,Femmebot (feat. Dorian Electra and Mykki Blanco),Charli xcx,Pop 2
2025-04-14T04:01:39Z,April,4,14,04:01:39,The Steps,HAIM,Women In Music Pt. III
2025-04-14T04:05:02Z,April,4,14,04:05:02,Relationships,HAIM,Relationships
2025-04-14T04:08:31Z,April,4,14,04:08:31,Everybody's trying to figure me out,HAIM,Everybody's trying to figure me out
2025-04-14T04:11:28Z,April,4,14,04:11:28,Now I'm In It - Bonus Track,HAIM,Women In Music Pt. III
2025-04-14T04:14:54Z,April,4,14,04:14:54,Summer Girl - Bonus Track,HAIM,Women In Music Pt. III
2025-04-14T04:19:03Z,April,4,14,04:19:03,The Steps,HAIM,Women In Music Pt. III
2025-04-14T04:29:29Z,April,4,14,04:29:29,I Know Alone,HAIM,Women In Music Pt. III
2025-04-14T04:32:57Z,April,4,14,04:32:57,BLOOM,TWICE,With YOU-th
2025-04-14T04:35:21Z,April,4,14,04:35:21,HOT (English ver.) (feat. JADE),LE SSERAFIM,HOT (English ver.) (feat. JADE)
2025-04-14T05:04:10Z,April,4,14,05:04:10,Perfect Stranger,FKA twigs,EUSEXUA
2025-04-14T05:07:22Z,April,4,14,05:07:22,Drums of Death,FKA twigs,EUSEXUA
2025-04-14T05:11:48Z,April,4,14,05:11:48,Room Of Fools,FKA twigs,EUSEXUA
2025-04-14T05:14:45Z,April,4,14,05:14:45,Sticky,FKA twigs,EUSEXUA
2025-04-14T05:17:20Z,April,4,14,05:17:20,Childlike Things,FKA twigs,EUSEXUA
2025-04-14T05:22:03Z,April,4,14,05:22:03,Striptease,FKA twigs,EUSEXUA
2025-04-14T05:25:26Z,April,4,14,05:25:26,Relationships,HAIM,Relationships
2025-04-14T05:30:23Z,April,4,14,05:30:23,harvest sky,Oklou,choke enough
2025-04-14T05:34:30Z,April,4,14,05:34:30,Warm (feat. HAIM),Charli xcx,Charli
2025-04-14T05:38:32Z,April,4,14,05:38:32,Dress You Up,Madonna,Like a Virgin
2025-04-14T05:42:50Z,April,4,14,05:42:50,Womanizer,Britney Spears,Circus (Deluxe Version)
2025-04-14T05:45:56Z,April,4,14,05:45:56,Ready For Love,BLACKPINK,BORN PINK
2025-04-14T05:49:55Z,April,4,14,05:49:55,In My Feelings,Lana Del Rey,Lust For Life
2025-04-14T05:53:13Z,April,4,14,05:53:13,HOT,SEVENTEEN,SEVENTEEN 4th Album 'Face the Sun'
2025-04-14T05:56:47Z,April,4,14,05:56:47,Paris,Taylor Swift,Midnights
2025-04-14T05:59:13Z,April,4,14,05:59:13,El Alma Que Te Trajo,Safety Trance,El Alma Que Te Trajo
2025-04-14T06:01:32Z,April,4,14,06:01:32,take it offff,horsegiirL,v.i.p. - very important pony
2025-04-14T06:04:05Z,April,4,14,06:04:05,Apple,Charli xcx,BRAT
2025-04-14T06:06:12Z,April,4,14,06:06:12,24HRS,ITZY,IT'z ME
2025-04-14T06:09:44Z,April,4,14,06:09:44,Naked In Manhattan,Chappell Roan,The Rise and Fall of a Midwest Princess
2025-04-14T06:14:18Z,April,4,14,06:14:18,Cola,Lana Del Rey,Born To Die - The Paradise Edition
2025-04-14T06:17:01Z,April,4,14,06:17:01,LOOP (feat. Lil Cherry),Yves,LOOP
2025-04-14T19:16:34Z,April,4,14,19:16:34,The Steps,HAIM,Women In Music Pt. III
2025-04-14T19:18:58Z,April,4,14,19:18:58,Relationships,HAIM,Relationships
2025-04-14T19:22:06Z,April,4,14,19:22:06,You Said You Were Sorry,Selena Gomez,I Said I Love You First
2025-04-14T19:25:36Z,April,4,14,19:25:36,So Cynical (Badum),LE SSERAFIM,HOT
2025-04-14T19:29:05Z,April,4,14,19:29:05,Ash,LE SSERAFIM,HOT
2025-04-14T20:46:32Z,April,4,14,20:46:32,The Steps,HAIM,Women In Music Pt. III
2025-04-14T20:52:46Z,April,4,14,20:52:46,The Steps,HAIM,Women In Music Pt. III
2025-04-14T20:54:56Z,April,4,14,20:54:56,take it offff,horsegiirL,v.i.p. - very important pony
2025-04-14T20:58:22Z,April,4,14,20:58:22,Rakata,Arca,KICK ii
2025-04-14T21:01:11Z,April,4,14,21:01:11,Come Over (Hyperpop Remix),LE SSERAFIM,Come Over (Remixes)
2025-04-15T04:08:23Z,April,4,15,04:08:23,Relationships,HAIM,Relationships
2025-04-15T06:32:47Z,April,4,15,06:32:47,The Steps,HAIM,Women In Music Pt. III
2025-04-15T16:23:33Z,April,4,15,16:23:33,The Steps,HAIM,Women In Music Pt. III
2025-04-15T16:27:10Z,April,4,15,16:27:10,Relationships,HAIM,Relationships
2025-04-15T16:31:16Z,April,4,15,16:31:16,I Know Alone,HAIM,Women In Music Pt. III
2025-04-15T17:53:13Z,April,4,15,17:53:13,Crush,Ethel Cain,Inbred
2025-04-15T17:57:24Z,April,4,15,17:57:24,The Steps,HAIM,Women In Music Pt. III
2025-04-15T18:01:10Z,April,4,15,18:01:10,Warm (feat. HAIM),Charli xcx,Charli
2025-04-15T18:04:36Z,April,4,15,18:04:36,February 2017 (feat. Clairo and Yaeji),Charli xcx,Charli
2025-04-15T18:09:39Z,April,4,15,18:09:39,Can't Get You out of My Head,Kylie Minogue,Fever
2025-04-15T18:32:56Z,April,4,15,18:32:56,Harajuku Girls,Gwen Stefani,Love. Angel. Music. Baby.
2025-04-15T18:37:57Z,April,4,15,18:37:57,Harajuku Girls,Gwen Stefani,Love. Angel. Music. Baby.
2025-04-15T18:41:15Z,April,4,15,18:41:15,Perfect Stranger,FKA twigs,EUSEXUA
2025-04-15T18:45:01Z,April,4,15,18:45:01,"1,2,3 dayz up",Kim Petras,"1,2,3 dayz up"
2025-04-15T18:56:57Z,April,4,15,18:56:57,Drums of Death,FKA twigs,EUSEXUA
2025-04-15T18:59:28Z,April,4,15,18:59:28,Childlike Things,FKA twigs,EUSEXUA
2025-04-15T19:23:21Z,April,4,15,19:23:21,magic,xo,magic
2025-04-15T19:25:20Z,April,4,15,19:25:20,magic,xo,magic
2025-04-15T19:35:03Z,April,4,15,19:35:03,Tell me I never knew that,caroline,Tell me I never knew that
2025-04-15T23:00:47Z,April,4,15,23:00:47,Tell me I never knew that,caroline,Tell me I never knew that
2025-04-15T23:03:56Z,April,4,15,23:03:56,Tonight,PinkPantheress,Tonight
2025-04-15T23:07:00Z,April,4,15,23:07:00,Come Over (Hyperpop Remix),LE SSERAFIM,Come Over (Remixes)
2025-04-15T23:11:07Z,April,4,15,23:11:07,The Steps,HAIM,Women In Music Pt. III
2025-04-16T00:18:45Z,April,4,16,00:18:45,c2.0,Charli xcx,how i'm feeling now
2025-04-16T00:54:57Z,April,4,16,00:54:57,IS THIS LOVE,XG,AWE
2025-04-16T00:58:09Z,April,4,16,00:58:09,Tonight,PinkPantheress,Tonight
2025-04-16T01:00:18Z,April,4,16,01:00:18,360 featuring robyn & yung lean,Charli xcx,Brat and it’s completely different but also still brat
2025-04-16T01:03:43Z,April,4,16,01:03:43,Crush,Ethel Cain,Inbred
2025-04-16T01:06:17Z,April,4,16,01:06:17,Sympathy is a knife featuring ariana grande,Charli xcx,Brat and it’s completely different but also still brat
2025-04-16T01:11:54Z,April,4,16,01:11:54,Hugs & Kisses,JISOO,AMORTAGE
2025-04-16T01:14:28Z,April,4,16,01:14:28,Magic Clock,f5ve,Magic Clock
2025-04-16T01:17:51Z,April,4,16,01:17:51,Talking to Yourself,Carly Rae Jepsen,The Loneliest Time
2025-04-16T06:08:21Z,April,4,16,06:08:21,Candy Man,Mary Jane Girls,Mary Jane Girls
2025-04-16T06:12:28Z,April,4,16,06:12:28,Bum Like You,Robyn,Robyn
2025-04-16T06:14:38Z,April,4,16,06:14:38,360 featuring robyn & yung lean,Charli xcx,Brat and it’s completely different but also still brat
2025-04-16T06:17:27Z,April,4,16,06:17:27,Don't Lie,The Chainsmokers,Don't Lie
2025-04-16T06:19:25Z,April,4,16,06:19:25,Cockblocker,Kim Petras,Slut Pop Miami
2025-04-16T06:20:52Z,April,4,16,06:20:52,Gag On It,Kim Petras,Slut Pop Miami
2025-04-16T06:22:51Z,April,4,16,06:22:51,Rim Job,Kim Petras,Slut Pop Miami
2025-04-16T06:25:11Z,April,4,16,06:25:11,Throat Goat,Kim Petras,Slut Pop
2025-04-16T06:28:05Z,April,4,16,06:28:05,Your Wish Is My Command,Kim Petras,Slut Pop
2025-04-16T06:30:17Z,April,4,16,06:30:17,take it offff,horsegiirL,v.i.p. - very important pony
2025-04-16T06:35:51Z,April,4,16,06:35:51,My Barn My Rules,MCR-T,My Barn My Rules
2025-04-16T06:43:54Z,April,4,16,06:43:54,Sugar Water Cyanide,Rebecca Black,Sugar Water Cyanide
2025-04-16T06:47:49Z,April,4,16,06:47:49,Rakata,Arca,KICK ii
2025-04-16T06:50:33Z,April,4,16,06:50:33,Estrogen,Arca,kiCK iiiii
2025-04-16T06:53:53Z,April,4,16,06:53:53,LEMONADE,SOPHIE,LEMONADE
2025-04-16T06:58:21Z,April,4,16,06:58:21,BIPP,SOPHIE,BIPP
2025-04-16T07:02:25Z,April,4,16,07:02:25,forever,Charli xcx,how i'm feeling now
2025-04-16T07:06:14Z,April,4,16,07:06:14,The Path,Lorde,Solar Power
2025-04-16T07:10:26Z,April,4,16,07:10:26,The Steps,HAIM,Women In Music Pt. III
2025-04-16T07:14:35Z,April,4,16,07:14:35,The Steps,HAIM,Women In Music Pt. III
2025-04-16T07:18:28Z,April,4,16,07:18:28,Want You Back,HAIM,Something to Tell You
2025-04-16T07:21:37Z,April,4,16,07:21:37,Nothing's Wrong,HAIM,Something to Tell You
2025-04-16T07:25:11Z,April,4,16,07:25:11,Little of Your Love,HAIM,Something to Tell You
2025-04-16T07:28:56Z,April,4,16,07:28:56,Ready For You,HAIM,Something to Tell You
2025-04-16T07:33:09Z,April,4,16,07:33:09,Something To Tell You,HAIM,Something to Tell You
2025-04-16T07:37:39Z,April,4,16,07:37:39,You Never Knew,HAIM,Something to Tell You
2025-04-16T07:41:35Z,April,4,16,07:41:35,Kept Me Crying,HAIM,Something to Tell You
2025-04-16T07:45:58Z,April,4,16,07:45:58,Found It In Silence,HAIM,Something to Tell You
2025-04-16T07:49:55Z,April,4,16,07:49:55,Walking Away,HAIM,Something to Tell You
2025-04-16T07:54:10Z,April,4,16,07:54:10,Right Now,HAIM,Something to Tell You
2025-04-16T07:57:15Z,April,4,16,07:57:15,Night So Long,HAIM,Something to Tell You
2025-04-16T17:45:26Z,April,4,16,17:45:26,Want You Back,HAIM,Something to Tell You
2025-04-16T17:48:35Z,April,4,16,17:48:35,Nothing's Wrong,HAIM,Something to Tell You
2025-04-16T17:52:09Z,April,4,16,17:52:09,Little of Your Love,HAIM,Something to Tell You
2025-04-16T17:55:55Z,April,4,16,17:55:55,Ready For You,HAIM,Something to Tell You
2025-04-16T17:58:05Z,April,4,16,17:58:05,Something To Tell You,HAIM,Something to Tell You
2025-04-16T18:03:18Z,April,4,16,18:03:18,Walking Away,HAIM,Something to Tell You
2025-04-16T18:06:48Z,April,4,16,18:06:48,Relationships,HAIM,Relationships
2025-04-16T21:31:12Z,April,4,16,21:31:12,The Steps,HAIM,Women In Music Pt. III
2025-04-16T21:31:27Z,April,4,16,21:31:27,Walking Away,HAIM,Something to Tell You
2025-04-16T21:36:55Z,April,4,16,21:36:55,Want You Back,HAIM,Something to Tell You
2025-04-16T21:40:04Z,April,4,16,21:40:04,Nothing's Wrong,HAIM,Something to Tell You
2025-04-16T22:28:19Z,April,4,16,22:28:19,Ready For You,HAIM,Something to Tell You
2025-04-16T22:34:28Z,April,4,16,22:34:28,The Steps,HAIM,Women In Music Pt. III
2025-04-17T03:14:05Z,April,4,17,03:14:05,magic,xo,magic
2025-04-17T03:18:32Z,April,4,17,03:18:32,Falling,HAIM,Days Are Gone
2025-04-17T03:22:37Z,April,4,17,03:22:37,Forever,HAIM,Days Are Gone
2025-04-17T03:26:43Z,April,4,17,03:26:43,The Wire,HAIM,Days Are Gone
2025-04-17T03:30:32Z,April,4,17,03:30:32,If I Could Change Your Mind,HAIM,Days Are Gone
2025-04-17T03:35:33Z,April,4,17,03:35:33,Honey & I,HAIM,Days Are Gone
2025-04-17T03:39:23Z,April,4,17,03:39:23,Don't Save Me,HAIM,Days Are Gone
2025-04-17T03:42:57Z,April,4,17,03:42:57,Days Are Gone,HAIM,Days Are Gone
2025-04-17T03:46:49Z,April,4,17,03:46:49,My Song 5,HAIM,Days Are Gone
2025-04-17T03:51:06Z,April,4,17,03:51:06,Go Slow,HAIM,Days Are Gone
2025-04-17T03:55:34Z,April,4,17,03:55:34,Let Me Go,HAIM,Days Are Gone
2025-04-17T03:59:11Z,April,4,17,03:59:11,Let Me Go,HAIM,Days Are Gone
2025-04-17T04:03:46Z,April,4,17,04:03:46,Running If You Call My Name,HAIM,Days Are Gone
2025-04-17T04:06:28Z,April,4,17,04:06:28,Bluest Flame,Selena Gomez,I Said I Love You First
2025-04-17T04:09:04Z,April,4,17,04:09:04,So Cynical (Badum),LE SSERAFIM,HOT
2025-04-17T04:11:22Z,April,4,17,04:11:22,Come Over,LE SSERAFIM,HOT
2025-04-17T04:14:39Z,April,4,17,04:14:39,Ash,LE SSERAFIM,HOT
2025-04-17T04:17:02Z,April,4,17,04:17:02,take it offff,horsegiirL,v.i.p. - very important pony
2025-04-17T04:25:39Z,April,4,17,04:25:39,Diet Pepsi,Addison Rae,Aquamarine
2025-04-17T04:30:05Z,April,4,17,04:30:05,My Barn My Rules,MCR-T,My Barn My Rules
2025-04-17T04:34:11Z,April,4,17,04:34:11,"Girl, so confusing featuring lorde",Charli xcx,Brat and it’s completely different but also still brat
2025-04-17T04:36:42Z,April,4,17,04:36:42,Childlike Things,FKA twigs,EUSEXUA
2025-04-17T17:48:50Z,April,4,17,17:48:50,The Steps,HAIM,Women In Music Pt. III
2025-04-17T17:52:13Z,April,4,17,17:52:13,Relationships,HAIM,Relationships
2025-04-17T17:55:59Z,April,4,17,17:55:59,I Know Alone,HAIM,Women In Music Pt. III
2025-04-17T17:59:17Z,April,4,17,17:59:17,Perfect Stranger,FKA twigs,EUSEXUA
2025-04-17T18:03:07Z,April,4,17,18:03:07,If I Could Change Your Mind,HAIM,Days Are Gone
2025-04-17T18:07:04Z,April,4,17,18:07:04,Walking Away,HAIM,Something to Tell You
2025-04-17T18:11:18Z,April,4,17,18:11:18,Something To Tell You,HAIM,Something to Tell You
2025-04-17T18:15:03Z,April,4,17,18:15:03,Ready For You,HAIM,Something to Tell You
2025-04-17T18:43:52Z,April,4,17,18:43:52,Rapunzel (Kiki Solo Version),LISA,Alter Ego
2025-04-17T18:46:28Z,April,4,17,18:46:28,So Cynical (Badum),LE SSERAFIM,HOT
2025-04-17T20:52:14Z,April,4,17,20:52:14,Air,YEJI,AIR
2025-04-17T20:56:54Z,April,4,17,20:56:54,I Know Alone,HAIM,Women In Music Pt. III
2025-04-17T21:01:02Z,April,4,17,21:01:02,The Steps,HAIM,Women In Music Pt. III
2025-04-17T21:05:06Z,April,4,17,21:05:06,If I Could Change Your Mind,HAIM,Days Are Gone
2025-04-17T21:09:47Z,April,4,17,21:09:47,Welcome To My Island - George Daniel & Charli XCX Remix,Caroline Polachek,Welcome To My Island
2025-04-17T23:25:43Z,April,4,17,23:25:43,take it offff,horsegiirL,v.i.p. - very important pony
2025-04-17T23:42:05Z,April,4,17,23:42:05,take it offff,horsegiirL,v.i.p. - very important pony
2025-04-17T23:45:42Z,April,4,17,23:45:42,Dade County Dreaming (feat. JT & Yung Miami),Camila Cabello,"C,XOXO"
2025-04-17T23:50:19Z,April,4,17,23:50:19,Take Yourself Home,Troye Sivan,In A Dream
2025-04-17T23:54:06Z,April,4,17,23:54:06,Easy,Troye Sivan,In A Dream
2025-04-17T23:56:45Z,April,4,17,23:56:45,Trophy,Charli xcx,Vroom Vroom EP
2025-04-17T23:59:20Z,April,4,17,23:59:20,Club classics,Charli xcx,BRAT
2025-04-18T00:02:43Z,April,4,18,00:02:43,Got Me Started,Troye Sivan,Something To Give Each Other
2025-04-18T00:05:49Z,April,4,18,00:05:49,"Eve, Psyche & The Bluebeard’s wife",LE SSERAFIM,UNFORGIVEN
2025-04-18T00:09:33Z,April,4,18,00:09:33,Busy Woman,Sabrina Carpenter,Short n' Sweet
2025-04-18T00:12:28Z,April,4,18,00:12:28,you and i,wes mills,early days
2025-04-18T00:15:27Z,April,4,18,00:15:27,Roll the Dice,Toro Oro,Roll the Dice
2025-04-18T00:18:20Z,April,4,18,00:18:20,Be Your USA,Finn Keane,ELECTRIC
2025-04-18T00:22:16Z,April,4,18,00:22:16,Lipgloss (feat. CupcakKe),Charli xcx,Number 1 Angel
2025-04-18T00:27:10Z,April,4,18,00:27:10,A World Alone,Lorde,Pure Heroine
2025-04-18T00:30:43Z,April,4,18,00:30:43,Imagining,Rina Sawayama,Hold The Girl
2025-04-18T00:34:15Z,April,4,18,00:34:15,Silver Cross,Charli xcx,Charli
2025-04-18T00:39:55Z,April,4,18,00:39:55,Beautiful,A. G. Cook,"PC Music, Vol. 1"
2025-04-18T00:42:05Z,April,4,18,00:42:05,Uptight,Toro Oro,Uptight
2025-04-18T00:45:31Z,April,4,18,00:45:31,I DONT EVEN LIKE U,Royal & the Serpent,IF I DIED WOULD ANYONE CARE
2025-04-18T00:48:08Z,April,4,18,00:48:08,How Can I Not Know What I Need Right Now,Charli xcx,CRASH
2025-04-18T00:50:43Z,April,4,18,00:50:43,XO Call Me,VCHA,Girls of the Year
2025-04-18T00:55:47Z,April,4,18,00:55:47,Kids,MGMT,Oracular Spectacular
2025-04-18T01:47:53Z,April,4,18,01:47:53,Supernatural,ITZY,GOLD
2025-04-18T01:51:40Z,April,4,18,01:51:40,3,Britney Spears,The Singles Collection
2025-04-18T01:54:31Z,April,4,18,01:54:31,King of Hearts,Kim Petras,Feed The Beast
2025-04-18T01:57:32Z,April,4,18,01:57:32,Yeah Yeah Yeah,BLACKPINK,BORN PINK
2025-04-18T02:01:40Z,April,4,18,02:01:40,I Know Alone,HAIM,Women In Music Pt. III
2025-04-18T02:05:20Z,April,4,18,02:05:20,Hello goodbye,Charli xcx,Brat and it’s the same but there’s three more songs so it’s not
2025-04-18T02:08:55Z,April,4,18,02:08:55,Radio,Lana Del Rey,Born To Die - The Paradise Edition
2025-04-18T02:11:40Z,April,4,18,02:11:40,Psychic Lover,ITZY,KILL MY DOUBT
2025-04-18T02:15:17Z,April,4,18,02:15:17,GODSPEED,Camila Cabello,"C,XOXO"
2025-04-18T02:17:52Z,April,4,18,02:17:52,Sympathy is a knife featuring ariana grande,Charli xcx,Brat and it’s completely different but also still brat
2025-04-18T02:23:36Z,April,4,18,02:23:36,BLUE,Billie Eilish,HIT ME HARD AND SOFT
2025-04-18T02:26:45Z,April,4,18,02:26:45,Paradise,(G)I-DLE,I feel
2025-04-18T02:29:49Z,April,4,18,02:29:49,STYLE,ITZY,RINGO
2025-04-18T02:35:45Z,April,4,18,02:35:45,Off To The Races,Lana Del Rey,Born To Die - The Paradise Edition
2025-04-18T02:54:24Z,April,4,18,02:54:24,Relationships,HAIM,Relationships
2025-04-18T02:58:14Z,April,4,18,02:58:14,If I Could Change Your Mind,HAIM,Days Are Gone
2025-04-18T03:02:35Z,April,4,18,03:02:35,The Steps,HAIM,Women In Music Pt. III
2025-04-18T03:08:37Z,April,4,18,03:08:37,I Know Alone,HAIM,Women In Music Pt. III
2025-04-18T03:10:47Z,April,4,18,03:10:47,take it offff,horsegiirL,v.i.p. - very important pony
2025-04-18T03:13:24Z,April,4,18,03:13:24,Don't Lie,The Chainsmokers,Don't Lie
2025-04-18T03:16:58Z,April,4,18,03:16:58,Rakata,Arca,KICK ii
2025-04-18T03:22:15Z,April,4,18,03:22:15,Warm (feat. HAIM),Charli xcx,Charli
2025-04-18T03:25:18Z,April,4,18,03:25:18,Sugar Water Cyanide,Rebecca Black,Sugar Water Cyanide
2025-04-18T03:29:40Z,April,4,18,03:29:40,I Believe,Caroline Polachek,"Desire, I Want To Turn Into You"
2025-04-18T03:32:37Z,April,4,18,03:32:37,Diet Pepsi,Addison Rae,Aquamarine
2025-04-18T03:35:56Z,April,4,18,03:35:56,High Fashion,Addison Rae,High Fashion
2025-04-18T03:40:39Z,April,4,18,03:40:39,"Girl, so confusing featuring lorde",Charli xcx,Brat and it’s completely different but also still brat
2025-04-18T03:44:10Z,April,4,18,03:44:10,break,xo,whitenoise
2025-04-18T03:47:33Z,April,4,18,03:47:33,Lavender Haze,Taylor Swift,Midnights
2025-04-18T03:50:11Z,April,4,18,03:50:11,Next Level Charli,Charli xcx,Charli
2025-04-18T03:52:39Z,April,4,18,03:52:39,anthems,Charli xcx,how i'm feeling now
2025-04-18T03:55:10Z,April,4,18,03:55:10,Mantra,JENNIE,Mantra
2025-04-18T03:57:36Z,April,4,18,03:57:36,Mantra,JENNIE,Mantra
2025-04-18T03:59:40Z,April,4,18,03:59:40,like JENNIE,JENNIE,Ruby
2025-04-18T04:06:56Z,April,4,18,04:06:56,Headphones On,Addison Rae,Headphones On
2025-04-18T04:10:55Z,April,4,18,04:10:55,Headphones On,Addison Rae,Headphones On
2025-04-18T04:14:30Z,April,4,18,04:14:30,Constant Repeat,Charli xcx,CRASH
2025-04-18T04:19:14Z,April,4,18,04:19:14,Paradise (feat. Hannah Diamond),Charli xcx,Vroom Vroom EP
2025-04-18T04:23:21Z,April,4,18,04:23:21,Fly To You (feat. Grimes and Dido),Caroline Polachek,"Desire, I Want To Turn Into You"
2025-04-18T04:27:43Z,April,4,18,04:27:43,Piece of Me,Britney Spears,Blackout
2025-04-18T04:31:43Z,April,4,18,04:31:43,Womanizer,Britney Spears,Circus (Deluxe Version)
2025-04-18T04:34:39Z,April,4,18,04:34:39,Nothing On (But The Radio),Addison Rae,AR
2025-04-18T04:38:18Z,April,4,18,04:38:18,detonate,Charli xcx,how i'm feeling now
2025-04-18T04:42:48Z,April,4,18,04:42:48,I Wanna Go,Britney Spears,Femme Fatale (Deluxe Version)
2025-04-18T04:48:56Z,April,4,18,04:48:56,Hold No Grudge - Bonus Track,Lorde,Solar Power
2025-04-18T04:52:23Z,April,4,18,04:52:23,I Really Like You,Carly Rae Jepsen,Emotion
2025-04-18T04:56:00Z,April,4,18,04:56:00,Welcome To My Island - George Daniel & Charli XCX Remix,Caroline Polachek,Welcome To My Island
2025-04-18T05:00:40Z,April,4,18,05:00:40,Tell me I never knew that,caroline,Tell me I never knew that
2025-04-18T05:03:29Z,April,4,18,05:03:29,Childlike Things,FKA twigs,EUSEXUA
2025-04-18T05:07:33Z,April,4,18,05:07:33,3AM (Pull Up) [feat. MØ],Charli xcx,Number 1 Angel
2025-04-18T05:10:51Z,April,4,18,05:10:51,Perfect Stranger,FKA twigs,EUSEXUA
2025-04-18T05:14:32Z,April,4,18,05:14:32,Maroon,Taylor Swift,Midnights
2025-04-18T05:18:40Z,April,4,18,05:18:40,I Believe,Caroline Polachek,"Desire, I Want To Turn Into You"
2025-04-18T05:22:47Z,April,4,18,05:22:47,Welcome To My Island,Caroline Polachek,"Desire, I Want To Turn Into You"
2025-04-18T05:26:24Z,April,4,18,05:26:24,Pretty In Possible,Caroline Polachek,"Desire, I Want To Turn Into You"
2025-04-18T05:37:29Z,April,4,18,05:37:29,Bunny Is A Rider,Caroline Polachek,"Desire, I Want To Turn Into You"
2025-04-18T05:40:12Z,April,4,18,05:40:12,Sunset,Caroline Polachek,"Desire, I Want To Turn Into You"
2025-04-18T05:43:41Z,April,4,18,05:43:41,Crude Drawing Of An Angel,Caroline Polachek,"Desire, I Want To Turn Into You"
2025-04-18T05:47:49Z,April,4,18,05:47:49,I Believe,Caroline Polachek,"Desire, I Want To Turn Into You"
2025-04-18T05:52:07Z,April,4,18,05:52:07,So Cynical (Badum),LE SSERAFIM,HOT
2025-04-18T05:56:08Z,April,4,18,05:56:08,High Fashion,Addison Rae,High Fashion
2025-04-18T05:58:38Z,April,4,18,05:58:38,Sympathy is a knife,Charli xcx,BRAT
2025-04-18T06:02:03Z,April,4,18,06:02:03,Everything is romantic featuring caroline polachek,Charli xcx,Brat and it’s completely different but also still brat
2025-04-18T06:05:27Z,April,4,18,06:05:27,Everything is romantic,Charli xcx,BRAT
2025-04-18T06:09:19Z,April,4,18,06:09:19,"I Got It (feat. Brooke Candy, CupcakKe and Pabllo Vittar)",Charli xcx,Pop 2
2025-04-18T06:13:14Z,April,4,18,06:13:14,Lipgloss (feat. CupcakKe),Charli xcx,Number 1 Angel
2025-04-18T06:18:03Z,April,4,18,06:18:03,Aquamarine / Arcamarine,Addison Rae,Aquamarine / Arcamarine
2025-04-18T06:21:32Z,April,4,18,06:21:32,Je T'Adore,Kim Petras,Problématique
2025-04-18T06:24:33Z,April,4,18,06:24:33,Your Wish Is My Command,Kim Petras,Slut Pop
2025-04-18T06:27:34Z,April,4,18,06:27:34,HARD,SOPHIE,HARD
2025-04-18T06:30:25Z,April,4,18,06:30:25,Dang,Caroline Polachek,"Desire, I Want To Turn Into You: Everasking Edition"
2025-04-18T06:33:08Z,April,4,18,06:33:08,ABCD,NAYEON,NA
2025-04-18T06:36:21Z,April,4,18,06:36:21,Waste It On Me (feat. BTS),Steve Aoki,Neon Future III
2025-04-18T06:40:07Z,April,4,18,06:40:07,Scheiße,Lady Gaga,Born This Way
2025-04-18T06:42:14Z,April,4,18,06:42:14,2 die 4 (feat. Charli XCX),Addison Rae,AR
2025-04-18T06:46:47Z,April,4,18,06:46:47,Happiness is a butterfly,Lana Del Rey,Norman Fucking Rockwell!
2025-04-18T06:49:18Z,April,4,18,06:49:18,ETA,NewJeans,NewJeans 2nd EP 'Get Up'
2025-04-18T06:53:05Z,April,4,18,06:53:05,Pogo,Digitalism,Idealism
2025-04-18T06:55:20Z,April,4,18,06:55:20,Obsessed,Addison Rae,Obsessed
2025-04-18T06:58:30Z,April,4,18,06:58:30,i-70,Jeremy Zucker,CRUSHER
2025-04-18T07:02:15Z,April,4,18,07:02:15,Dear Reader,Taylor Swift,Midnights
2025-04-18T07:05:37Z,April,4,18,07:05:37,No Angel,Charli xcx,Focus / No Angel
2025-04-18T07:08:46Z,April,4,18,07:08:46,After Midnight (feat. Clairo),Phoenix,After Midnight (feat. Clairo)
2025-04-18T07:12:58Z,April,4,18,07:12:58,Dark Paradise,Lana Del Rey,Born To Die - The Paradise Edition
2025-04-18T07:17:22Z,April,4,18,07:17:22,Work It,Missy Elliott,Under Construction
2025-04-18T07:20:32Z,April,4,18,07:20:32,Loba,Shakira,She Wolf (Expanded Edition)
2025-04-18T07:24:00Z,April,4,18,07:24:00,...Ready For It?,Taylor Swift,reputation
2025-04-18T07:29:04Z,April,4,18,07:29:04,Hard Times,Ethel Cain,Preacher’s Daughter
2025-04-18T21:23:38Z,April,4,18,21:23:38,Headphones On,Addison Rae,Headphones On
2025-04-18T21:27:46Z,April,4,18,21:27:46,The Steps,HAIM,Women In Music Pt. III
2025-04-18T21:30:03Z,April,4,18,21:30:03,Mantra,JENNIE,Mantra
2025-04-18T21:32:53Z,April,4,18,21:32:53,Diet Pepsi,Addison Rae,Aquamarine
2025-04-18T21:36:22Z,April,4,18,21:36:22,Welcome To My Island - George Daniel & Charli XCX Remix,Caroline Polachek,Welcome To My Island
2025-04-18T21:39:04Z,April,4,18,21:39:04,Bluest Flame,Selena Gomez,I Said I Love You First
2025-04-18T21:41:16Z,April,4,18,21:41:16,take it offff,horsegiirL,v.i.p. - very important pony
2025-04-18T22:20:13Z,April,4,18,22:20:13,Mantra,JENNIE,Mantra
2025-04-18T22:25:23Z,April,4,18,22:25:23,Headphones On,Addison Rae,Headphones On
2025-04-18T22:27:40Z,April,4,18,22:27:40,Mantra,JENNIE,Mantra
2025-04-18T22:31:48Z,April,4,18,22:31:48,The Steps,HAIM,Women In Music Pt. III
2025-04-18T22:35:42Z,April,4,18,22:35:42,If I Could Change Your Mind,HAIM,Days Are Gone
2025-04-18T22:38:26Z,April,4,18,22:38:26,Bluest Flame,Selena Gomez,I Said I Love You First
2025-04-18T22:41:31Z,April,4,18,22:41:31,Good Graces,Sabrina Carpenter,Short n' Sweet
2025-04-18T22:43:46Z,April,4,18,22:43:46,Ash,LE SSERAFIM,HOT
2025-04-18T22:47:32Z,April,4,18,22:47:32,Maroon,Taylor Swift,Midnights
2025-04-19T02:46:18Z,April,4,19,02:46:18,Lavender Haze,Taylor Swift,Midnights
2025-04-19T02:48:56Z,April,4,19,02:48:56,Lavender Haze,Taylor Swift,Midnights
2025-04-19T02:52:16Z,April,4,19,02:52:16,360 featuring robyn & yung lean,Charli xcx,Brat and it’s completely different but also still brat
2025-04-19T02:54:01Z,April,4,19,02:54:01,13 Beaches,Lana Del Rey,Lust For Life
2025-04-19T02:55:26Z,April,4,19,02:55:26,Reason Why (feat. Kim Petras and BC Kingdom),SOPHIE,Reason Why (feat. Kim Petras and BC Kingdom)
2025-04-19T02:56:38Z,April,4,19,02:56:38,drivers license,Olivia Rodrigo,SOUR
2025-04-19T02:59:38Z,April,4,19,02:59:38,Green Light,Lorde,Melodrama
2025-04-19T03:01:57Z,April,4,19,03:01:57,Homemade Dynamite,Lorde,Melodrama
2025-04-19T03:09:10Z,April,4,19,03:09:10,Keep It Simple,Tove Lo,Lady Wood
2025-04-19T04:40:06Z,April,4,19,04:40:06,Flashes,Tove Lo,Lady Wood
2025-04-19T06:21:47Z,April,4,19,06:21:47,After Midnight,Chappell Roan,The Rise and Fall of a Midwest Princess
2025-04-19T06:25:06Z,April,4,19,06:25:06,Busy Woman,Sabrina Carpenter,Short n' Sweet
2025-04-19T06:30:45Z,April,4,19,06:30:45,Aquamarine / Arcamarine,Addison Rae,Aquamarine / Arcamarine
2025-04-19T06:33:56Z,April,4,19,06:33:56,Busy Woman,Sabrina Carpenter,Short n' Sweet
2025-04-19T06:37:00Z,April,4,19,06:37:00,Perfect Lover,Britney Spears,Blackout
2025-04-19T06:40:34Z,April,4,19,06:40:34,Sun Sex Party,Babymorocco,The Sound
2025-04-19T06:44:36Z,April,4,19,06:44:36,Dress You Up,Madonna,Like a Virgin
2025-04-19T06:46:44Z,April,4,19,06:46:44,24HRS,ITZY,IT'z ME
2025-04-19T06:50:02Z,April,4,19,06:50:02,In the Stars,Icona Pop,THIS IS... ICONA POP
2025-04-19T19:45:31Z,April,4,19,19:45:31,Silver Cross,Charli xcx,Charli
2025-04-19T20:37:28Z,April,4,19,20:37:28,Headphones On,Addison Rae,Headphones On
2025-04-19T20:40:47Z,April,4,19,20:40:47,High Fashion,Addison Rae,High Fashion
2025-04-19T20:43:34Z,April,4,19,20:43:34,Diet Pepsi,Addison Rae,Diet Pepsi
2025-04-19T20:47:41Z,April,4,19,20:47:41,The Steps,HAIM,Women In Music Pt. III
2025-04-19T20:54:27Z,April,4,19,20:54:27,I Know Alone,HAIM,Women In Music Pt. III
2025-04-19T20:57:45Z,April,4,19,20:57:45,Ash,LE SSERAFIM,HOT
2025-04-19T21:03:22Z,April,4,19,21:03:22,Hard Times,Ethel Cain,Preacher’s Daughter
2025-04-19T21:07:15Z,April,4,19,21:07:15,Welcome To My Island,Caroline Polachek,"Desire, I Want To Turn Into You"
2025-04-19T21:23:59Z,April,4,19,21:23:59,Fly To You (feat. Grimes and Dido),Caroline Polachek,"Desire, I Want To Turn Into You"
2025-04-19T21:27:58Z,April,4,19,21:27:58,Headphones On,Addison Rae,Headphones On
2025-04-19T21:30:15Z,April,4,19,21:30:15,Mantra,JENNIE,Mantra
2025-04-19T21:36:12Z,April,4,19,21:36:12,I Know Alone,HAIM,Women In Music Pt. III
2025-04-19T21:40:29Z,April,4,19,21:40:29,The Steps,HAIM,Women In Music Pt. III
2025-04-19T22:05:16Z,April,4,19,22:05:16,Headphones On,Addison Rae,Headphones On
2025-04-19T22:07:46Z,April,4,19,22:07:46,CUUUUuuuuuute,ROSALÍA,MOTOMAMI
2025-04-19T22:11:43Z,April,4,19,22:11:43,Welcome To My Island,Caroline Polachek,"Desire, I Want To Turn Into You"
2025-04-19T22:34:32Z,April,4,19,22:34:32,Headphones On,Addison Rae,Headphones On
2025-04-19T22:36:49Z,April,4,19,22:36:49,Mantra,JENNIE,Mantra
2025-04-20T00:18:20Z,April,4,20,00:18:20,Headphones On,Addison Rae,Headphones On
2025-04-20T00:20:38Z,April,4,20,00:20:38,Mantra,JENNIE,Mantra
2025-04-20T00:25:53Z,April,4,20,00:25:53,CUUUUuuuuuute,ROSALÍA,MOTOMAMI
2025-04-20T00:28:13Z,April,4,20,00:28:13,360 featuring robyn & yung lean,Charli xcx,Brat and it’s completely different but also still brat
2025-04-20T00:31:26Z,April,4,20,00:31:26,Hugs & Kisses,JISOO,AMORTAGE
2025-04-20T00:34:43Z,April,4,20,00:34:43,Ash,LE SSERAFIM,HOT
2025-04-20T00:37:19Z,April,4,20,00:37:19,So Cynical (Badum),LE SSERAFIM,HOT
2025-04-20T01:19:24Z,April,4,20,01:19:24,So Cynical (Badum),LE SSERAFIM,HOT
2025-04-20T01:23:37Z,April,4,20,01:23:37,Headphones On,Addison Rae,Headphones On
2025-04-20T01:25:54Z,April,4,20,01:25:54,Mantra,JENNIE,Mantra
2025-04-20T01:30:46Z,April,4,20,01:30:46,Tell me I never knew that,caroline,Tell me I never knew that
2025-04-20T06:17:55Z,April,4,20,06:17:55,If I Could Change Your Mind,HAIM,Days Are Gone
2025-04-20T21:24:40Z,April,4,20,21:24:40,CUUUUuuuuuute,ROSALÍA,MOTOMAMI
2025-04-20T21:27:12Z,April,4,20,21:27:12,Rakata,Arca,KICK ii
2025-04-20T21:29:02Z,April,4,20,21:29:02,BIZCOCHITO,ROSALÍA,MOTOMAMI
2025-04-20T21:33:04Z,April,4,20,21:33:04,Headphones On,Addison Rae,Headphones On
2025-04-21T01:38:27Z,April,4,21,01:38:27,Tonight,PinkPantheress,Tonight
2025-04-21T01:47:29Z,April,4,21,01:47:29,CUUUUuuuuuute,ROSALÍA,MOTOMAMI
2025-04-21T01:49:45Z,April,4,21,01:49:45,Mantra,JENNIE,Mantra
2025-04-21T02:16:45Z,April,4,21,02:16:45,Tell me I never knew that,caroline,Tell me I never knew that
2025-04-21T05:35:09Z,April,4,21,05:35:09,Headphones On,Addison Rae,Headphones On
2025-04-21T05:38:25Z,April,4,21,05:38:25,High Fashion,Addison Rae,High Fashion
2025-04-21T05:41:35Z,April,4,21,05:41:35,Diet Pepsi,Addison Rae,Aquamarine
2025-04-21T20:48:04Z,April,4,21,20:48:04,CUUUUuuuuuute,ROSALÍA,MOTOMAMI
2025-04-21T20:52:05Z,April,4,21,20:52:05,Headphones On,Addison Rae,Headphones On
2025-04-21T20:54:22Z,April,4,21,20:54:22,Mantra,JENNIE,Mantra
2025-04-21T20:58:38Z,April,4,21,20:58:38,The Steps,HAIM,Women In Music Pt. III
2025-04-21T21:00:37Z,April,4,21,21:00:37,magic,xo,magic
2025-04-22T03:00:22Z,April,4,22,03:00:22,Bass Down Low,DEV,Bass Down Low
2025-04-22T03:18:03Z,April,4,22,03:18:03,take it offff,horsegiirL,v.i.p. - very important pony
2025-04-22T20:48:23Z,April,4,22,20:48:23,Ash,LE SSERAFIM,HOT
2025-04-22T20:50:58Z,April,4,22,20:50:58,So Cynical (Badum),LE SSERAFIM,HOT
2025-04-22T20:53:40Z,April,4,22,20:53:40,IS THIS LOVE,XG,AWE
2025-04-22T20:57:59Z,April,4,22,20:57:59,Headphones On,Addison Rae,Headphones On
2025-04-22T21:00:16Z,April,4,22,21:00:16,Mantra,JENNIE,Mantra
2025-04-22T23:41:55Z,April,4,22,23:41:55,you'll come back,jigitz,don't come back
2025-04-23T17:56:11Z,April,4,23,17:56:11,you'll come back,jigitz,don't come back
2025-04-23T17:58:42Z,April,4,23,17:58:42,CUUUUuuuuuute,ROSALÍA,MOTOMAMI
2025-04-23T18:03:00Z,April,4,23,18:03:00,The Steps,HAIM,Women In Music Pt. III
2025-04-23T18:04:58Z,April,4,23,18:04:58,magic,xo,magic
2025-04-23T18:07:22Z,April,4,23,18:07:22,Magic Clock,f5ve,Magic Clock
2025-04-23T21:39:24Z,April,4,23,21:39:24,Can't Get You out of My Head,Kylie Minogue,Fever
2025-04-24T05:02:40Z,April,4,24,05:02:40,What Was That,Lorde,What Was That
2025-04-24T05:11:42Z,April,4,24,05:11:42,What Was That,Lorde,What Was That
2025-04-24T05:18:15Z,April,4,24,05:18:15,What Was That,Lorde,What Was That
2025-04-24T05:21:44Z,April,4,24,05:21:44,What Was That,Lorde,What Was That
2025-04-24T06:24:47Z,April,4,24,06:24:47,What Was That,Lorde,What Was That
2025-04-24T07:26:36Z,April,4,24,07:26:36,What Was That,Lorde,What Was That
2025-04-24T07:31:16Z,April,4,24,07:31:16,Supercut,Lorde,Melodrama
2025-04-24T07:34:58Z,April,4,24,07:34:58,What Was That,Lorde,What Was That
2025-04-24T14:54:50Z,April,4,24,14:54:50,What Was That,Lorde,What Was That
2025-04-24T14:57:42Z,April,4,24,14:57:42,you'll come back,jigitz,don't come back
2025-04-24T15:01:11Z,April,4,24,15:01:11,What Was That,Lorde,What Was That
2025-04-24T16:02:52Z,April,4,24,16:02:52,CUUUUuuuuuute,ROSALÍA,MOTOMAMI
2025-04-24T16:06:26Z,April,4,24,16:06:26,What Was That,Lorde,What Was That
2025-04-24T16:12:08Z,April,4,24,16:12:08,Headphones On,Addison Rae,Headphones On
2025-04-24T16:15:36Z,April,4,24,16:15:36,What Was That,Lorde,What Was That
2025-04-24T18:14:10Z,April,4,24,18:14:10,What Was That,Lorde,What Was That
2025-04-24T18:28:26Z,April,4,24,18:28:26,If I Could Change Your Mind,HAIM,Days Are Gone
2025-04-24T18:31:48Z,April,4,24,18:31:48,Relationships,HAIM,Relationships
2025-04-24T18:35:56Z,April,4,24,18:35:56,The Steps,HAIM,Women In Music Pt. III
2025-04-24T18:38:32Z,April,4,24,18:38:32,So Cynical (Badum),LE SSERAFIM,HOT
2025-04-24T18:41:56Z,April,4,24,18:41:56,Ash,LE SSERAFIM,HOT
2025-04-24T18:45:18Z,April,4,24,18:45:18,Air,YEJI,AIR
2025-04-24T18:49:05Z,April,4,24,18:49:05,I Know Alone,HAIM,Women In Music Pt. III
2025-04-24T18:52:06Z,April,4,24,18:52:06,Bluest Flame,Selena Gomez,I Said I Love You First
2025-04-24T18:54:34Z,April,4,24,18:54:34,take it offff,horsegiirL,v.i.p. - very important pony
2025-04-24T18:57:20Z,April,4,24,18:57:20,Come Over (Hyperpop Remix),LE SSERAFIM,Come Over (Remixes)
2025-04-24T18:59:48Z,April,4,24,18:59:48,Don't Lie,The Chainsmokers,Don't Lie
2025-04-25T04:46:37Z,April,4,25,04:46:37,360 featuring robyn & yung lean,Charli xcx,Brat and it’s completely different but also still brat
2025-04-25T04:50:08Z,April,4,25,04:50:08,What Was That,Lorde,What Was That
2025-04-25T04:56:45Z,April,4,25,04:56:45,What Was That,Lorde,What Was That
2025-04-25T20:00:31Z,April,4,25,20:00:31,Goddess of Orange County,Stella Smyth,Goddess of Orange County
2025-04-25T20:04:18Z,April,4,25,20:04:18,Stateside,PinkPantheress,Stateside
2025-04-25T20:32:03Z,April,4,25,20:32:03,I'm Not Alone - 2009 Remaster,Calvin Harris,I'm Not Alone 2019
2025-04-25T20:35:31Z,April,4,25,20:35:31,What Was That,Lorde,What Was That
2025-04-25T20:53:00Z,April,4,25,20:53:00,Stateside,PinkPantheress,Stateside
2025-04-25T20:56:38Z,April,4,25,20:56:38,I'm Not Alone - 2009 Remaster,Calvin Harris,I'm Not Alone 2019
2025-04-25T21:00:07Z,April,4,25,21:00:07,What Was That,Lorde,What Was That
2025-04-25T21:02:43Z,April,4,25,21:02:43,So Cynical (Badum),LE SSERAFIM,HOT
2025-04-25T21:05:34Z,April,4,25,21:05:34,Diet Pepsi,Addison Rae,Diet Pepsi
2025-04-25T21:08:39Z,April,4,25,21:08:39,Homemade Dynamite,Lorde,Melodrama
2025-04-25T21:13:36Z,April,4,25,21:13:36,Pogo,Digitalism,Idealism
2025-04-25T21:17:19Z,April,4,25,21:17:19,Bunny Is A Rider - Nikki Nair 'Satellite' Remix,Caroline Polachek,Bunny Is A Rider
2025-04-25T21:21:11Z,April,4,25,21:21:11,"I Got It (feat. Brooke Candy, CupcakKe and Pabllo Vittar)",Charli xcx,Pop 2
2025-04-25T22:06:53Z,April,4,25,22:06:53,Thinking About You (feat. Ayah Marar),Calvin Harris,18 Months
2025-04-25T22:10:36Z,April,4,25,22:10:36,What Was That,Lorde,What Was That
2025-04-25T22:14:13Z,April,4,25,22:14:13,I'm Not Alone - 2009 Remaster,Calvin Harris,I'm Not Alone 2019
2025-04-25T22:19:02Z,April,4,25,22:19:02,I'm Not Alone - 2009 Remaster,Calvin Harris,I'm Not Alone 2019
2025-04-25T22:22:32Z,April,4,25,22:22:32,What Was That,Lorde,What Was That
2025-04-25T22:24:47Z,April,4,25,22:24:47,you'll come back,jigitz,don't come back
2025-04-25T22:27:18Z,April,4,25,22:27:18,CUUUUuuuuuute,ROSALÍA,MOTOMAMI
2025-04-25T22:35:02Z,April,4,25,22:35:02,Headphones On,Addison Rae,Headphones On
2025-04-25T22:39:26Z,April,4,25,22:39:26,I'm Not Alone - 2009 Remaster,Calvin Harris,I'm Not Alone 2019
2025-04-25T22:40:43Z,April,4,25,22:40:43,The Rain,Calvin Harris,Ready For The Weekend
2025-04-25T23:10:24Z,April,4,25,23:10:24,I'm Not Alone - Radio Edit,Calvin Harris,Ready For The Weekend
2025-04-25T23:14:30Z,April,4,25,23:14:30,I'm Not Alone - 2009 Remaster,Calvin Harris,I'm Not Alone 2019
2025-04-25T23:26:10Z,April,4,25,23:26:10,I'm Not Alone - 2009 Remaster,Calvin Harris,I'm Not Alone 2019
2025-04-26T00:01:05Z,April,4,26,00:01:05,Down to be wrong,HAIM,Down to be wrong
2025-04-26T00:27:36Z,April,4,26,00:27:36,I'm Not Alone - 2009 Remaster,Calvin Harris,I'm Not Alone 2019
2025-04-26T00:31:58Z,April,4,26,00:31:58,Down to be wrong,HAIM,Down to be wrong
2025-04-26T00:35:30Z,April,4,26,00:35:30,What Was That,Lorde,What Was That
2025-04-26T00:39:04Z,April,4,26,00:39:04,Relationships,HAIM,Relationships
2025-04-26T00:41:09Z,April,4,26,00:41:09,you'll come back,jigitz,don't come back
2025-04-26T00:43:14Z,April,4,26,00:43:14,tell you straight,jigitz,tell you straight
2025-04-26T01:14:43Z,April,4,26,01:14:43,Lipgloss (feat. CupcakKe),Charli xcx,Number 1 Angel
2025-04-26T01:18:41Z,April,4,26,01:18:41,Out of My Head (feat. Tove Lo and ALMA),Charli xcx,Pop 2
2025-04-26T01:26:43Z,April,4,26,01:26:43,"I Got It (feat. Brooke Candy, CupcakKe and Pabllo Vittar)",Charli xcx,Pop 2
2025-04-26T01:30:42Z,April,4,26,01:30:42,Till the World Ends,Britney Spears,Femme Fatale (Deluxe Version)
2025-04-26T01:35:06Z,April,4,26,01:35:06,Emotional,Charli xcx,Number 1 Angel
2025-04-26T01:39:19Z,April,4,26,01:39:19,Click (feat. Kim Petras and Tommy Cash),Charli xcx,Charli
2025-04-26T01:43:39Z,April,4,26,01:43:39,"Girl, so confusing featuring lorde",Charli xcx,Brat and it’s completely different but also still brat
2025-04-26T01:48:02Z,April,4,26,01:48:02,I might say something stupid featuring the 1975 & jon hopkins,Charli xcx,Brat and it’s completely different but also still brat
2025-04-26T01:52:18Z,April,4,26,01:52:18,Perfect Places,Lorde,Melodrama
2025-04-26T01:56:33Z,April,4,26,01:56:33,The Steps,HAIM,Women In Music Pt. III
2025-04-26T02:24:51Z,April,4,26,02:24:51,Welcome To My Island - George Daniel & Charli XCX Remix,Caroline Polachek,Welcome To My Island
2025-04-26T02:29:15Z,April,4,26,02:29:15,Hold It Against Me,Britney Spears,Femme Fatale (Deluxe Version)
2025-04-26T02:33:27Z,April,4,26,02:33:27,Thinking About You (feat. Ayah Marar),Calvin Harris,18 Months
2025-04-26T02:34:05Z,April,4,26,02:34:05,feel like shit,Tate McRae,i used to think i could fly
2025-04-26T02:37:42Z,April,4,26,02:37:42,I'm Not Alone - 2009 Remaster,Calvin Harris,I'm Not Alone 2019
2025-04-26T02:41:49Z,April,4,26,02:41:49,Beautiful,A. G. Cook,"PC Music, Vol. 1"
2025-04-26T02:45:09Z,April,4,26,02:45:09,Apple featuring the japanese house,Charli xcx,Brat and it’s completely different but also still brat
2025-04-26T02:48:08Z,April,4,26,02:48:08,IS THIS LOVE,XG,AWE
2025-04-26T02:52:04Z,April,4,26,02:52:04,Screen Cleaner,George Daniel,Screen Cleaner
2025-04-26T02:55:28Z,April,4,26,02:55:28,Club classics featuring bb trickz,Charli xcx,Brat and it’s completely different but also still brat
2025-04-26T02:57:18Z,April,4,26,02:57:18,BIZCOCHITO,ROSALÍA,MOTOMAMI
2025-04-26T03:01:34Z,April,4,26,03:01:34,Everything is romantic featuring caroline polachek,Charli xcx,Brat and it’s completely different but also still brat
2025-04-26T03:04:51Z,April,4,26,03:04:51,I LUV IT (feat. Playboi Carti),Camila Cabello,"C,XOXO"
2025-04-26T03:08:07Z,April,4,26,03:08:07,Je T'Adore,Kim Petras,Problématique
2025-04-26T03:11:45Z,April,4,26,03:11:45,break,xo,whitenoise
2025-04-26T03:17:03Z,April,4,26,03:17:03,I like u (Extended),Tove Lo,I like u (Remixes)
2025-04-26T03:19:46Z,April,4,26,03:19:46,Hot Girl (Bodies Bodies Bodies),Charli xcx,Hot Girl (Bodies Bodies Bodies)
2025-04-26T03:20:22Z,April,4,26,03:20:22,13 Beaches,Lana Del Rey,Lust For Life
2025-04-26T03:24:12Z,April,4,26,03:24:12,c2.0,Charli xcx,how i'm feeling now
2025-04-26T03:24:56Z,April,4,26,03:24:56,Out of My Head (feat. Tove Lo and ALMA),Charli xcx,Pop 2
2025-04-26T03:28:59Z,April,4,26,03:28:59,how2fly,ISOxo,kidsgonemad!
2025-04-26T03:34:05Z,April,4,26,03:34:05,Roll with Me,Charli xcx,Number 1 Angel
2025-04-26T03:37:30Z,April,4,26,03:37:30,Perfect Lover,Britney Spears,Blackout
2025-04-26T03:38:07Z,April,4,26,03:38:07,Starburned and Unkissed,Caroline Polachek,Starburned and Unkissed
2025-04-26T03:42:26Z,April,4,26,03:42:26,Laplander,Finn Keane,Deep Trouble
2025-04-26T03:45:35Z,April,4,26,03:45:35,If Jesus Was A Rockstar,Kim Petras,If Jesus Was A Rockstar
2025-04-26T03:48:38Z,April,4,26,03:48:38,Diet Pepsi,Addison Rae,Aquamarine
2025-04-26T03:51:28Z,April,4,26,03:51:28,Sympathy is a knife,Charli xcx,BRAT
2025-04-26T03:54:24Z,April,4,26,03:54:24,Dade County Dreaming (feat. JT & Yung Miami),Camila Cabello,"C,XOXO"
2025-04-26T03:58:21Z,April,4,26,03:58:21,Warm (feat. HAIM),Charli xcx,Charli
2025-04-26T04:00:32Z,April,4,26,04:00:32,take it offff,horsegiirL,v.i.p. - very important pony
2025-04-26T04:04:10Z,April,4,26,04:04:10,Ash,LE SSERAFIM,HOT
2025-04-26T04:07:57Z,April,4,26,04:07:57,sister,2hollis,boy
2025-04-26T04:11:32Z,April,4,26,04:11:32,Sober,Lorde,Melodrama
2025-04-26T04:14:36Z,April,4,26,04:14:36,good 4 u,Olivia Rodrigo,SOUR
2025-04-26T04:18:01Z,April,4,26,04:18:01,Broken Glass,Kygo,Golden Hour
2025-04-26T04:22:12Z,April,4,26,04:22:12,Green Light,Lorde,Melodrama
2025-04-26T04:25:01Z,April,4,26,04:25:01,Roll Up,BLACKSWAN,Roll Up
2025-04-26T04:29:01Z,April,4,26,04:29:01,Reason Why (feat. Kim Petras and BC Kingdom),SOPHIE,Reason Why (feat. Kim Petras and BC Kingdom)
2025-04-26T07:03:44Z,April,4,26,07:03:44,What Was That,Lorde,What Was That
2025-04-26T07:07:35Z,April,4,26,07:07:35,I'm Not Alone - 2009 Remaster,Calvin Harris,I'm Not Alone 2019
2025-04-26T07:11:44Z,April,4,26,07:11:44,Down to be wrong,HAIM,Down to be wrong
2025-04-26T07:13:54Z,April,4,26,07:13:54,you'll come back,jigitz,don't come back
2025-04-26T07:17:12Z,April,4,26,07:17:12,Air,YEJI,AIR
2025-04-26T07:21:43Z,April,4,26,07:21:43,My Barn My Rules,MCR-T,My Barn My Rules
2025-04-26T07:25:59Z,April,4,26,07:25:59,Backseat (feat. Carly Rae Jepsen),Charli xcx,Pop 2
2025-04-26T07:29:54Z,April,4,26,07:29:54,You Make Me Feel... (feat. Sabi),Cobra Starship,Night Shades
2025-04-26T22:39:35Z,April,4,26,22:39:35,I'm Not Alone - 2009 Remaster,Calvin Harris,I'm Not Alone 2019
2025-04-26T22:46:54Z,April,4,26,22:46:54,What Was That,Lorde,What Was That
2025-04-26T22:51:23Z,April,4,26,22:51:23,Down to be wrong,HAIM,Down to be wrong
2025-04-27T00:14:23Z,April,4,27,00:14:23,Down to be wrong,HAIM,Down to be wrong
2025-04-27T00:18:00Z,April,4,27,00:18:00,I'm Not Alone - 2009 Remaster,Calvin Harris,I'm Not Alone 2019
2025-04-27T00:21:30Z,April,4,27,00:21:30,What Was That,Lorde,What Was That
2025-04-27T04:13:07Z,April,4,27,04:13:07,you'll come back,jigitz,don't come back
2025-04-27T04:16:44Z,April,4,27,04:16:44,"Girl, so confusing featuring lorde",Charli xcx,Brat and it’s completely different but also still brat
2025-04-27T04:21:19Z,April,4,27,04:21:19,Down to be wrong,HAIM,Down to be wrong
2025-04-27T04:25:14Z,April,4,27,04:25:14,I'm Not Alone - 2009 Remaster,Calvin Harris,I'm Not Alone 2019
2025-04-27T04:28:43Z,April,4,27,04:28:43,What Was That,Lorde,What Was That
2025-04-27T04:32:03Z,April,4,27,04:32:03,So Cynical (Badum),LE SSERAFIM,HOT
2025-04-27T04:35:23Z,April,4,27,04:35:23,Ash,LE SSERAFIM,HOT
2025-04-27T04:40:04Z,April,4,27,04:40:04,"I Got It (feat. Brooke Candy, CupcakKe and Pabllo Vittar)",Charli xcx,Pop 2
2025-04-27T04:42:36Z,April,4,27,04:42:36,Nothing On (But The Radio),Addison Rae,AR
2025-04-27T04:46:22Z,April,4,27,04:46:22,Dear Reader,Taylor Swift,Midnights
2025-04-27T04:49:05Z,April,4,27,04:49:05,Von dutch a. g. cook remix featuring addison rae,Charli xcx,Brat and it’s completely different but also still brat
2025-04-27T04:52:49Z,April,4,27,04:52:49,Porsche (feat. MØ),Charli xcx,Pop 2
2025-04-27T04:56:02Z,April,4,27,04:56:02,Yeah Yeah Yeah,BLACKPINK,BORN PINK
2025-04-27T04:59:51Z,April,4,27,04:59:51,Circus,Britney Spears,Circus (Deluxe Version)
2025-04-27T05:02:24Z,April,4,27,05:02:24,Rakata,Arca,KICK ii
2025-04-27T05:05:45Z,April,4,27,05:05:45,Good Graces,Sabrina Carpenter,Short n' Sweet
2025-04-27T05:09:18Z,April,4,27,05:09:18,3,Britney Spears,The Singles Collection
2025-04-27T05:14:04Z,April,4,27,05:14:04,Delicious (feat. Tommy Cash),Charli xcx,Pop 2
2025-04-27T05:18:10Z,April,4,27,05:18:10,how2fly,ISOxo,kidsgonemad!
2025-04-27T05:20:48Z,April,4,27,05:20:48,Talk,beabadoobee,Beatopia
2025-04-27T05:24:22Z,April,4,27,05:24:22,Easy (with Kacey Musgraves feat. Mark Ronson),Troye Sivan,Easy (with Kacey Musgraves feat. Mark Ronson)
2025-04-27T05:27:37Z,April,4,27,05:27:37,Busy Girl,Tove Lo,HEAT
2025-04-27T05:31:15Z,April,4,27,05:31:15,Got Me Started,Troye Sivan,Something To Give Each Other
2025-04-27T05:34:04Z,April,4,27,05:34:04,Ring,Selena Gomez,Rare
2025-04-27T05:37:38Z,April,4,27,05:37:38,Relationships,HAIM,Relationships
2025-04-27T05:41:12Z,April,4,27,05:41:12,...Ready For It?,Taylor Swift,reputation
2025-04-27T05:44:50Z,April,4,27,05:44:50,I'm a Slave 4 U,Britney Spears,Britney (Digital Deluxe Version)
2025-04-27T05:48:54Z,April,4,27,05:48:54,Bum Like You,Robyn,Robyn
2025-04-27T05:53:01Z,April,4,27,05:53:01,Hold The Girl,Rina Sawayama,Hold The Girl
2025-04-27T05:56:33Z,April,4,27,05:56:33,Air,YEJI,AIR
2025-04-27T05:59:10Z,April,4,27,05:59:10,Know Who You Are,Finn Keane,ELECTRIC
2025-04-27T06:01:55Z,April,4,27,06:01:55,No Body,Finn Keane,ELECTRIC
2025-04-27T06:06:02Z,April,4,27,06:06:02,Piece of Me,Britney Spears,Blackout
2025-04-27T06:09:14Z,April,4,27,06:09:14,Homemade Dynamite,Lorde,Melodrama
2025-04-27T06:13:46Z,April,4,27,06:13:46,Backseat (feat. Carly Rae Jepsen),Charli xcx,Pop 2
2025-04-27T06:17:12Z,April,4,27,06:17:12,Constant Repeat,Charli xcx,CRASH
2025-04-27T06:21:27Z,April,4,27,06:21:27,Drive,Miley Cyrus,Bangerz (Deluxe Version)
2025-04-27T06:24:52Z,April,4,27,06:24:52,Midnight Rain,Taylor Swift,Midnights
2025-04-27T06:30:12Z,April,4,27,06:30:12,Immortal,Thy Slaughter,Soft Rock
2025-04-27T06:33:06Z,April,4,27,06:33:06,Be Your USA,Finn Keane,Be Your USA
2025-04-27T06:39:40Z,April,4,27,06:39:40,Immaterial,SOPHIE,OIL OF EVERY PEARL'S UN-INSIDES
2025-04-27T06:43:41Z,April,4,27,06:43:41,Womanizer,Britney Spears,Circus (Deluxe Version)
2025-04-27T06:47:27Z,April,4,27,06:47:27,Paparazzi,Lady Gaga,The Fame
2025-04-27T06:52:09Z,April,4,27,06:52:09,Cola,Lana Del Rey,Born To Die - The Paradise Edition
2025-04-27T06:56:22Z,April,4,27,06:56:22,I Believe,Caroline Polachek,"Desire, I Want To Turn Into You"
2025-04-27T07:00:43Z,April,4,27,07:00:43,Welcome To My Island,Caroline Polachek,"Desire, I Want To Turn Into You"
2025-04-27T07:04:19Z,April,4,27,07:04:19,Pretty In Possible,Caroline Polachek,"Desire, I Want To Turn Into You"
2025-04-27T07:07:33Z,April,4,27,07:07:33,Bunny Is A Rider,Caroline Polachek,"Desire, I Want To Turn Into You"
2025-04-27T07:10:16Z,April,4,27,07:10:16,Sunset,Caroline Polachek,"Desire, I Want To Turn Into You"
2025-04-27T07:13:45Z,April,4,27,07:13:45,Crude Drawing Of An Angel,Caroline Polachek,"Desire, I Want To Turn Into You"
2025-04-27T07:18:17Z,April,4,27,07:18:17,Fly To You (feat. Grimes and Dido),Caroline Polachek,"Desire, I Want To Turn Into You"
2025-04-27T07:21:30Z,April,4,27,07:21:30,Smoke,Caroline Polachek,"Desire, I Want To Turn Into You"
2025-04-27T07:25:52Z,April,4,27,07:25:52,What Was That,Lorde,What Was That
2025-04-27T07:29:52Z,April,4,27,07:29:52,Hey QT,QT,Hey QT
2025-04-27T07:32:55Z,April,4,27,07:32:55,Aquamarine,Addison Rae,Aquamarine
2025-04-27T07:35:14Z,April,4,27,07:35:14,FEARLESS (2023 Ver.),LE SSERAFIM,UNFORGIVEN
2025-04-27T07:37:50Z,April,4,27,07:37:50,Apple featuring the japanese house,Charli xcx,Brat and it’s completely different but also still brat
2025-04-27T07:41:42Z,April,4,27,07:41:42,We Can't Stop,Miley Cyrus,Bangerz (Deluxe Version)
2025-04-27T07:44:26Z,April,4,27,07:44:26,LOOP (feat. Lil Cherry),Yves,LOOP
2025-04-27T07:47:22Z,April,4,27,07:47:22,Freakshow,Britney Spears,Blackout
2025-04-27T07:50:48Z,April,4,27,07:50:48,Club classics,Charli xcx,BRAT
2025-04-27T07:54:38Z,April,4,27,07:54:38,Get Back,Britney Spears,Blackout
2025-04-27T07:59:09Z,April,4,27,07:59:09,Take Yourself Home,Troye Sivan,In A Dream
2025-04-27T08:03:07Z,April,4,27,08:03:07,Easy,Troye Sivan,In A Dream
2025-04-27T08:06:14Z,April,4,27,08:06:14,10/10,Troye Sivan,In A Dream
2025-04-27T08:09:38Z,April,4,27,08:09:38,Rush,Troye Sivan,Something To Give Each Other
2025-04-27T08:13:47Z,April,4,27,08:13:47,When I Grow Up,The Pussycat Dolls,Doll Domination
2025-04-27T08:19:28Z,April,4,27,08:19:28,SexyBack (feat. Timbaland),Justin Timberlake,FutureSex/LoveSounds
2025-04-27T08:23:00Z,April,4,27,08:23:00,Wind It Up,Gwen Stefani,The Sweet Escape
2025-04-27T08:27:51Z,April,4,27,08:27:51,Harajuku Girls,Gwen Stefani,Love. Angel. Music. Baby.
2025-04-27T08:29:54Z,April,4,27,08:29:54,Imma Be,Black Eyed Peas,THE E.N.D. (THE ENERGY NEVER DIES)
2025-04-27T08:32:24Z,April,4,27,08:32:24,Childlike Things,FKA twigs,EUSEXUA
2025-04-27T08:34:51Z,April,4,27,08:34:51,crush,2hollis,boy
2025-04-27T08:38:05Z,April,4,27,08:38:05,Roll Up,BLACKSWAN,Roll Up
2025-04-27T08:41:43Z,April,4,27,08:41:43,Lucky,Charli xcx,Pop 2
2025-04-27T08:45:22Z,April,4,27,08:45:22,Femmebot (feat. Dorian Electra and Mykki Blanco),Charli xcx,Pop 2
2025-04-27T08:49:15Z,April,4,27,08:49:15,Unlock it (Lock It) - feat. Kim Petras and Jay Park,Charli xcx,Pop 2
2025-04-27T08:53:07Z,April,4,27,08:53:07,"I Got It (feat. Brooke Candy, CupcakKe and Pabllo Vittar)",Charli xcx,Pop 2
2025-04-27T22:14:29Z,April,4,27,22:14:29,When I Grow Up,The Pussycat Dolls,Doll Domination
2025-04-27T22:18:06Z,April,4,27,22:18:06,I'm Not Alone - 2009 Remaster,Calvin Harris,I'm Not Alone 2019
2025-04-27T22:21:32Z,April,4,27,22:21:32,Wind It Up,Gwen Stefani,The Sweet Escape
2025-04-27T22:25:19Z,April,4,27,22:25:19,Easy,Troye Sivan,In A Dream
2025-04-28T07:32:32Z,April,4,28,07:32:32,What Was That,Lorde,What Was That
2025-04-28T07:36:19Z,April,4,28,07:36:19,I'm Not Alone - 2009 Remaster,Calvin Harris,I'm Not Alone 2019
2025-04-28T19:17:21Z,April,4,28,19:17:21,When I Grow Up,The Pussycat Dolls,Doll Domination
2025-04-28T19:22:54Z,April,4,28,19:22:54,When I Grow Up,The Pussycat Dolls,Doll Domination
2025-04-28T19:26:31Z,April,4,28,19:26:31,I'm Not Alone - 2009 Remaster,Calvin Harris,I'm Not Alone 2019
2025-04-28T19:30:01Z,April,4,28,19:30:01,What Was That,Lorde,What Was That
2025-04-28T20:48:55Z,April,4,28,20:48:55,Down to be wrong,HAIM,Down to be wrong
2025-04-28T20:54:36Z,April,4,28,20:54:36,When I Grow Up,The Pussycat Dolls,Doll Domination
2025-04-28T20:55:42Z,April,4,28,20:55:42,When I Grow Up,The Pussycat Dolls,Doll Domination
2025-04-28T20:59:31Z,April,4,28,20:59:31,I'm Not Alone - 2009 Remaster,Calvin Harris,I'm Not Alone 2019
2025-04-28T23:19:24Z,April,4,28,23:19:24,What Was That,Lorde,What Was That
2025-04-28T23:22:57Z,April,4,28,23:22:57,What Was That,Lorde,What Was That
2025-04-28T23:26:34Z,April,4,28,23:26:34,I'm Not Alone - 2009 Remaster,Calvin Harris,I'm Not Alone 2019
2025-04-28T23:28:39Z,April,4,28,23:28:39,you'll come back,jigitz,don't come back
2025-04-28T23:33:04Z,April,4,28,23:33:04,The Steps,HAIM,Women In Music Pt. III
2025-04-28T23:39:39Z,April,4,28,23:39:39,So Cynical (Badum),LE SSERAFIM,HOT
2025-04-28T23:43:00Z,April,4,28,23:43:00,Ash,LE SSERAFIM,HOT
2025-04-29T00:47:16Z,April,4,29,00:47:16,Hugs & Kisses,JISOO,AMORTAGE
2025-04-29T00:50:44Z,April,4,29,00:50:44,earthquake,JISOO,AMORTAGE
2025-04-29T00:53:38Z,April,4,29,00:53:38,Your Love,JISOO,AMORTAGE
2025-04-29T00:56:40Z,April,4,29,00:56:40,TEARS,JISOO,AMORTAGE
2025-04-29T00:59:51Z,April,4,29,00:59:51,Hugs & Kisses,JISOO,AMORTAGE
2025-04-29T01:03:09Z,April,4,29,01:03:09,Perfect Stranger,FKA twigs,EUSEXUA
2025-04-29T01:06:20Z,April,4,29,01:06:20,Drums of Death,FKA twigs,EUSEXUA
2025-04-29T01:10:46Z,April,4,29,01:10:46,Room Of Fools,FKA twigs,EUSEXUA
2025-04-29T01:13:43Z,April,4,29,01:13:43,Sticky,FKA twigs,EUSEXUA
2025-04-29T01:16:15Z,April,4,29,01:16:15,Childlike Things,FKA twigs,EUSEXUA
2025-04-29T01:23:10Z,April,4,29,01:23:10,Striptease,FKA twigs,EUSEXUA
2025-04-29T01:27:29Z,April,4,29,01:27:29,Wanderlust,FKA twigs,EUSEXUA
2025-04-29T01:30:08Z,April,4,29,01:30:08,Mantra,JENNIE,Mantra
2025-04-29T01:34:57Z,April,4,29,01:34:57,I Know Alone,HAIM,Women In Music Pt. III
2025-04-29T01:37:51Z,April,4,29,01:37:51,Talking to Yourself,Carly Rae Jepsen,The Loneliest Time
2025-04-29T01:40:11Z,April,4,29,01:40:11,Rapunzel (Kiki Solo Version),LISA,Alter Ego
2025-04-29T01:42:50Z,April,4,29,01:42:50,Chill,LISA,Alter Ego
2025-04-29T01:52:50Z,April,4,29,01:52:50,You Make Me Feel... (feat. Sabi),Cobra Starship,Night Shades
2025-04-29T01:56:33Z,April,4,29,01:56:33,Diet Mountain Dew,Lana Del Rey,Born To Die - The Paradise Edition
2025-04-29T01:59:46Z,April,4,29,01:59:46,Sugar Water Cyanide,Rebecca Black,Sugar Water Cyanide
2025-04-29T02:05:30Z,April,4,29,02:05:30,BLUE,Billie Eilish,HIT ME HARD AND SOFT
2025-04-29T02:08:24Z,April,4,29,02:08:24,Diet Pepsi,Addison Rae,Aquamarine
2025-04-29T02:12:05Z,April,4,29,02:12:05,sister,2hollis,boy
2025-04-29T02:12:52Z,April,4,29,02:12:52,Don't Say Love,Leigh-Anne,Don't Say Love
2025-04-29T02:16:08Z,April,4,29,02:16:08,Hot as Ice,Britney Spears,Blackout
2025-04-29T02:18:07Z,April,4,29,02:18:07,Treat Me Like A Slut,Kim Petras,Slut Pop
2025-04-29T02:21:50Z,April,4,29,02:21:50,Everything is romantic featuring caroline polachek,Charli xcx,Brat and it’s completely different but also still brat
2025-04-29T02:24:23Z,April,4,29,02:24:23,Apple,Charli xcx,BRAT
2025-04-29T02:27:15Z,April,4,29,02:27:15,Liability,Lorde,Melodrama
2025-04-29T02:31:42Z,April,4,29,02:31:42,Tears (feat. Caroline Polachek),Charli xcx,Pop 2
2025-04-29T04:32:23Z,April,4,29,04:32:23,What Was That,Lorde,What Was That
2025-04-29T04:37:31Z,April,4,29,04:37:31,"I Got It (feat. Brooke Candy, CupcakKe and Pabllo Vittar)",Charli xcx,Pop 2
2025-04-29T04:42:05Z,April,4,29,04:42:05,Piece of Me,Britney Spears,Blackout
2025-04-29T04:46:42Z,April,4,29,04:46:42,Backseat (feat. Carly Rae Jepsen),Charli xcx,Pop 2
2025-04-29T04:50:38Z,April,4,29,04:50:38,Out of My Head (feat. Tove Lo and ALMA),Charli xcx,Pop 2
2025-04-29T04:54:13Z,April,4,29,04:54:13,Lucky,Charli xcx,Pop 2
2025-04-29T04:58:27Z,April,4,29,04:58:27,Tears (feat. Caroline Polachek),Charli xcx,Pop 2
2025-04-29T05:02:19Z,April,4,29,05:02:19,"I Got It (feat. Brooke Candy, CupcakKe and Pabllo Vittar)",Charli xcx,Pop 2
2025-04-29T05:05:57Z,April,4,29,05:05:57,Femmebot (feat. Dorian Electra and Mykki Blanco),Charli xcx,Pop 2
2025-04-29T05:10:30Z,April,4,29,05:10:30,Delicious (feat. Tommy Cash),Charli xcx,Pop 2
2025-04-29T05:14:23Z,April,4,29,05:14:23,Unlock it (Lock It) - feat. Kim Petras and Jay Park,Charli xcx,Pop 2
2025-04-29T05:17:49Z,April,4,29,05:17:49,Porsche (feat. MØ),Charli xcx,Pop 2
2025-04-29T05:23:16Z,April,4,29,05:23:16,Track 10,Charli xcx,Pop 2
2025-04-29T06:18:24Z,April,4,29,06:18:24,What Was That,Lorde,What Was That
2025-04-29T06:22:12Z,April,4,29,06:22:12,Beautiful,A. G. Cook,"PC Music, Vol. 1"
2025-04-29T06:25:37Z,April,4,29,06:25:37,I Really Like You,Carly Rae Jepsen,Emotion
2025-04-29T06:29:09Z,April,4,29,06:29:09,1999 - EASYFUN Remix,Charli xcx,1999
2025-04-29T06:33:43Z,April,4,29,06:33:43,Warm (feat. HAIM),Charli xcx,Charli
2025-04-29T06:37:35Z,April,4,29,06:37:35,We Can't Stop,Miley Cyrus,Bangerz (Deluxe Version)
2025-04-29T06:39:53Z,April,4,29,06:39:53,Come Over,LE SSERAFIM,HOT
2025-04-29T06:42:09Z,April,4,29,06:42:09,Liability (Reprise),Lorde,Melodrama
2025-04-29T06:45:04Z,April,4,29,06:45:04,Club classics featuring bb trickz,Charli xcx,Brat and it’s completely different but also still brat
2025-04-29T06:48:38Z,April,4,29,06:48:38,Brave,TWICE,BETWEEN 1&2
2025-04-29T06:52:57Z,April,4,29,06:52:57,American Teenager,Ethel Cain,Preacher’s Daughter
2025-04-29T06:56:49Z,April,4,29,06:56:49,Bum Like You,Robyn,Robyn
2025-04-29T07:00:22Z,April,4,29,07:00:22,Ex-Girlfriend,No Doubt,Return Of Saturn
2025-04-29T07:03:31Z,April,4,29,07:03:31,Blow It All,Kim Petras,Clarity
2025-04-29T07:07:22Z,April,4,29,07:07:22,Impossible,Clairo,Immunity
2025-04-29T07:10:29Z,April,4,29,07:10:29,GET LOUD,TWICE,Feel Special
2025-04-29T07:14:02Z,April,4,29,07:14:02,Live For Me,Omar Apollo,Live For Me
2025-04-29T07:17:52Z,April,4,29,07:17:52,Beaches,beabadoobee,This Is How Tomorrow Moves
2025-04-29T07:20:59Z,April,4,29,07:20:59,I Won't Apologize,Selena Gomez & The Scene,Kiss & Tell
2025-04-29T07:24:15Z,April,4,29,07:24:15,Whip My Hair,WILLOW,Whip My Hair
2025-04-29T07:28:40Z,April,4,29,07:28:40,BEAUTY IN DEATH,Chase Atlantic,BEAUTY IN DEATH
2025-04-29T07:31:29Z,April,4,29,07:31:29,Illusion,Carlie Hanson,Wisconsin
2025-04-29T07:35:06Z,April,4,29,07:35:06,GODSPEED,Camila Cabello,"C,XOXO"
2025-04-29T07:38:37Z,April,4,29,07:38:37,Psycho,Red Velvet,‘The ReVe Festival’ Finale
2025-04-29T07:42:07Z,April,4,29,07:42:07,hope ur ok,Olivia Rodrigo,SOUR
2025-04-29T07:45:17Z,April,4,29,07:45:17,Wind It Up,Gwen Stefani,The Sweet Escape
2025-04-29T07:49:08Z,April,4,29,07:49:08,New Romantics (Taylor's Version),Taylor Swift,1989 (Taylor's Version)
2025-04-29T07:51:06Z,April,4,29,07:51:06,Speed Drive (From Barbie The Album),Charli xcx,Speed Drive (From Barbie The Album)
2025-04-29T07:55:56Z,April,4,29,07:55:56,Just Dance,Lady Gaga,The Fame
2025-04-29T07:59:15Z,April,4,29,07:59:15,Something,NAYEON,NA
2025-04-29T08:02:20Z,April,4,29,08:02:20,Je T'Adore,Kim Petras,Problématique
2025-04-29T08:05:54Z,April,4,29,08:05:54,Imagining,Rina Sawayama,Hold The Girl
2025-04-29T08:08:45Z,April,4,29,08:08:45,King of Hearts,Kim Petras,Feed The Beast
2025-04-29T08:11:34Z,April,4,29,08:11:34,Beg for You (feat. Rina Sawayama),Charli xcx,CRASH
2025-04-29T08:14:33Z,April,4,29,08:14:33,Sober II (Melodrama),Lorde,Melodrama
2025-04-29T14:54:55Z,April,4,29,14:54:55,What Was That,Lorde,What Was That
2025-04-29T14:59:34Z,April,4,29,14:59:34,I'm Not Alone - 2009 Remaster,Calvin Harris,I'm Not Alone 2019
2025-04-29T15:03:26Z,April,4,29,15:03:26,"I Got It (feat. Brooke Candy, CupcakKe and Pabllo Vittar)",Charli xcx,Pop 2
2025-04-30T01:44:26Z,April,4,30,01:44:26,Good Graces,Sabrina Carpenter,Short n' Sweet
2025-04-30T06:53:26Z,April,4,30,06:53:26,"Louder, Please",Rose Gray,"Louder, Please"
2025-04-30T07:27:12Z,April,4,30,07:27:12,I'm Not Alone - 2009 Remaster,Calvin Harris,I'm Not Alone 2019
2025-04-30T07:30:42Z,April,4,30,07:30:42,What Was That,Lorde,What Was That
2025-04-30T07:32:48Z,April,4,30,07:32:48,you'll come back,jigitz,don't come back
2025-04-30T07:37:35Z,April,4,30,07:37:35,When I Grow Up,The Pussycat Dolls,Doll Domination
2025-04-30T07:41:05Z,April,4,30,07:41:05,What Was That,Lorde,What Was That
2025-04-30T07:43:36Z,April,4,30,07:43:36,CUUUUuuuuuute,ROSALÍA,MOTOMAMI
2025-04-30T07:47:37Z,April,4,30,07:47:37,Headphones On,Addison Rae,Headphones On
2025-04-30T07:49:54Z,April,4,30,07:49:54,Mantra,JENNIE,Mantra
2025-04-30T07:52:43Z,April,4,30,07:52:43,So Cynical (Badum),LE SSERAFIM,HOT
2025-04-30T07:57:16Z,April,4,30,07:57:16,Delicious (feat. Tommy Cash),Charli xcx,Pop 2
2025-04-30T07:59:07Z,April,4,30,07:59:07,Nice to Know Ya,Carlie Hanson,Tough Boy
2025-04-30T08:02:39Z,April,4,30,08:02:39,Sober,Lorde,Melodrama
2025-04-30T08:05:58Z,April,4,30,08:05:58,Hugs & Kisses,JISOO,AMORTAGE
2025-04-30T08:10:06Z,April,4,30,08:10:06,I Believe,Caroline Polachek,"Desire, I Want To Turn Into You"
2025-04-30T08:12:36Z,April,4,30,08:12:36,Hit It From The Back,Kim Petras,Feed The Beast
2025-04-30T08:16:09Z,April,4,30,08:16:09,TT,TWICE,Twicecoaster: Lane 1
2025-04-30T08:19:00Z,April,4,30,08:19:00,naïve,WILLOW,lately I feel EVERYTHING
2025-04-30T08:22:41Z,April,4,30,08:22:41,Homemade Dynamite,Lorde,Melodrama
2025-04-30T08:25:51Z,April,4,30,08:25:51,Mean girls,Charli xcx,BRAT
2025-04-30T08:29:03Z,April,4,30,08:29:03,Thoughts,Charli xcx,Charli
2025-04-30T08:32:07Z,April,4,30,08:32:07,ONE SPARK,TWICE,With YOU-th
2025-04-30T08:37:24Z,April,4,30,08:37:24,Kids,MGMT,Oracular Spectacular
2025-04-30T08:40:12Z,April,4,30,08:40:12,Club classics,Charli xcx,BRAT
2025-04-30T08:42:16Z,April,4,30,08:42:16,Angel (From Barbie The Album),PinkPantheress,Angel (From Barbie The Album)
2025-04-30T08:45:18Z,April,4,30,08:45:18,No Biggie,ITZY,Algorhythm
2025-04-30T08:48:41Z,April,4,30,08:48:41,I LUV IT (feat. Playboi Carti),Camila Cabello,"C,XOXO"
2025-04-30T08:50:14Z,April,4,30,08:50:14,Butt Slutt,Kim Petras,Slut Pop Miami
2025-04-30T08:53:31Z,April,4,30,08:53:31,JUST LIKE WE NEVER SAID GOODBYE,SOPHIE,JUST LIKE WE NEVER SAID GOODBYE
2025-04-30T08:57:00Z,April,4,30,08:57:00,Send My Love To John,Rina Sawayama,Hold The Girl
2025-04-30T08:59:38Z,April,4,30,08:59:38,So Cynical (Badum),LE SSERAFIM,HOT
2025-04-30T09:01:53Z,April,4,30,09:01:53,Obsessed,Addison Rae,Obsessed
2025-04-30T09:04:12Z,April,4,30,09:04:12,Wars,Brevin Kim,DOG HEAD
2025-04-30T09:08:48Z,April,4,30,09:08:48,"I Got It (feat. Brooke Candy, CupcakKe and Pabllo Vittar)",Charli xcx,Pop 2
2025-04-30T09:13:00Z,April,4,30,09:13:00,Unlock it (Lock It) - feat. Kim Petras and Jay Park,Charli xcx,Pop 2
2025-04-30T09:16:26Z,April,4,30,09:16:26,Porsche (feat. MØ),Charli xcx,Pop 2
2025-04-30T09:21:53Z,April,4,30,09:21:53,Track 10,Charli xcx,Pop 2
2025-04-30T09:25:52Z,April,4,30,09:25:52,Backseat (feat. Carly Rae Jepsen),Charli xcx,Pop 2
2025-04-30T09:29:48Z,April,4,30,09:29:48,Out of My Head (feat. Tove Lo and ALMA),Charli xcx,Pop 2
2025-04-30T09:33:24Z,April,4,30,09:33:24,Lucky,Charli xcx,Pop 2
2025-04-30T18:03:55Z,April,4,30,18:03:55,What Was That,Lorde,What Was That
2025-04-30T18:07:35Z,April,4,30,18:07:35,I'm Not Alone - 2009 Remaster,Calvin Harris,I'm Not Alone 2019
2025-04-30T18:11:41Z,April,4,30,18:11:41,When I Grow Up,The Pussycat Dolls,Doll Domination
2025-04-30T18:18:30Z,April,4,30,18:18:30,"I Got It (feat. Brooke Candy, CupcakKe and Pabllo Vittar)",Charli xcx,Pop 2
2025-04-30T21:13:20Z,April,4,30,21:13:20,Tweaker,GELO,Tweaker
2025-05-01T04:34:23Z,May,5,1,04:34:23,Perfect Stranger,FKA twigs,EUSEXUA
2025-05-01T04:37:46Z,May,5,1,04:37:46,Gnarly,KATSEYE,Gnarly
2025-05-01T05:23:52Z,May,5,1,05:23:52,Frog,Ren Carter,Frog
2025-05-01T05:27:42Z,May,5,1,05:27:42,What Was That,Lorde,What Was That
2025-05-01T05:31:24Z,May,5,1,05:31:24,I'm Not Alone - 2009 Remaster,Calvin Harris,I'm Not Alone 2019
2025-05-01T05:33:56Z,May,5,1,05:33:56,take it offff,horsegiirL,v.i.p. - very important pony
2025-05-01T05:37:12Z,May,5,1,05:37:12,The Spins,Mac Miller,K.I.D.S.
2025-05-01T05:40:45Z,May,5,1,05:40:45,Got Me Started,Troye Sivan,Something To Give Each Other
2025-05-01T05:45:03Z,May,5,1,05:45:03,Welcome To My Island,Caroline Polachek,"Desire, I Want To Turn Into You"
2025-05-01T05:49:28Z,May,5,1,05:49:28,Phantom,Rina Sawayama,Hold The Girl
2025-05-01T05:52:35Z,May,5,1,05:52:35,Sugar Water Cyanide,Rebecca Black,Sugar Water Cyanide
2025-05-01T06:03:12Z,May,5,1,06:03:12,Poplife,umru,Poplife
2025-05-01T06:07:15Z,May,5,1,06:07:15,Perfect Stranger,FKA twigs,EUSEXUA
2025-05-01T06:10:26Z,May,5,1,06:10:26,earthquake,JISOO,AMORTAGE
2025-05-01T06:14:29Z,May,5,1,06:14:29,SexyBack (feat. Timbaland),Justin Timberlake,FutureSex/LoveSounds
2025-05-01T06:18:36Z,May,5,1,06:18:36,When I Grow Up,The Pussycat Dolls,Doll Domination
2025-05-01T06:22:45Z,May,5,1,06:22:45,Down to be wrong,HAIM,Down to be wrong
2025-05-01T06:27:38Z,May,5,1,06:27:38,I Know Alone,HAIM,Women In Music Pt. III
2025-05-01T06:30:32Z,May,5,1,06:30:32,Talking to Yourself,Carly Rae Jepsen,The Loneliest Time
2025-05-01T06:33:34Z,May,5,1,06:33:34,2 die 4 (feat. Charli XCX),Addison Rae,AR
2025-05-01T06:37:21Z,May,5,1,06:37:21,Tennis Court,Lorde,Pure Heroine
2025-05-01T06:40:10Z,May,5,1,06:40:10,SPOT!,ZICO,SPOT!
2025-05-01T06:40:56Z,May,5,1,06:40:56,naïve,WILLOW,lately I feel EVERYTHING
2025-05-01T06:43:38Z,May,5,1,06:43:38,Sorry if I Hurt You,Charli xcx,CRASH
2025-05-01T06:46:33Z,May,5,1,06:46:33,rom com 2004,Soccer Mommy,rom com 2004
2025-05-01T06:49:52Z,May,5,1,06:49:52,Supermodel,SZA,Ctrl
2025-05-01T06:56:00Z,May,5,1,06:56:00,Hard Feelings/Loveless,Lorde,Melodrama
2025-05-01T06:58:45Z,May,5,1,06:58:45,CRAZY,LE SSERAFIM,CRAZY
2025-05-01T07:02:13Z,May,5,1,07:02:13,Focus,Charli xcx,Focus / No Angel
2025-05-01T07:05:31Z,May,5,1,07:05:31,So Cynical (Badum),LE SSERAFIM,HOT
2025-05-01T07:08:28Z,May,5,1,07:08:28,So Cynical (Badum),LE SSERAFIM,HOT
2025-05-01T18:57:44Z,May,5,1,18:57:44,So Cynical (Badum),LE SSERAFIM,HOT
2025-05-01T22:48:07Z,May,5,1,22:48:07,I'm Not Alone - 2009 Remaster,Calvin Harris,I'm Not Alone 2019
2025-05-01T22:51:37Z,May,5,1,22:51:37,What Was That,Lorde,What Was That
2025-05-01T22:56:23Z,May,5,1,22:56:23,What Was That,Lorde,What Was That
2025-05-01T23:00:34Z,May,5,1,23:00:34,I Know Alone,HAIM,Women In Music Pt. III
2025-05-02T02:51:25Z,May,5,2,02:51:25,Backseat (feat. Carly Rae Jepsen),Charli xcx,Pop 2
2025-05-02T02:55:21Z,May,5,2,02:55:21,Out of My Head (feat. Tove Lo and ALMA),Charli xcx,Pop 2
2025-05-02T02:58:57Z,May,5,2,02:58:57,Lucky,Charli xcx,Pop 2
2025-05-02T03:03:11Z,May,5,2,03:03:11,Tears (feat. Caroline Polachek),Charli xcx,Pop 2
2025-05-02T03:07:02Z,May,5,2,03:07:02,"I Got It (feat. Brooke Candy, CupcakKe and Pabllo Vittar)",Charli xcx,Pop 2
2025-05-02T03:10:40Z,May,5,2,03:10:40,Femmebot (feat. Dorian Electra and Mykki Blanco),Charli xcx,Pop 2
2025-05-02T03:41:32Z,May,5,2,03:41:32,Delicious (feat. Tommy Cash),Charli xcx,Pop 2
2025-05-02T03:44:28Z,May,5,2,03:44:28,I LUV IT (feat. Playboi Carti),Camila Cabello,"C,XOXO"
2025-05-02T03:47:08Z,May,5,2,03:47:08,Chanel No.5,Camila Cabello,"C,XOXO"
2025-05-02T03:48:04Z,May,5,2,03:48:04,pink xoxo,Camila Cabello,"C,XOXO"
2025-05-02T03:51:06Z,May,5,2,03:51:06,HE KNOWS (feat. Lil Nas X),Camila Cabello,"C,XOXO"
2025-05-02T03:54:02Z,May,5,2,03:54:02,Dade County Dreaming (feat. JT & Yung Miami),Camila Cabello,"C,XOXO"
2025-05-02T03:57:01Z,May,5,2,03:57:01,pretty when i cry,Camila Cabello,"C,XOXO"
2025-05-02T04:00:01Z,May,5,2,04:00:01,June Gloom,Camila Cabello,"C,XOXO"
2025-05-02T04:24:12Z,May,5,2,04:24:12,Hugs & Kisses,JISOO,AMORTAGE
2025-05-02T04:27:34Z,May,5,2,04:27:34,Blue Flame (2023 Ver.),LE SSERAFIM,UNFORGIVEN
2025-05-02T04:28:07Z,May,5,2,04:28:07,Wait a Minute!,WILLOW,ARDIPITHECUS
2025-05-02T04:30:39Z,May,5,2,04:30:39,Know Who You Are,Finn Keane,ELECTRIC
2025-05-02T04:34:49Z,May,5,2,04:34:49,Take Yourself Home,Troye Sivan,In A Dream
2025-05-02T04:37:52Z,May,5,2,04:37:52,B2b featuring tinashe,Charli xcx,Brat and it’s completely different but also still brat
2025-05-02T04:42:08Z,May,5,2,04:42:08,Womanizer,Britney Spears,Circus (Deluxe Version)
2025-05-02T04:46:33Z,May,5,2,04:46:33,Speed Drive (jamesjamesjames Remix) [From Barbie The Album],Charli xcx,Speed Drive (jamesjamesjames Remix) [From Barbie The Album]
2025-05-02T04:49:32Z,May,5,2,04:49:32,Yeah Yeah Yeah,BLACKPINK,BORN PINK
2025-05-02T05:08:25Z,May,5,2,05:08:25,Sympathy is a knife featuring ariana grande,Charli xcx,Brat and it’s completely different but also still brat
2025-05-02T05:13:49Z,May,5,2,05:13:49,Laplander,Finn Keane,Deep Trouble
2025-05-02T05:17:05Z,May,5,2,05:17:05,Brave,TWICE,BETWEEN 1&2
2025-05-02T05:55:29Z,May,5,2,05:55:29,I got it bad,Addison Rae,AR
2025-05-02T05:57:47Z,May,5,2,05:57:47,Gnarly,KATSEYE,Gnarly
2025-05-02T06:03:14Z,May,5,2,06:03:14,Gnarly,KATSEYE,Gnarly
2025-05-02T06:06:25Z,May,5,2,06:06:25,earthquake,JISOO,AMORTAGE
2025-05-02T06:10:36Z,May,5,2,06:10:36,When I Grow Up,The Pussycat Dolls,Doll Domination
2025-05-02T06:14:17Z,May,5,2,06:14:17,I'm Not Alone - 2009 Remaster,Calvin Harris,I'm Not Alone 2019
2025-05-02T06:17:47Z,May,5,2,06:17:47,What Was That,Lorde,What Was That
2025-05-02T06:19:52Z,May,5,2,06:19:52,you'll come back,jigitz,don't come back
2025-05-02T06:25:18Z,May,5,2,06:25:18,My Barn My Rules,MCR-T,My Barn My Rules
2025-05-02T06:29:32Z,May,5,2,06:29:32,Till the World Ends,Britney Spears,Femme Fatale (Deluxe Version)
2025-05-02T06:32:56Z,May,5,2,06:32:56,JUST LIKE WE NEVER SAID GOODBYE,SOPHIE,JUST LIKE WE NEVER SAID GOODBYE
2025-05-02T06:35:59Z,May,5,2,06:35:59,Paradise (feat. Hannah Diamond),Charli xcx,Vroom Vroom EP
2025-05-02T06:39:50Z,May,5,2,06:39:50,IS THIS LOVE,XG,AWE
2025-05-02T06:43:15Z,May,5,2,06:43:15,Air,YEJI,AIR
2025-05-02T06:47:32Z,May,5,2,06:47:32,Welcome To My Island - George Daniel & Charli XCX Remix,Caroline Polachek,Welcome To My Island
2025-05-02T06:52:24Z,May,5,2,06:52:24,Paper Gangsta,Lady Gaga,The Fame
2025-05-02T06:54:51Z,May,5,2,06:54:51,crush,2hollis,boy
2025-05-02T06:59:00Z,May,5,2,06:59:00,Judas,Lady Gaga,Born This Way
2025-05-02T07:02:53Z,May,5,2,07:02:53,Radar,Britney Spears,Blackout
2025-05-02T07:05:39Z,May,5,2,07:05:39,Cologne,beabadoobee,Our Extended Play
2025-05-02T07:06:15Z,May,5,2,07:06:15,WILDFLOWER,Billie Eilish,HIT ME HARD AND SOFT
2025-05-02T07:10:37Z,May,5,2,07:10:37,Beautiful,A. G. Cook,"PC Music, Vol. 1"
2025-05-02T07:13:29Z,May,5,2,07:13:29,anthems,Charli xcx,how i'm feeling now
2025-05-02T07:17:37Z,May,5,2,07:17:37,Welcome To My Island,Caroline Polachek,"Desire, I Want To Turn Into You"
2025-05-02T07:20:34Z,May,5,2,07:20:34,Roll Up,BLACKSWAN,Roll Up
2025-05-02T07:23:54Z,May,5,2,07:23:54,Tennis Court,Lorde,Pure Heroine
2025-05-02T07:27:36Z,May,5,2,07:27:36,What Was That,Lorde,What Was That
2025-05-02T07:32:39Z,May,5,2,07:32:39,Warm (feat. HAIM),Charli xcx,Charli
2025-05-02T07:37:19Z,May,5,2,07:37:19,So I featuring a. g. cook,Charli xcx,Brat and it’s completely different but also still brat
2025-05-02T07:41:13Z,May,5,2,07:41:13,Click (feat. Kim Petras and Tommy Cash),Charli xcx,Charli
2025-05-02T07:44:49Z,May,5,2,07:44:49,sister,2hollis,boy
2025-05-02T07:48:29Z,May,5,2,07:48:29,Supernatural,ITZY,GOLD
2025-05-02T07:52:01Z,May,5,2,07:52:01,Paradise (feat. Hannah Diamond),Charli xcx,Vroom Vroom EP
2025-05-02T07:55:57Z,May,5,2,07:55:57,Hey QT,QT,Hey QT
2025-05-02T07:58:39Z,May,5,2,07:58:39,4EVER,Clairo,4EVER
2025-05-02T07:59:11Z,May,5,2,07:59:11,13 Beaches,Lana Del Rey,Lust For Life
2025-05-02T08:03:19Z,May,5,2,08:03:19,Thinking About You (feat. Ayah Marar),Calvin Harris,18 Months
2025-05-02T08:07:26Z,May,5,2,08:07:26,Lipgloss (feat. CupcakKe),Charli xcx,Number 1 Angel
2025-05-02T08:09:58Z,May,5,2,08:09:58,claws,Charli xcx,how i'm feeling now
2025-05-02T08:11:11Z,May,5,2,08:11:11,Misery Business,Paramore,Riot!
2025-05-02T08:14:46Z,May,5,2,08:14:46,Bum Like You,Robyn,Robyn
2025-05-02T08:18:15Z,May,5,2,08:18:15,Everything is romantic,Charli xcx,BRAT
2025-05-02T08:22:02Z,May,5,2,08:22:02,Piece of Me,Britney Spears,Blackout
2025-05-02T08:26:15Z,May,5,2,08:26:15,ALIEN SUPERSTAR,Beyoncé,RENAISSANCE
2025-05-02T08:28:36Z,May,5,2,08:28:36,2 die 4 (feat. Charli XCX),Addison Rae,AR
2025-05-02T08:31:37Z,May,5,2,08:31:37,So Cynical (Badum),LE SSERAFIM,HOT
2025-05-02T08:34:40Z,May,5,2,08:34:40,Smart,LE SSERAFIM,EASY
2025-05-02T22:11:33Z,May,5,2,22:11:33,E-mail more,Tommy february6,Lonely in Gorgeous
2025-05-02T22:13:10Z,May,5,2,22:13:10,Lonely in Gorgeous,Tommy february6,Lonely in Gorgeous
2025-05-02T22:17:16Z,May,5,2,22:17:16,E-mail more,Tommy february6,Lonely in Gorgeous
2025-05-02T22:19:57Z,May,5,2,22:19:57,Gnarly,KATSEYE,Gnarly
2025-05-02T22:33:00Z,May,5,2,22:33:00,Club classics featuring bb trickz,Charli xcx,Brat and it’s completely different but also still brat
2025-05-02T22:34:59Z,May,5,2,22:34:59,LEMONADE,SOPHIE,LEMONADE
2025-05-02T22:38:28Z,May,5,2,22:38:28,Who Knew - Edit,P!nk,I'm Not Dead
2025-05-02T22:39:21Z,May,5,2,22:39:21,Happiness is a butterfly,Lana Del Rey,Norman Fucking Rockwell!
2025-05-02T22:42:42Z,May,5,2,22:42:42,Constant Repeat,Charli xcx,CRASH
2025-05-02T22:45:33Z,May,5,2,22:45:33,Diet Pepsi,Addison Rae,Aquamarine
2025-05-02T22:49:23Z,May,5,2,22:49:23,Hold It Against Me,Britney Spears,Femme Fatale (Deluxe Version)
2025-05-03T00:08:37Z,May,5,3,00:08:37,E-mail more,Tommy february6,Lonely in Gorgeous
2025-05-03T00:10:54Z,May,5,3,00:10:54,Gnarly,KATSEYE,Gnarly
2025-05-03T00:15:52Z,May,5,3,00:15:52,Air,YEJI,AIR
2025-05-03T00:19:57Z,May,5,3,00:19:57,Doe Eyed,Rebecca Black,Let Her Burn
2025-05-03T00:24:58Z,May,5,3,00:24:58,Bitch I'm Madonna,Madonna,Rebel Heart
2025-05-03T00:29:25Z,May,5,3,00:29:25,JUST LIKE WE NEVER SAID GOODBYE,SOPHIE,JUST LIKE WE NEVER SAID GOODBYE
2025-05-03T01:05:05Z,May,5,3,01:05:05,Doe Eyed,Rebecca Black,Let Her Burn
2025-05-03T01:08:27Z,May,5,3,01:08:27,Who's That Chick? (feat. Rihanna),David Guetta,One More Love
2025-05-03T01:13:05Z,May,5,3,01:13:05,What Was That,Lorde,What Was That
2025-05-03T01:15:37Z,May,5,3,01:15:37,Sympathy is a knife,Charli xcx,BRAT
2025-05-03T01:18:54Z,May,5,3,01:18:54,Sober,Lorde,Melodrama
2025-05-03T01:22:04Z,May,5,3,01:22:04,Homemade Dynamite,Lorde,Melodrama
2025-05-03T01:26:43Z,May,5,3,01:26:43,E-mail more,Tommy february6,Lonely in Gorgeous
2025-05-03T01:29:32Z,May,5,3,01:29:32,Frog,Ren Carter,Frog
2025-05-03T01:33:13Z,May,5,3,01:33:13,Drums of Death,FKA twigs,EUSEXUA
2025-05-03T05:05:16Z,May,5,3,05:05:16,Perfect Stranger,FKA twigs,EUSEXUA
2025-05-03T05:07:34Z,May,5,3,05:07:34,Gnarly,KATSEYE,Gnarly
2025-05-03T05:44:20Z,May,5,3,05:44:20,E-mail more,Tommy february6,Lonely in Gorgeous
2025-05-03T05:48:40Z,May,5,3,05:48:40,When I Grow Up,The Pussycat Dolls,Doll Domination
2025-05-03T05:52:31Z,May,5,3,05:52:31,I'm Not Alone - 2009 Remaster,Calvin Harris,I'm Not Alone 2019
2025-05-03T05:56:04Z,May,5,3,05:56:04,What Was That,Lorde,What Was That
2025-05-03T05:59:45Z,May,5,3,05:59:45,What Was That,Lorde,What Was That
2025-05-03T06:08:14Z,May,5,3,06:08:14,Nothing More to Say - Vox,SOPHIE,Nothing More to Say
2025-05-03T06:12:33Z,May,5,3,06:12:33,Ash,LE SSERAFIM,HOT
2025-05-03T06:17:44Z,May,5,3,06:17:44,"I Got It (feat. Brooke Candy, CupcakKe and Pabllo Vittar)",Charli xcx,Pop 2
2025-05-03T06:20:27Z,May,5,3,06:20:27,Apple,Charli xcx,BRAT
2025-05-03T06:22:52Z,May,5,3,06:22:52,360,Charli xcx,BRAT
2025-05-03T06:25:26Z,May,5,3,06:25:26,Club classics,Charli xcx,BRAT
2025-05-03T06:27:57Z,May,5,3,06:27:57,Sympathy is a knife,Charli xcx,BRAT
2025-05-03T06:31:29Z,May,5,3,06:31:29,Everything is romantic,Charli xcx,BRAT
2025-05-03T06:35:49Z,May,5,3,06:35:49,Everything is romantic featuring caroline polachek,Charli xcx,Brat and it’s completely different but also still brat
2025-05-03T06:36:21Z,May,5,3,06:36:21,Crumbs,Rebecca Black,Let Her Burn
2025-05-03T06:40:30Z,May,5,3,06:40:30,I Believe,Caroline Polachek,"Desire, I Want To Turn Into You"
2025-05-03T06:44:22Z,May,5,3,06:44:22,"Girl, so confusing featuring lorde",Charli xcx,Brat and it’s completely different but also still brat
2025-05-03T06:49:06Z,May,5,3,06:49:06,Welcome To My Island,Caroline Polachek,"Desire, I Want To Turn Into You"
2025-05-03T06:53:18Z,May,5,3,06:53:18,Relationships,HAIM,Relationships
2025-05-03T06:57:48Z,May,5,3,06:57:48,Backseat (feat. Carly Rae Jepsen),Charli xcx,Pop 2
2025-05-03T07:03:29Z,May,5,3,07:03:29,Warm (feat. HAIM),Charli xcx,Charli
2025-05-03T07:07:10Z,May,5,3,07:07:10,Tennis Court,Lorde,Pure Heroine
2025-05-03T07:11:34Z,May,5,3,07:11:34,Immaterial,SOPHIE,OIL OF EVERY PEARL'S UN-INSIDES
2025-05-03T07:15:04Z,May,5,3,07:15:04,What Was That,Lorde,What Was That
2025-05-03T07:19:30Z,May,5,3,07:19:30,Summertime Sadness,Lana Del Rey,Born To Die - The Paradise Edition
2025-05-03T07:23:34Z,May,5,3,07:23:34,E-mail more,Tommy february6,Lonely in Gorgeous
2025-05-03T07:25:08Z,May,5,3,07:25:08,Lonely in Gorgeous,Tommy february6,Lonely in Gorgeous
2025-05-03T07:29:49Z,May,5,3,07:29:49,Is this feeling love?,Tommy february6,Lonely in Gorgeous
2025-05-03T07:32:57Z,May,5,3,07:32:57,Me Pregunto,Belanova,Gran Disco Mini Precio - Dulce Beat
2025-05-03T07:36:40Z,May,5,3,07:36:40,Baila Mi Corazón,Belanova,Fantasía Pop
2025-05-03T07:39:40Z,May,5,3,07:39:40,E-mail more,Tommy february6,Lonely in Gorgeous
2025-05-03T07:41:12Z,May,5,3,07:41:12,E-mail more,Tommy february6,Lonely in Gorgeous
2025-05-03T07:44:09Z,May,5,3,07:44:09,Bluest Flame,Selena Gomez,I Said I Love You First
2025-05-03T07:46:45Z,May,5,3,07:46:45,So Cynical (Badum),LE SSERAFIM,HOT
2025-05-03T07:49:33Z,May,5,3,07:49:33,Chill,LISA,Alter Ego
2025-05-03T07:52:36Z,May,5,3,07:52:36,Superlove,Tinashe,Superlove
2025-05-03T07:56:18Z,May,5,3,07:56:18,All Hands on Deck,Tinashe,Aquarius
2025-05-03T07:59:42Z,May,5,3,07:59:42,SOMETHING AIN'T RIGHT,XG,AWE
2025-05-03T08:02:30Z,May,5,3,08:02:30,No Doubt,ENHYPEN,ROMANCE : UNTOLD -daydream-
2025-05-03T08:05:05Z,May,5,3,08:05:05,IS THIS LOVE,XG,AWE
2025-05-03T08:09:59Z,May,5,3,08:09:59,A New Kind Of Love - Demo,Frou Frou,A New Kind Of Love
2025-05-03T08:12:56Z,May,5,3,08:12:56,Viola,Yves,I Did
2025-05-03T08:15:31Z,May,5,3,08:15:31,in my bag,Meg Donnelly,in my bag
2025-05-03T08:18:36Z,May,5,3,08:18:36,Aquamarine,Addison Rae,Aquamarine
2025-05-03T08:21:25Z,May,5,3,08:21:25,Diet Pepsi,Addison Rae,Diet Pepsi
2025-05-03T08:27:32Z,May,5,3,08:27:32,Welcome To My Island - George Daniel & Charli XCX Remix,Caroline Polachek,Welcome To My Island
2025-05-03T08:31:38Z,May,5,3,08:31:38,E-mail more,Tommy february6,Lonely in Gorgeous
2025-05-03T08:34:35Z,May,5,3,08:34:35,Love Language,TOMORROW X TOGETHER,Love Language
2025-05-03T08:39:04Z,May,5,3,08:39:04,Smart,LE SSERAFIM,EASY
2025-05-03T08:42:49Z,May,5,3,08:42:49,Don't Lie,The Chainsmokers,Don't Lie
2025-05-03T08:56:29Z,May,5,3,08:56:29,Lipgloss (feat. CupcakKe),Charli xcx,Number 1 Angel
2025-05-03T09:00:00Z,May,5,3,09:00:00,I Wanna Go,Britney Spears,Femme Fatale (Deluxe Version)
2025-05-04T06:20:56Z,May,5,4,06:20:56,Love Language,TOMORROW X TOGETHER,Love Language
2025-05-04T06:39:22Z,May,5,4,06:39:22,E-mail more,Tommy february6,Lonely in Gorgeous
2025-05-05T00:05:52Z,May,5,5,00:05:52,E-mail more,Tommy february6,Lonely in Gorgeous
2025-05-05T00:09:44Z,May,5,5,00:09:44,What Was That,Lorde,What Was That
2025-05-05T00:12:33Z,May,5,5,00:12:33,you'll come back,jigitz,don't come back
2025-05-05T00:15:04Z,May,5,5,00:15:04,CUUUUuuuuuute,ROSALÍA,MOTOMAMI
2025-05-05T00:19:05Z,May,5,5,00:19:05,Headphones On,Addison Rae,Headphones On
2025-05-05T00:24:04Z,May,5,5,00:24:04,I'm Not Alone - 2009 Remaster,Calvin Harris,I'm Not Alone 2019
2025-05-05T00:27:34Z,May,5,5,00:27:34,What Was That,Lorde,What Was That
2025-05-05T00:33:45Z,May,5,5,00:33:45,Walking Away,HAIM,Something to Tell You
2025-05-05T00:37:59Z,May,5,5,00:37:59,Something To Tell You,HAIM,Something to Tell You
2025-05-05T00:41:51Z,May,5,5,00:41:51,Ready For You,HAIM,Something to Tell You
2025-05-05T00:46:59Z,May,5,5,00:46:59,Nothing's Wrong,HAIM,Something to Tell You
2025-05-05T00:50:53Z,May,5,5,00:50:53,Want You Back,HAIM,Something to Tell You
2025-05-05T00:54:34Z,May,5,5,00:54:34,The Steps,HAIM,Women In Music Pt. III
2025-05-05T01:10:03Z,May,5,5,01:10:03,When I Grow Up,The Pussycat Dolls,Doll Domination
2025-05-05T01:14:24Z,May,5,5,01:14:24,Down to be wrong,HAIM,Down to be wrong
2025-05-05T01:56:56Z,May,5,5,01:56:56,360 featuring robyn & yung lean,Charli xcx,Brat and it’s completely different but also still brat
2025-05-05T02:00:06Z,May,5,5,02:00:06,Hugs & Kisses,JISOO,AMORTAGE
2025-05-05T02:09:20Z,May,5,5,02:09:20,Good Graces,Sabrina Carpenter,Short n' Sweet
2025-05-05T02:12:38Z,May,5,5,02:12:38,Ash,LE SSERAFIM,HOT
2025-05-05T02:16:21Z,May,5,5,02:16:21,Air,YEJI,AIR
2025-05-05T02:20:58Z,May,5,5,02:20:58,encore,Shygirl,encore
2025-05-05T04:48:10Z,May,5,5,04:48:10,Initiate Sequence 01,f5ve,SEQUENCE 01
2025-05-05T04:50:32Z,May,5,5,04:50:32,Underground,f5ve,SEQUENCE 01
2025-05-05T04:52:45Z,May,5,5,04:52:45,Magic Clock,f5ve,SEQUENCE 01
2025-05-05T04:55:24Z,May,5,5,04:55:24,UFO,f5ve,SEQUENCE 01
2025-05-05T05:01:54Z,May,5,5,05:01:54,Firetruck,f5ve,SEQUENCE 01
2025-05-05T05:04:02Z,May,5,5,05:04:02,Lettuce,f5ve,SEQUENCE 01
2025-05-05T05:06:50Z,May,5,5,05:06:50,Sugar Free Venom feat. Kesha,f5ve,SEQUENCE 01
2025-05-05T05:09:07Z,May,5,5,05:09:07,Television,f5ve,SEQUENCE 01
2025-05-05T05:11:31Z,May,5,5,05:11:31,Bow Chika Wow Wow,f5ve,SEQUENCE 01
2025-05-05T05:14:56Z,May,5,5,05:14:56,Jump,f5ve,SEQUENCE 01
2025-05-05T05:37:56Z,May,5,5,05:37:56,Sugar Free Venom feat. Kesha,f5ve,SEQUENCE 01
2025-05-05T19:22:11Z,May,5,5,19:22:11,Sugar Free Venom feat. Kesha,f5ve,SEQUENCE 01
2025-05-05T19:26:17Z,May,5,5,19:26:17,E-mail more,Tommy february6,Lonely in Gorgeous
2025-05-05T19:28:42Z,May,5,5,19:28:42,Gnarly,KATSEYE,Gnarly
2025-05-05T19:31:00Z,May,5,5,19:31:00,Television,f5ve,SEQUENCE 01
2025-05-05T19:34:30Z,May,5,5,19:34:30,What Was That,Lorde,What Was That
2025-05-05T20:46:37Z,May,5,5,20:46:37,Walking Away,HAIM,Something to Tell You
2025-05-05T20:52:55Z,May,5,5,20:52:55,I'm Not Alone - 2009 Remaster,Calvin Harris,I'm Not Alone 2019
2025-05-05T20:57:32Z,May,5,5,20:57:32,What Was That,Lorde,What Was That
2025-05-07T04:36:30Z,May,5,7,04:36:30,Sugar Free Venom feat. Kesha,f5ve,SEQUENCE 01
2025-05-07T04:40:14Z,May,5,7,04:40:14,What Was That,Lorde,What Was That
2025-05-07T04:44:39Z,May,5,7,04:44:39,Green Light,Lorde,Melodrama
2025-05-07T04:47:56Z,May,5,7,04:47:56,Sober,Lorde,Melodrama
2025-05-07T04:51:06Z,May,5,7,04:51:06,Homemade Dynamite,Lorde,Melodrama
2025-05-07T04:55:37Z,May,5,7,04:55:37,The Louvre,Lorde,Melodrama
2025-05-07T04:58:29Z,May,5,7,04:58:29,Liability,Lorde,Melodrama
2025-05-07T05:04:36Z,May,5,7,05:04:36,Hard Feelings/Loveless,Lorde,Melodrama
2025-05-07T05:07:35Z,May,5,7,05:07:35,Sober II (Melodrama),Lorde,Melodrama
2025-05-07T05:11:12Z,May,5,7,05:11:12,Writer In The Dark,Lorde,Melodrama
2025-05-07T05:15:49Z,May,5,7,05:15:49,Supercut,Lorde,Melodrama
2025-05-07T05:18:05Z,May,5,7,05:18:05,Liability (Reprise),Lorde,Melodrama
2025-05-07T05:21:47Z,May,5,7,05:21:47,Perfect Places,Lorde,Melodrama
2025-05-07T05:25:37Z,May,5,7,05:25:37,What Was That,Lorde,What Was That
2025-05-07T18:24:07Z,May,5,7,18:24:07,Gnarly,KATSEYE,Gnarly
2025-05-07T18:26:56Z,May,5,7,18:26:56,Frog,Ren Carter,Frog
2025-05-07T18:30:21Z,May,5,7,18:30:21,Drums of Death,FKA twigs,EUSEXUA
2025-05-07T18:34:26Z,May,5,7,18:34:26,When I Grow Up,The Pussycat Dolls,Doll Domination
2025-05-07T18:38:56Z,May,5,7,18:38:56,I'm Not Alone - 2009 Remaster,Calvin Harris,I'm Not Alone 2019
2025-05-07T18:42:26Z,May,5,7,18:42:26,What Was That,Lorde,What Was That
2025-05-08T01:02:05Z,May,5,8,01:02:05,Sugar Free Venom feat. Kesha,f5ve,SEQUENCE 01
2025-05-08T01:04:26Z,May,5,8,01:04:26,Gnarly,KATSEYE,Gnarly
2025-05-08T01:07:55Z,May,5,8,01:07:55,What Was That,Lorde,What Was That
2025-05-08T01:11:43Z,May,5,8,01:11:43,What Was That,Lorde,What Was That
2025-05-08T01:16:01Z,May,5,8,01:16:01,The Steps,HAIM,Women In Music Pt. III
2025-05-08T01:22:05Z,May,5,8,01:22:05,Warm (feat. HAIM),Charli xcx,Charli
2025-05-08T02:03:03Z,May,5,8,02:03:03,B2b,Charli xcx,BRAT
2025-05-08T02:23:30Z,May,5,8,02:23:30,take me by the hand,Oklou,choke enough
2025-05-08T02:27:23Z,May,5,8,02:27:23,harvest sky,Oklou,choke enough
2025-05-08T02:30:09Z,May,5,8,02:30:09,want to wanna come back,Oklou,choke enough
2025-05-08T02:33:28Z,May,5,8,02:33:28,blade bird,Oklou,choke enough
2025-05-08T05:36:27Z,May,5,8,05:36:27,"I Got It (feat. Brooke Candy, CupcakKe and Pabllo Vittar)",Charli xcx,Pop 2
2025-05-08T05:39:34Z,May,5,8,05:39:34,Je T'Adore,Kim Petras,Problématique
2025-05-08T05:42:50Z,May,5,8,05:42:50,Aquamarine,Addison Rae,Aquamarine
2025-05-08T05:46:47Z,May,5,8,05:46:47,c2.0,Charli xcx,how i'm feeling now
2025-05-08T05:51:20Z,May,5,8,05:51:20,Delicious (feat. Tommy Cash),Charli xcx,Pop 2
2025-05-08T05:53:41Z,May,5,8,05:53:41,take it offff,horsegiirL,v.i.p. - very important pony
2025-05-08T05:58:34Z,May,5,8,05:58:34,Paper Gangsta,Lady Gaga,The Fame
2025-05-08T06:00:43Z,May,5,8,06:00:43,G R O W (WILLOW & Avril Lavigne feat. Travis Barker),WILLOW,lately I feel EVERYTHING
2025-05-08T06:04:43Z,May,5,8,06:04:43,Roll with Me,Charli xcx,Number 1 Angel
2025-05-08T06:08:41Z,May,5,8,06:08:41,Lightning,Charli xcx,CRASH
2025-05-08T06:11:40Z,May,5,8,06:11:40,Sober II (Melodrama),Lorde,Melodrama
2025-05-08T06:14:07Z,May,5,8,06:14:07,Mosquito,PinkPantheress,Heaven knows
2025-05-08T06:16:23Z,May,5,8,06:16:23,2 die 4 (feat. Charli XCX),Addison Rae,AR
2025-05-08T06:19:36Z,May,5,8,06:19:36,McNasty,Jay Park,McNasty
2025-05-08T06:22:25Z,May,5,8,06:22:25,LIKE THAT,BABYMONSTER,BABYMONS7ER
2025-05-08T06:25:48Z,May,5,8,06:25:48,Relationships,HAIM,Relationships
2025-05-08T06:29:48Z,May,5,8,06:29:48,How To Love,Lil Wayne,Tha Carter IV
2025-05-08T06:32:52Z,May,5,8,06:32:52,STYLE,ITZY,RINGO
2025-05-08T06:35:24Z,May,5,8,06:35:24,Conceited,SZA,SOS
2025-05-08T06:38:17Z,May,5,8,06:38:17,Stop & Erase,Selena Gomez & The Scene,Kiss & Tell
2025-05-08T06:42:04Z,May,5,8,06:42:04,Angel Of My Dreams - S.A.D. Version - Slow. Angelic. Dramatic.,JADE,Angel Of My Dreams - S.A.D. Version (Slow. Angelic. Dramatic.)
2025-05-08T06:45:47Z,May,5,8,06:45:47,Diet Mountain Dew,Lana Del Rey,Born To Die - The Paradise Edition
2025-05-08T06:49:32Z,May,5,8,06:49:32,Bravado,Lorde,The Love Club EP
2025-05-08T06:50:07Z,May,5,8,06:50:07,Phantom,Rina Sawayama,Hold The Girl
2025-05-08T06:53:02Z,May,5,8,06:53:02,Diet Pepsi,Addison Rae,Aquamarine
2025-05-08T06:57:38Z,May,5,8,06:57:38,Black Eye,Allie X,Girl With No Face
2025-05-08T07:00:52Z,May,5,8,07:00:52,Team,Lorde,Pure Heroine
2025-05-08T07:04:25Z,May,5,8,07:04:25,FOREVER,BABYMONSTER,DRIP
2025-05-08T07:07:48Z,May,5,8,07:07:48,earthquake,JISOO,AMORTAGE
2025-05-08T07:10:37Z,May,5,8,07:10:37,Von dutch a. g. cook remix featuring addison rae,Charli xcx,Brat and it’s completely different but also still brat
2025-05-08T07:13:21Z,May,5,8,07:13:21,Sunset,Caroline Polachek,"Desire, I Want To Turn Into You"
2025-05-08T07:16:50Z,May,5,8,07:16:50,SHYPOP,ISOxo,kidsgonemad!
2025-05-08T07:19:49Z,May,5,8,07:19:49,I DONT EVEN LIKE U,Royal & the Serpent,IF I DIED WOULD ANYONE CARE
2025-05-08T07:23:47Z,May,5,8,07:23:47,Womanizer,Britney Spears,Circus (Deluxe Version)
2025-05-08T07:26:32Z,May,5,8,07:26:32,CRAZY,LE SSERAFIM,CRAZY
2025-05-08T07:29:57Z,May,5,8,07:29:57,Midnight Rain,Taylor Swift,Midnights
2025-05-08T07:33:12Z,May,5,8,07:33:12,Constant Repeat,Charli xcx,CRASH
2025-05-08T07:37:11Z,May,5,8,07:37:11,Out of My Head (feat. Tove Lo and ALMA),Charli xcx,Pop 2
2025-05-08T07:40:08Z,May,5,8,07:40:08,Helen of Troy - Bonus Track,Lorde,Solar Power
2025-05-08T07:44:41Z,May,5,8,07:44:41,Hold No Grudge - Bonus Track,Lorde,Solar Power
2025-05-08T07:49:12Z,May,5,8,07:49:12,Marry The Night,Lady Gaga,Born This Way
2025-05-08T07:52:01Z,May,5,8,07:52:01,Rewind,Charli xcx,BRAT
2025-05-08T07:55:41Z,May,5,8,07:55:41,COOL,Troye Sivan,Blue Neighbourhood
2025-05-08T07:59:18Z,May,5,8,07:59:18,Pretty In Possible,Caroline Polachek,"Desire, I Want To Turn Into You"
2025-05-08T08:04:35Z,May,5,8,08:04:35,I might say something stupid featuring the 1975 & jon hopkins,Charli xcx,Brat and it’s completely different but also still brat
2025-05-08T08:08:01Z,May,5,8,08:08:01,Lovesick Girls,BLACKPINK,THE ALBUM
2025-05-08T17:45:01Z,May,5,8,17:45:01,take me by the hand,Oklou,choke enough
2025-05-08T17:48:20Z,May,5,8,17:48:20,blade bird,Oklou,choke enough
2025-05-08T17:52:36Z,May,5,8,17:52:36,choke enough,Oklou,choke enough
2025-05-08T17:57:29Z,May,5,8,17:57:29,choke enough,Oklou,choke enough
2025-05-08T18:20:21Z,May,5,8,18:20:21,blade bird,Oklou,choke enough
2025-05-08T18:24:20Z,May,5,8,18:24:20,choke enough,Oklou,choke enough
2025-05-08T18:25:08Z,May,5,8,18:25:08,(;´༎ຶٹ༎ຶ`),Oklou,choke enough
2025-05-08T22:47:33Z,May,5,8,22:47:33,take me by the hand,Oklou,choke enough
2025-05-08T22:51:01Z,May,5,8,22:51:01,blade bird,Oklou,choke enough
2025-05-08T23:16:40Z,May,5,8,23:16:40,choke enough,Oklou,choke enough
2025-05-09T04:18:17Z,May,5,9,04:18:17,choke enough,Oklou,choke enough
2025-05-09T04:21:09Z,May,5,9,04:21:09,take me by the hand,Oklou,choke enough
2025-05-09T04:37:10Z,May,5,9,04:37:10,blade bird,Oklou,choke enough
2025-05-09T04:44:17Z,May,5,9,04:44:17,choke enough,Oklou,choke enough
2025-05-09T04:56:15Z,May,5,9,04:56:15,What Was That,Lorde,What Was That
2025-05-09T16:15:52Z,May,5,9,16:15:52,choke enough,Oklou,choke enough
2025-05-09T16:25:06Z,May,5,9,16:25:06,Down to be wrong,HAIM,Down to be wrong
2025-05-09T16:28:43Z,May,5,9,16:28:43,I'm Not Alone - 2009 Remaster,Calvin Harris,I'm Not Alone 2019
2025-05-09T16:32:13Z,May,5,9,16:32:13,What Was That,Lorde,What Was That
2025-05-09T16:34:56Z,May,5,9,16:34:56,Bluest Flame,Selena Gomez,I Said I Love You First
2025-05-09T16:37:32Z,May,5,9,16:37:32,IS THIS LOVE,XG,AWE
2025-05-09T16:41:40Z,May,5,9,16:41:40,The Steps,HAIM,Women In Music Pt. III
2025-05-09T20:39:52Z,May,5,9,20:39:52,Warm (feat. HAIM),Charli xcx,Charli
2025-05-09T20:43:53Z,May,5,9,20:43:53,choke enough,Oklou,choke enough
2025-05-09T20:47:11Z,May,5,9,20:47:11,Perfect Stranger,FKA twigs,EUSEXUA
2025-05-09T20:50:21Z,May,5,9,20:50:21,Homemade Dynamite,Lorde,Melodrama
2025-05-09T20:54:20Z,May,5,9,20:54:20,Backseat (feat. Carly Rae Jepsen),Charli xcx,Pop 2
2025-05-09T21:10:53Z,May,5,9,21:10:53,Walking Away,HAIM,Something to Tell You
2025-05-09T21:13:24Z,May,5,9,21:13:24,CUUUUuuuuuute,ROSALÍA,MOTOMAMI
2025-05-09T21:16:00Z,May,5,9,21:16:00,So Cynical (Badum),LE SSERAFIM,HOT
2025-05-09T22:03:48Z,May,5,9,22:03:48,SexyBack (feat. Timbaland),Justin Timberlake,FutureSex/LoveSounds
2025-05-09T23:04:39Z,May,5,9,23:04:39,choke enough,Oklou,choke enough
2025-05-09T23:07:58Z,May,5,9,23:07:58,blade bird,Oklou,choke enough
2025-05-09T23:12:55Z,May,5,9,23:12:55,party 4 u,Charli xcx,how i'm feeling now
2025-05-09T23:15:47Z,May,5,9,23:15:47,take me by the hand,Oklou,choke enough
2025-05-09T23:19:37Z,May,5,9,23:19:37,visions,Charli xcx,how i'm feeling now
2025-05-09T23:23:45Z,May,5,9,23:23:45,The Steps,HAIM,Women In Music Pt. III
2025-05-09T23:28:21Z,May,5,9,23:28:21,I Know Alone,HAIM,Women In Music Pt. III
2025-05-09T23:32:08Z,May,5,9,23:32:08,Beautiful,A. G. Cook,"PC Music, Vol. 1"
2025-05-09T23:58:10Z,May,5,9,23:58:10,Hello goodbye,Charli xcx,Brat and it’s the same but there’s three more songs so it’s not
2025-05-10T00:00:28Z,May,5,10,00:00:28,Passion,PinkPantheress,to hell with it
2025-05-10T00:04:16Z,May,5,10,00:04:16,Easy,Troye Sivan,In A Dream
2025-05-10T00:07:51Z,May,5,10,00:07:51,Relationships,HAIM,Relationships
2025-05-10T00:11:16Z,May,5,10,00:11:16,When The Sun Goes Down,Selena Gomez & The Scene,When The Sun Goes Down
2025-05-10T00:14:12Z,May,5,10,00:14:12,love is embarrassing,Olivia Rodrigo,GUTS
2025-05-10T00:18:47Z,May,5,10,00:18:47,Galina,Allie X,Girl With No Face
2025-05-10T00:23:38Z,May,5,10,00:23:38,Summertime Sadness,Lana Del Rey,Born To Die - The Paradise Edition
2025-05-10T00:27:10Z,May,5,10,00:27:10,PLAYING WITH FIRE,BLACKPINK,SQUARE TWO
2025-05-10T00:27:54Z,May,5,10,00:27:54,7Days,i-dle,2
2025-05-10T02:41:50Z,May,5,10,02:41:50,The Steps,HAIM,Women In Music Pt. III
2025-05-10T02:45:42Z,May,5,10,02:45:42,Mood Ring,Lorde,Solar Power
2025-05-10T02:48:14Z,May,5,10,02:48:14,Sympathy is a knife,Charli xcx,BRAT
2025-05-10T02:51:09Z,May,5,10,02:51:09,Don't Lie,The Chainsmokers,Don't Lie
2025-05-10T06:15:07Z,May,5,10,06:15:07,Talk talk featuring troye sivan,Charli xcx,Brat and it’s completely different but also still brat
2025-05-10T06:16:26Z,May,5,10,06:16:26,Rewind,Charli xcx,BRAT
2025-05-10T06:19:10Z,May,5,10,06:19:10,Apple,Charli xcx,BRAT
2025-05-10T06:22:23Z,May,5,10,06:22:23,Dade County Dreaming (feat. JT & Yung Miami),Camila Cabello,"C,XOXO"
2025-05-10T06:25:50Z,May,5,10,06:25:50,JUST LIKE WE NEVER SAID GOODBYE,SOPHIE,JUST LIKE WE NEVER SAID GOODBYE
2025-05-10T06:28:32Z,May,5,10,06:28:32,So Cynical (Badum),LE SSERAFIM,HOT
2025-05-10T06:31:24Z,May,5,10,06:31:24,anthems,Charli xcx,how i'm feeling now
2025-05-10T06:33:51Z,May,5,10,06:33:51,Love Ya Leave Ya,Kim Petras,Problématique
2025-05-10T06:35:45Z,May,5,10,06:35:45,If Jesus Was A Rockstar,Kim Petras,If Jesus Was A Rockstar
2025-05-10T06:36:39Z,May,5,10,06:36:39,Blue Strips,Jessie Murph,Blue Strips
2025-05-10T06:37:39Z,May,5,10,06:37:39,Gucci Mane,Jessie Murph,Gucci Mane
2025-05-10T06:55:04Z,May,5,10,06:55:04,Son of a Bitch,Jessie Murph,That Ain't No Man That's The Devil
2025-05-10T06:59:18Z,May,5,10,06:59:18,choke enough,Oklou,choke enough
2025-05-10T07:02:36Z,May,5,10,07:02:36,blade bird,Oklou,choke enough
2025-05-10T07:07:01Z,May,5,10,07:07:01,choke enough,Oklou,choke enough
2025-05-10T07:10:30Z,May,5,10,07:10:30,What Was That,Lorde,What Was That
2025-05-10T07:14:32Z,May,5,10,07:14:32,I'm Not Alone - 2009 Remaster,Calvin Harris,I'm Not Alone 2019
2025-05-10T07:16:03Z,May,5,10,07:16:03,Pogo,Digitalism,Idealism
2025-05-10T07:32:40Z,May,5,10,07:32:40,Amber,311,Greatest Hits '93 - '03
2025-05-10T07:36:16Z,May,5,10,07:36:16,What Was That,Lorde,What Was That
2025-05-10T07:40:02Z,May,5,10,07:40:02,I'm Not Alone - 2009 Remaster,Calvin Harris,I'm Not Alone 2019
2025-05-10T07:42:53Z,May,5,10,07:42:53,take it offff,horsegiirL,v.i.p. - very important pony
2025-05-10T07:47:12Z,May,5,10,07:47:12,"I Got It (feat. Brooke Candy, CupcakKe and Pabllo Vittar)",Charli xcx,Pop 2
2025-05-10T07:50:36Z,May,5,10,07:50:36,I'm a Slave 4 U,Britney Spears,Britney (Digital Deluxe Version)
2025-05-10T07:55:21Z,May,5,10,07:55:21,When I Grow Up,The Pussycat Dolls,Doll Domination
2025-05-12T16:54:01Z,May,5,12,16:54:01,Rapunzel (Kiki Solo Version),LISA,Alter Ego
2025-05-12T16:58:06Z,May,5,12,16:58:06,Amber,311,Greatest Hits '93 - '03
2025-05-12T17:01:24Z,May,5,12,17:01:24,blade bird,Oklou,choke enough
2025-05-12T17:05:24Z,May,5,12,17:05:24,choke enough,Oklou,choke enough
2025-05-12T17:08:54Z,May,5,12,17:08:54,What Was That,Lorde,What Was That
2025-05-12T18:26:59Z,May,5,12,18:26:59,take me by the hand,Oklou,choke enough
2025-05-12T18:32:15Z,May,5,12,18:32:15,I Know Alone,HAIM,Women In Music Pt. III
2025-05-12T18:37:19Z,May,5,12,18:37:19,The Steps,HAIM,Women In Music Pt. III
2025-05-12T18:40:34Z,May,5,12,18:40:34,So Cynical (Badum),LE SSERAFIM,HOT
2025-05-12T18:44:11Z,May,5,12,18:44:11,Ash,LE SSERAFIM,HOT
2025-05-12T19:00:57Z,May,5,12,19:00:57,Me Pregunto,Belanova,Gran Disco Mini Precio - Dulce Beat
2025-05-12T19:03:29Z,May,5,12,19:03:29,Me Pregunto,Belanova,Gran Disco Mini Precio - Dulce Beat
2025-05-12T22:54:58Z,May,5,12,22:54:58,Baila Mi Corazón,Belanova,Fantasía Pop
2025-05-12T22:58:36Z,May,5,12,22:58:36,What Was That,Lorde,What Was That
2025-05-13T01:40:35Z,May,5,13,01:40:35,choke enough,Oklou,choke enough
2025-05-13T01:46:19Z,May,5,13,01:46:19,blade bird,Oklou,choke enough
2025-05-13T01:50:53Z,May,5,13,01:50:53,When I Grow Up,The Pussycat Dolls,Doll Domination
2025-05-13T01:55:02Z,May,5,13,01:55:02,Down to be wrong,HAIM,Down to be wrong
2025-05-13T01:58:40Z,May,5,13,01:58:40,I'm Not Alone - 2009 Remaster,Calvin Harris,I'm Not Alone 2019
2025-05-13T02:02:10Z,May,5,13,02:02:10,What Was That,Lorde,What Was That
2025-05-13T02:06:50Z,May,5,13,02:06:50,"I Got It (feat. Brooke Candy, CupcakKe and Pabllo Vittar)",Charli xcx,Pop 2
2025-05-13T02:10:52Z,May,5,13,02:10:52,Womanizer,Britney Spears,Circus (Deluxe Version)
2025-05-13T02:14:45Z,May,5,13,02:14:45,Welcome To My Island,Caroline Polachek,"Desire, I Want To Turn Into You"
2025-05-13T02:17:58Z,May,5,13,02:17:58,Sugar Water Cyanide,Rebecca Black,Sugar Water Cyanide
2025-05-13T02:22:29Z,May,5,13,02:22:29,Galina,Allie X,Girl With No Face
2025-05-13T02:26:14Z,May,5,13,02:26:14,What Was That,Lorde,What Was That
2025-05-13T02:28:36Z,May,5,13,02:28:36,360 featuring robyn & yung lean,Charli xcx,Brat and it’s completely different but also still brat
2025-05-13T02:31:51Z,May,5,13,02:31:51,Homemade Dynamite,Lorde,Melodrama
2025-05-13T02:35:00Z,May,5,13,02:35:00,Supernatural,ITZY,GOLD
2025-05-13T02:38:54Z,May,5,13,02:38:54,Torn,Carlie Hanson,Wisconsin
2025-05-13T02:43:08Z,May,5,13,02:43:08,Unlock it (Lock It) - feat. Kim Petras and Jay Park,Charli xcx,Pop 2
2025-05-13T02:46:20Z,May,5,13,02:46:20,JUST LIKE WE NEVER SAID GOODBYE,SOPHIE,JUST LIKE WE NEVER SAID GOODBYE
2025-05-13T02:49:37Z,May,5,13,02:49:37,Roll the Dice,Toro Oro,Roll the Dice
2025-05-13T02:52:50Z,May,5,13,02:52:50,1999 - EASYFUN Remix,Charli xcx,1999
2025-05-13T02:57:18Z,May,5,13,02:57:18,Everything is romantic featuring caroline polachek,Charli xcx,Brat and it’s completely different but also still brat
2025-05-13T03:01:46Z,May,5,13,03:01:46,Thinking About You (feat. Ayah Marar),Calvin Harris,18 Months
2025-05-13T03:05:36Z,May,5,13,03:05:36,Secret (Shh),Charli xcx,Vroom Vroom EP
2025-05-13T03:09:02Z,May,5,13,03:09:02,HARD,SOPHIE,HARD
2025-05-13T03:12:40Z,May,5,13,03:12:40,blade bird,Oklou,choke enough
2025-05-13T03:16:55Z,May,5,13,03:16:55,Roll with Me,Charli xcx,Number 1 Angel
2025-05-13T03:20:05Z,May,5,13,03:20:05,Constant Repeat,Charli xcx,CRASH
2025-05-13T03:22:35Z,May,5,13,03:22:35,Xcxoplex (with Charli XCX),A. G. Cook,Apple vs. 7G
2025-05-13T03:23:41Z,May,5,13,03:23:41,Crush,Ethel Cain,Inbred
2025-05-13T03:27:56Z,May,5,13,03:27:56,Smart,LE SSERAFIM,EASY
2025-05-13T03:32:54Z,May,5,13,03:32:54,xXXi_wud_nvrstøp_ÜXXx (Remix) [feat. Tommy Cash & Hannah Diamond],100 gecs,1000 gecs and The Tree of Clues
2025-05-13T03:37:30Z,May,5,13,03:37:30,Take Yourself Home,Troye Sivan,In A Dream
2025-05-13T14:14:05Z,May,5,13,14:14:05,Don't Lie,The Chainsmokers,Don't Lie
2025-05-13T14:16:58Z,May,5,13,14:16:58,Gnarly,KATSEYE,Gnarly
2025-05-13T14:19:40Z,May,5,13,14:19:40,Sorry if I Hurt You,Charli xcx,CRASH
2025-05-13T17:04:19Z,May,5,13,17:04:19,blade bird,Oklou,choke enough
2025-05-13T17:08:08Z,May,5,13,17:08:08,I'm Not Alone - 2009 Remaster,Calvin Harris,I'm Not Alone 2019
2025-05-13T17:11:38Z,May,5,13,17:11:38,What Was That,Lorde,What Was That
2025-05-13T17:15:46Z,May,5,13,17:15:46,The Steps,HAIM,Women In Music Pt. III
2025-05-13T17:19:54Z,May,5,13,17:19:54,Headphones On,Addison Rae,Headphones On
2025-05-13T17:22:11Z,May,5,13,17:22:11,Mantra,JENNIE,Mantra
2025-05-14T02:05:43Z,May,5,14,02:05:43,blade bird,Oklou,choke enough
2025-05-14T02:08:12Z,May,5,14,02:08:12,choke enough,Oklou,choke enough
2025-05-14T02:10:29Z,May,5,14,02:10:29,Television,f5ve,SEQUENCE 01
2025-05-14T02:13:21Z,May,5,14,02:13:21,Bed Chem,Sabrina Carpenter,Short n' Sweet
2025-05-14T02:16:10Z,May,5,14,02:16:10,Sugar Free Venom feat. Kesha,f5ve,SEQUENCE 01
2025-05-14T02:18:53Z,May,5,14,02:18:53,Bluest Flame,Selena Gomez,I Said I Love You First
2025-05-14T02:21:11Z,May,5,14,02:21:11,Gnarly,KATSEYE,Gnarly
2025-05-14T02:24:09Z,May,5,14,02:24:09,Love Language,TOMORROW X TOGETHER,Love Language
2025-05-14T02:27:59Z,May,5,14,02:27:59,Bass Down Low,DEV,Bass Down Low
2025-05-14T02:32:25Z,May,5,14,02:32:25,The Steps,HAIM,Women In Music Pt. III
2025-05-14T02:36:52Z,May,5,14,02:36:52,Change Your Ticket,One Direction,FOUR
2025-05-14T02:44:38Z,May,5,14,02:44:38,What Was That,Lorde,What Was That
2025-05-14T02:48:44Z,May,5,14,02:48:44,E-mail more,Tommy february6,Lonely in Gorgeous
2025-05-14T02:52:54Z,May,5,14,02:52:54,Down to be wrong,HAIM,Down to be wrong
2025-05-14T02:56:55Z,May,5,14,02:56:55,Headphones On,Addison Rae,Headphones On
2025-05-14T02:59:12Z,May,5,14,02:59:12,Mantra,JENNIE,Mantra
2025-05-14T06:01:46Z,May,5,14,06:01:46,blade bird,Oklou,choke enough
2025-05-14T06:05:46Z,May,5,14,06:05:46,choke enough,Oklou,choke enough
2025-05-14T06:09:08Z,May,5,14,06:09:08,Illegal,PinkPantheress,Fancy That
2025-05-14T06:11:34Z,May,5,14,06:11:34,Girl Like Me,PinkPantheress,Fancy That
2025-05-14T06:14:29Z,May,5,14,06:14:29,Tonight,PinkPantheress,Fancy That
2025-05-14T06:16:50Z,May,5,14,06:16:50,Stars,PinkPantheress,Fancy That
2025-05-14T06:19:00Z,May,5,14,06:19:00,Noises,PinkPantheress,Fancy That
2025-05-14T06:21:50Z,May,5,14,06:21:50,Nice to Know You,PinkPantheress,Fancy That
2025-05-14T06:24:38Z,May,5,14,06:24:38,Stateside,PinkPantheress,Fancy That
2025-05-14T06:27:12Z,May,5,14,06:27:12,Romeo,PinkPantheress,Fancy That
2025-05-14T06:31:03Z,May,5,14,06:31:03,Constant Repeat,Charli xcx,CRASH
2025-05-14T06:35:34Z,May,5,14,06:35:34,Tears (feat. Caroline Polachek),Charli xcx,Pop 2
2025-05-14T06:38:32Z,May,5,14,06:38:32,B.O.A.T.,Camila Cabello,"C,XOXO"
2025-05-14T06:40:13Z,May,5,14,06:40:13,Gasoline,Troye Sivan,TRXYE
2025-05-14T06:44:08Z,May,5,14,06:44:08,Easy,Troye Sivan,In A Dream
2025-05-14T06:47:52Z,May,5,14,06:47:52,Hillside Boys,Kim Petras,Hillside Boys
2025-05-14T06:52:11Z,May,5,14,06:52:11,Maroon,Taylor Swift,Midnights
2025-05-14T06:57:05Z,May,5,14,06:57:05,Warm (feat. HAIM),Charli xcx,Charli
2025-05-14T06:58:47Z,May,5,14,06:58:47,Sympathy is a knife featuring ariana grande,Charli xcx,Brat and it’s completely different but also still brat
2025-05-14T07:01:17Z,May,5,14,07:01:17,Sympathy is a knife,Charli xcx,BRAT
2025-05-14T07:06:03Z,May,5,14,07:06:03,"I Got It (feat. Brooke Candy, CupcakKe and Pabllo Vittar)",Charli xcx,Pop 2
2025-05-14T07:10:42Z,May,5,14,07:10:42,Diet Pepsi,Addison Rae,Aquamarine
2025-05-14T07:14:05Z,May,5,14,07:14:05,"Girl, so confusing",Charli xcx,BRAT
2025-05-14T07:17:32Z,May,5,14,07:17:32,"Girl, so confusing featuring lorde",Charli xcx,Brat and it’s completely different but also still brat
2025-05-14T07:21:40Z,May,5,14,07:21:40,Paradise (feat. Hannah Diamond),Charli xcx,Vroom Vroom EP
2025-05-14T07:24:34Z,May,5,14,07:24:34,Roll Up,BLACKSWAN,Roll Up
2025-05-14T07:29:05Z,May,5,14,07:29:05,Hold The Girl,Rina Sawayama,Hold The Girl
2025-05-14T07:33:07Z,May,5,14,07:33:07,Emotional,Charli xcx,Number 1 Angel
2025-05-14T07:35:10Z,May,5,14,07:35:10,Jealous,Lennon Stella,Three. Two. One.
2025-05-14T07:40:07Z,May,5,14,07:40:07,What Was That,Lorde,What Was That
2025-05-14T07:44:24Z,May,5,14,07:44:24,Bigger Than The Whole Sky,Taylor Swift,Midnights
2025-05-14T08:04:50Z,May,5,14,08:04:50,Next Level Charli,Charli xcx,Charli
2025-05-14T18:49:43Z,May,5,14,18:49:43,Apple featuring the japanese house,Charli xcx,Brat and it’s completely different but also still brat
2025-05-14T18:53:13Z,May,5,14,18:53:13,blade bird,Oklou,choke enough
2025-05-14T18:56:58Z,May,5,14,18:56:58,What Was That,Lorde,What Was That
2025-05-14T19:01:24Z,May,5,14,19:01:24,Stars,PinkPantheress,Fancy That
2025-05-15T03:13:54Z,May,5,15,03:13:54,Nice to Know You,PinkPantheress,Fancy That
2025-05-15T03:16:36Z,May,5,15,03:16:36,Stars,PinkPantheress,Fancy That
2025-05-15T03:51:33Z,May,5,15,03:51:33,What Was That,Lorde,What Was That
2025-05-15T03:53:39Z,May,5,15,03:53:39,you'll come back,jigitz,don't come back
2025-05-15T03:56:10Z,May,5,15,03:56:10,CUUUUuuuuuute,ROSALÍA,MOTOMAMI
2025-05-15T04:00:10Z,May,5,15,04:00:10,Headphones On,Addison Rae,Headphones On
2025-05-15T04:03:23Z,May,5,15,04:03:23,You Said You Were Sorry,Selena Gomez,I Said I Love You First
2025-05-15T04:06:30Z,May,5,15,04:06:30,Busy Woman,Sabrina Carpenter,Short n' Sweet
2025-05-15T04:08:40Z,May,5,15,04:08:40,360 featuring robyn & yung lean,Charli xcx,Brat and it’s completely different but also still brat
2025-05-15T04:11:51Z,May,5,15,04:11:51,Hugs & Kisses,JISOO,AMORTAGE
2025-05-15T04:14:56Z,May,5,15,04:14:56,Good Graces,Sabrina Carpenter,Short n' Sweet
2025-05-15T04:17:40Z,May,5,15,04:17:40,Bluest Flame,Selena Gomez,I Said I Love You First
2025-05-15T04:20:16Z,May,5,15,04:20:16,So Cynical (Badum),LE SSERAFIM,HOT
2025-05-15T04:22:34Z,May,5,15,04:22:34,Come Over,LE SSERAFIM,HOT
2025-05-15T04:25:51Z,May,5,15,04:25:51,Ash,LE SSERAFIM,HOT
2025-05-15T18:42:29Z,May,5,15,18:42:29,Thinking Of You,Katy Perry,One Of The Boys
2025-05-15T18:46:01Z,May,5,15,18:46:01,Amber,311,Greatest Hits '93 - '03
2025-05-15T18:49:30Z,May,5,15,18:49:30,What Was That,Lorde,What Was That
2025-05-15T18:55:00Z,May,5,15,18:55:00,Bluest Flame,Selena Gomez,I Said I Love You First
2025-05-15T18:56:31Z,May,5,15,18:56:31,So Cynical (Badum),LE SSERAFIM,HOT
2025-05-15T21:21:49Z,May,5,15,21:21:49,Tell me I never knew that,caroline,Tell me I never knew that
2025-05-15T23:05:16Z,May,5,15,23:05:16,Thinking Of You,Katy Perry,One Of The Boys
2025-05-15T23:08:34Z,May,5,15,23:08:34,blade bird,Oklou,choke enough
2025-05-15T23:15:30Z,May,5,15,23:15:30,choke enough,Oklou,choke enough
2025-05-15T23:18:42Z,May,5,15,23:18:42,Drums of Death,FKA twigs,EUSEXUA
2025-05-15T23:22:00Z,May,5,15,23:22:00,Perfect Stranger,FKA twigs,EUSEXUA
2025-05-15T23:25:21Z,May,5,15,23:25:21,earthquake,JISOO,AMORTAGE
2025-05-15T23:29:30Z,May,5,15,23:29:30,Down to be wrong,HAIM,Down to be wrong
2025-05-15T23:33:07Z,May,5,15,23:33:07,I'm Not Alone - 2009 Remaster,Calvin Harris,I'm Not Alone 2019
2025-05-15T23:36:37Z,May,5,15,23:36:37,What Was That,Lorde,What Was That
2025-05-15T23:39:14Z,May,5,15,23:39:14,Headphones On,Addison Rae,Headphones On
2025-05-15T23:42:31Z,May,5,15,23:42:31,High Fashion,Addison Rae,High Fashion
2025-05-15T23:45:14Z,May,5,15,23:45:14,Aquamarine,Addison Rae,Aquamarine
2025-05-15T23:48:17Z,May,5,15,23:48:17,Diet Pepsi,Addison Rae,Diet Pepsi
2025-05-15T23:50:50Z,May,5,15,23:50:50,Club classics,Charli xcx,BRAT
2025-05-15T23:53:21Z,May,5,15,23:53:21,Sympathy is a knife,Charli xcx,BRAT
2025-05-15T23:56:53Z,May,5,15,23:56:53,Everything is romantic,Charli xcx,BRAT
2025-05-15T23:59:56Z,May,5,15,23:59:56,"Girl, so confusing",Charli xcx,BRAT
2025-05-16T00:02:27Z,May,5,16,00:02:27,Apple,Charli xcx,BRAT
2025-05-16T00:05:26Z,May,5,16,00:05:26,B2b,Charli xcx,BRAT
2025-05-16T00:07:44Z,May,5,16,00:07:44,I think about it all the time,Charli xcx,BRAT
2025-05-16T00:11:08Z,May,5,16,00:11:08,365,Charli xcx,BRAT
2025-05-16T00:15:00Z,May,5,16,00:15:00,"I Got It (feat. Brooke Candy, CupcakKe and Pabllo Vittar)",Charli xcx,Pop 2
2025-05-16T00:19:01Z,May,5,16,00:19:01,detonate,Charli xcx,how i'm feeling now
2025-05-16T00:21:35Z,May,5,16,00:21:35,February 2017 (feat. Clairo and Yaeji),Charli xcx,Charli
2025-05-16T00:34:44Z,May,5,16,00:34:44,Dang,Caroline Polachek,"Desire, I Want To Turn Into You: Everasking Edition"
2025-05-16T00:38:32Z,May,5,16,00:38:32,Beautiful,A. G. Cook,"PC Music, Vol. 1"
2025-05-16T00:42:55Z,May,5,16,00:42:55,how2fly,ISOxo,kidsgonemad!
2025-05-16T00:47:10Z,May,5,16,00:47:10,I might say something stupid featuring the 1975 & jon hopkins,Charli xcx,Brat and it’s completely different but also still brat
2025-05-16T00:49:22Z,May,5,16,00:49:22,2 die 4 (feat. Charli XCX),Addison Rae,AR
2025-05-16T00:54:20Z,May,5,16,00:54:20,Paper Gangsta,Lady Gaga,The Fame
2025-05-16T00:57:49Z,May,5,16,00:57:49,Paparazzi,Lady Gaga,The Fame
2025-05-16T01:00:46Z,May,5,16,01:00:46,Rockstar,LISA,Rockstar
2025-05-16T01:05:57Z,May,5,16,01:05:57,party 4 u,Charli xcx,how i'm feeling now
2025-05-16T01:09:12Z,May,5,16,01:09:12,Aquamarine / Arcamarine,Addison Rae,Aquamarine / Arcamarine
2025-05-16T01:12:53Z,May,5,16,01:12:53,Puta,Arca,Puta / Sola
2025-05-16T01:16:00Z,May,5,16,01:16:00,Sola,Arca,Puta / Sola
2025-05-16T01:20:24Z,May,5,16,01:20:24,Hugs & Kisses,JISOO,AMORTAGE
2025-05-16T01:24:01Z,May,5,16,01:24:01,Pretty In Possible,Caroline Polachek,"Desire, I Want To Turn Into You"
2025-05-16T01:28:08Z,May,5,16,01:28:08,Masquerade,Nicki Minaj,Pink Friday ... Roman Reloaded
2025-05-16T01:33:38Z,May,5,16,01:33:38,Kids,MGMT,Oracular Spectacular
2025-05-16T01:37:34Z,May,5,16,01:37:34,Psycho,Red Velvet,‘The ReVe Festival’ Finale
2025-05-16T01:41:05Z,May,5,16,01:41:05,Wind It Up,Gwen Stefani,The Sweet Escape
2025-05-16T01:46:25Z,May,5,16,01:46:25,I like u (Extended),Tove Lo,I like u (Remixes)
2025-05-16T01:51:13Z,May,5,16,01:51:13,Exhilarate (feat. Bibi Bourelly),SOPHIE,Exhilarate (feat. Bibi Bourelly)
2025-05-16T01:55:11Z,May,5,16,01:55:11,What Was That,Lorde,What Was That
2025-05-16T01:58:58Z,May,5,16,01:58:58,ALIEN SUPERSTAR,Beyoncé,RENAISSANCE
2025-05-16T01:59:58Z,May,5,16,01:59:58,Don't Say Love,Leigh-Anne,Don't Say Love
2025-05-16T02:03:30Z,May,5,16,02:03:30,Piece of Me,Britney Spears,Blackout
2025-05-16T02:06:49Z,May,5,16,02:06:49,Yeah Yeah Yeah,BLACKPINK,BORN PINK
2025-05-16T02:09:50Z,May,5,16,02:09:50,IS THIS LOVE,XG,AWE
2025-05-16T02:13:08Z,May,5,16,02:13:08,New Woman (feat. ROSALÍA),LISA,New Woman (feat. ROSALÍA)
2025-05-16T02:15:19Z,May,5,16,02:15:19,take it offff,horsegiirL,v.i.p. - very important pony
2025-05-16T02:17:57Z,May,5,16,02:17:57,WHAT I WANT,ITZY,CHECKMATE
2025-05-16T02:21:52Z,May,5,16,02:21:52,FOREVER,BABYMONSTER,DRIP
2025-05-16T02:25:45Z,May,5,16,02:25:45,Click (feat. Kim Petras and Tommy Cash),Charli xcx,Charli
2025-05-16T02:27:27Z,May,5,16,02:27:27,Cubana,Kim Petras,Slut Pop Miami
2025-05-16T02:32:49Z,May,5,16,02:32:49,I Know Alone,HAIM,Women In Music Pt. III
2025-05-16T02:36:11Z,May,5,16,02:36:11,Roll with Me,Charli xcx,Number 1 Angel
2025-05-16T02:40:54Z,May,5,16,02:40:54,Candy Man,Mary Jane Girls,Mary Jane Girls
2025-05-16T02:44:54Z,May,5,16,02:44:54,choke enough,Oklou,choke enough
2025-05-16T02:48:09Z,May,5,16,02:48:09,Roll Up,BLACKSWAN,Roll Up
2025-05-16T02:50:53Z,May,5,16,02:50:53,Busy Girl,Tove Lo,HEAT
2025-05-16T05:43:27Z,May,5,16,05:43:27,Nothing More to Say - Vox,SOPHIE,Nothing More to Say
2025-05-16T05:49:08Z,May,5,16,05:49:08,Sola,Arca,Puta / Sola
2025-05-16T05:55:30Z,May,5,16,05:55:30,Air,YEJI,AIR
2025-05-16T05:58:44Z,May,5,16,05:58:44,258,YEJI,AIR
2025-05-16T06:02:11Z,May,5,16,06:02:11,Ash,LE SSERAFIM,HOT
2025-05-16T06:06:20Z,May,5,16,06:06:20,Walking Away,HAIM,Something to Tell You
2025-05-16T06:10:38Z,May,5,16,06:10:38,Something To Tell You,HAIM,Something to Tell You
2025-05-16T06:18:04Z,May,5,16,06:18:04,I Know Alone,HAIM,Women In Music Pt. III
2025-05-16T06:21:25Z,May,5,16,06:21:25,Bills,ENHYPEN,DARK BLOOD
2025-05-16T06:23:46Z,May,5,16,06:23:46,Stars,PinkPantheress,Fancy That
2025-05-16T06:26:42Z,May,5,16,06:26:42,Come Over (Hyperpop Remix),LE SSERAFIM,Come Over (Remixes)
2025-05-16T06:28:56Z,May,5,16,06:28:56,Talk,Selena Gomez,I Said I Love You First... And You Said It Back
2025-05-16T06:32:18Z,May,5,16,06:32:18,Ojos Tristes (with The Marías),Selena Gomez,I Said I Love You First
2025-05-16T06:35:06Z,May,5,16,06:35:06,Sunset Blvd,Selena Gomez,I Said I Love You First
2025-05-16T18:38:51Z,May,5,16,18:38:51,You Said You Were Sorry,Selena Gomez,I Said I Love You First
2025-05-16T20:09:21Z,May,5,16,20:09:21,You Said You Were Sorry,Selena Gomez,I Said I Love You First
2025-05-16T20:12:10Z,May,5,16,20:12:10,Boom Clap,Charli xcx,SUCKER
2025-05-16T20:14:28Z,May,5,16,20:14:28,Gnarly,KATSEYE,Gnarly
2025-05-16T20:17:26Z,May,5,16,20:17:26,Love Language,TOMORROW X TOGETHER,Love Language
2025-05-16T20:19:36Z,May,5,16,20:19:36,Hot In It (feat. Charli XCX),Tiësto,Hot In It (Tiësto’s Hotter Mix)
2025-05-16T20:41:10Z,May,5,16,20:41:10,Hot Girl (Bodies Bodies Bodies),Charli xcx,Hot Girl (Bodies Bodies Bodies)
2025-05-16T20:44:29Z,May,5,16,20:44:29,twilight zone,Ariana Grande,eternal sunshine deluxe: brighter days ahead
2025-05-16T20:58:36Z,May,5,16,20:58:36,Welcome To My Island - George Daniel & Charli XCX Remix,Caroline Polachek,Welcome To My Island
2025-05-16T21:01:45Z,May,5,16,21:01:45,Sola,Arca,Puta / Sola
2025-05-16T21:05:59Z,May,5,16,21:05:59,Sick To My Stomach,Rebecca Black,Let Her Burn
2025-05-16T23:04:24Z,May,5,16,23:04:24,Destroy Me,Rebecca Black,Let Her Burn
2025-05-16T23:07:39Z,May,5,16,23:07:39,WOKE UP,XG,WOKE UP
2025-05-16T23:09:29Z,May,5,16,23:09:29,New Jeans,NewJeans,NewJeans 'Super Shy'
2025-05-16T23:12:49Z,May,5,16,23:12:49,Girls in Line for the Bathroom,Carlie Hanson,Tough Boy
2025-05-16T23:16:24Z,May,5,16,23:16:24,"yes, and?",Ariana Grande,"yes, and?"
2025-05-16T23:20:10Z,May,5,16,23:20:10,Beside You,5 Seconds of Summer,Somewhere New
2025-05-16T23:24:37Z,May,5,16,23:24:37,Change Your Ticket,One Direction,FOUR
2025-05-16T23:27:31Z,May,5,16,23:27:31,don't wanna break up again,Ariana Grande,eternal sunshine
2025-05-16T23:30:34Z,May,5,16,23:30:34,Starving,Hailee Steinfeld,Starving
2025-05-16T23:32:24Z,May,5,16,23:32:24,Nice to Know Ya,Carlie Hanson,Tough Boy
2025-05-17T00:14:42Z,May,5,17,00:14:42,Future Starts Now,Kim Petras,Future Starts Now
2025-05-17T03:26:11Z,May,5,17,03:26:11,Gnarly,KATSEYE,Gnarly
2025-05-17T03:29:37Z,May,5,17,03:29:37,Waking Up In Vegas,Katy Perry,One Of The Boys
2025-05-17T03:33:08Z,May,5,17,03:33:08,Much Too Much,Lennon Stella,Three. Two. One.
2025-05-17T03:36:31Z,May,5,17,03:36:31,Slipping Away,BEAUTY SCHOOL DROPOUT,BOYS DO CRY
2025-05-17T03:39:23Z,May,5,17,03:39:23,Rush (feat. PinkPantheress & Hyunjin of Stray Kids),Troye Sivan,Rush (feat. PinkPantheress & Hyunjin of Stray Kids)
2025-05-17T03:41:33Z,May,5,17,03:41:33,Stuttering,Jack & Jack,Stuttering
2025-05-17T03:46:01Z,May,5,17,03:46:01,Wrong One,Jack & Jack,Calibraska
2025-05-17T03:49:16Z,May,5,17,03:49:16,Rise,Jonas Blue,Blue
2025-05-17T05:58:57Z,May,5,17,05:58:57,Lotta Love,Jack & Jack,A Good Friend Is Nice
2025-05-17T06:02:34Z,May,5,17,06:02:34,All Weekend Long,Jack & Jack,All Weekend Long
2025-05-17T06:06:02Z,May,5,17,06:06:02,Last Thing,Jack & Jack,GONE
2025-05-17T06:09:14Z,May,5,17,06:09:14,How We Livin,Jack & Jack,Calibraska
2025-05-18T20:32:30Z,May,5,18,20:32:30,DEAD RIGHT NOW,Lil Nas X,MONTERO
2025-05-18T20:35:50Z,May,5,18,20:35:50,Sola,Arca,Puta / Sola
2025-05-18T20:41:00Z,May,5,18,20:41:00,What Was That,Lorde,What Was That
2025-05-18T22:23:32Z,May,5,18,22:23:32,Starstruck,Lady Gaga,The Fame
2025-05-18T22:26:56Z,May,5,18,22:26:56,Hugs & Kisses,JISOO,AMORTAGE
2025-05-18T22:32:42Z,May,5,18,22:32:42,anthems,Charli xcx,how i'm feeling now
2025-05-18T22:36:19Z,May,5,18,22:36:19,Hot as Ice,Britney Spears,Blackout
2025-05-18T22:38:36Z,May,5,18,22:38:36,Good Ones,Charli xcx,CRASH
2025-05-18T22:43:16Z,May,5,18,22:43:16,Warm (feat. HAIM),Charli xcx,Charli
2025-05-18T22:46:32Z,May,5,18,22:46:32,Tears In My Pocket,Rebecca Black,SALVATION
2025-05-18T22:49:13Z,May,5,18,22:49:13,2 die 4 (feat. Charli XCX),Addison Rae,AR
2025-05-18T22:52:55Z,May,5,18,22:52:55,I'm Not Alone - 2009 Remaster,Calvin Harris,I'm Not Alone 2019
2025-05-18T22:55:42Z,May,5,18,22:55:42,Diet Pepsi,Addison Rae,Aquamarine
2025-05-18T23:00:15Z,May,5,18,23:00:15,Mantra,JENNIE,Mantra
2025-05-18T23:02:29Z,May,5,18,23:02:29,Magic Clock,f5ve,Magic Clock
2025-05-18T23:07:00Z,May,5,18,23:07:00,Click (feat. Kim Petras and Slayyyter) [No Boys Remix],Charli xcx,Click (feat. Kim Petras and Slayyyter) [No Boys Remix]
2025-05-18T23:18:31Z,May,5,18,23:18:31,"1,2,3 dayz up",Kim Petras,"1,2,3 dayz up"
2025-05-18T23:47:03Z,May,5,18,23:47:03,Roll the Dice,Toro Oro,Roll the Dice
2025-05-18T23:50:33Z,May,5,18,23:50:33,What Was That,Lorde,What Was That
2025-05-19T00:00:10Z,May,5,19,00:00:10,The Path,Lorde,Solar Power
2025-05-19T00:04:05Z,May,5,19,00:04:05,Lipgloss (feat. CupcakKe),Charli xcx,Number 1 Angel
2025-05-19T06:12:32Z,May,5,19,06:12:32,Aphrodite,Phèdre,Phèdre
2025-05-19T06:16:27Z,May,5,19,06:16:27,California,Lorde,Solar Power
2025-05-19T06:19:37Z,May,5,19,06:19:37,Icy,Kim Petras,Clarity
2025-05-19T06:24:09Z,May,5,19,06:24:09,Galina,Allie X,Girl With No Face
2025-05-19T06:27:08Z,May,5,19,06:27:08,Gnarly,KATSEYE,Gnarly
2025-05-19T06:31:07Z,May,5,19,06:31:07,Till the World Ends,Britney Spears,Femme Fatale (Deluxe Version)
2025-05-19T06:35:12Z,May,5,19,06:35:12,Perfect Places,Lorde,Melodrama
2025-05-19T06:39:16Z,May,5,19,06:39:16,Lost,Frank Ocean,channel ORANGE
2025-05-19T06:44:12Z,May,5,19,06:44:12,Heart to Break,Kim Petras,Heart to Break
2025-05-19T06:48:09Z,May,5,19,06:48:09,Out of My Head (feat. Tove Lo and ALMA),Charli xcx,Pop 2
2025-05-19T06:50:53Z,May,5,19,06:50:53,favorite crime,Olivia Rodrigo,SOUR
2025-05-19T06:55:08Z,May,5,19,06:55:08,Paradise (feat. Hannah Diamond),Charli xcx,Vroom Vroom EP
2025-05-19T06:59:31Z,May,5,19,06:59:31,I Really Like You,Carly Rae Jepsen,Emotion
2025-05-19T07:03:04Z,May,5,19,07:03:04,Thoughts,Charli xcx,Charli
2025-05-19T07:07:13Z,May,5,19,07:07:13,Backseat (feat. Carly Rae Jepsen),Charli xcx,Pop 2
2025-05-19T07:11:36Z,May,5,19,07:11:36,I Believe,Caroline Polachek,"Desire, I Want To Turn Into You"
2025-05-19T07:15:28Z,May,5,19,07:15:28,Girls Night Out,Charli xcx,Girls Night Out
2025-05-19T07:19:34Z,May,5,19,07:19:34,Get Back,Britney Spears,Blackout
2025-05-19T07:22:25Z,May,5,19,07:22:25,Apple featuring the japanese house,Charli xcx,Brat and it’s completely different but also still brat
2025-05-19T07:27:54Z,May,5,19,07:27:54,Dress You Up,Madonna,Like a Virgin
2025-05-19T07:33:03Z,May,5,19,07:33:03,Drowned World / Substitute for Love,Madonna,Ray of Light
2025-05-19T07:38:04Z,May,5,19,07:38:04,Swim,Madonna,Ray of Light
2025-05-19T07:43:26Z,May,5,19,07:43:26,Ray of Light,Madonna,Ray of Light
2025-05-19T07:48:02Z,May,5,19,07:48:02,Candy Perfume Girl,Madonna,Ray of Light
2025-05-19T20:37:49Z,May,5,19,20:37:49,Skin,Madonna,Ray of Light
2025-05-19T20:42:12Z,May,5,19,20:42:12,Skin,Madonna,Ray of Light
2025-05-19T20:45:23Z,May,5,19,20:45:23,Sola,Arca,Puta / Sola
2025-05-19T20:56:13Z,May,5,19,20:56:13,What Was That,Lorde,What Was That
2025-05-21T18:10:28Z,May,5,21,18:10:28,Change Your Ticket,One Direction,FOUR
2025-05-21T18:14:06Z,May,5,21,18:14:06,What Was That,Lorde,What Was That
2025-05-21T18:18:17Z,May,5,21,18:18:17,I'm Not Alone - 2009 Remaster,Calvin Harris,I'm Not Alone 2019
2025-05-21T18:23:12Z,May,5,21,18:23:12,choke enough,Oklou,choke enough
2025-05-21T19:38:00Z,May,5,21,19:38:00,"I Got It (feat. Brooke Candy, CupcakKe and Pabllo Vittar)",Charli xcx,Pop 2
2025-05-21T19:42:18Z,May,5,21,19:42:18,"I Got It (feat. Brooke Candy, CupcakKe and Pabllo Vittar)",Charli xcx,Pop 2
2025-05-21T19:47:30Z,May,5,21,19:47:30,Out of My Head (feat. Tove Lo and ALMA),Charli xcx,Pop 2
2025-05-22T05:23:32Z,May,5,22,05:23:32,What Was That,Lorde,What Was That
2025-05-22T05:27:45Z,May,5,22,05:27:45,Work,P1Harmony,DUH!
2025-05-22T06:28:05Z,May,5,22,06:28:05,What Was That,Lorde,What Was That
2025-05-22T06:32:33Z,May,5,22,06:32:33,Out of My Head (feat. Tove Lo and ALMA),Charli xcx,Pop 2
2025-05-22T06:35:42Z,May,5,22,06:35:42,Sola,Arca,Puta / Sola
2025-05-22T06:39:49Z,May,5,22,06:39:49,Thinking Of You,Katy Perry,One Of The Boys
2025-05-22T06:43:20Z,May,5,22,06:43:20,Amber,311,Greatest Hits '93 - '03
2025-05-22T06:49:38Z,May,5,22,06:49:38,Duele El Amor,Aleks Syntek,Mundo Lite
2025-05-22T06:53:49Z,May,5,22,06:53:49,Down to be wrong,HAIM,Down to be wrong
2025-05-22T06:57:26Z,May,5,22,06:57:26,I'm Not Alone - 2009 Remaster,Calvin Harris,I'm Not Alone 2019
2025-05-22T07:05:26Z,May,5,22,07:05:26,360 featuring robyn & yung lean,Charli xcx,Brat and it’s completely different but also still brat
2025-05-22T07:08:36Z,May,5,22,07:08:36,Hugs & Kisses,JISOO,AMORTAGE
2025-05-22T07:37:18Z,May,5,22,07:37:18,Underground,f5ve,SEQUENCE 01
2025-05-22T07:38:20Z,May,5,22,07:38:20,Firetruck,f5ve,SEQUENCE 01
2025-05-22T07:40:27Z,May,5,22,07:40:27,Lettuce,f5ve,SEQUENCE 01
2025-05-22T07:43:15Z,May,5,22,07:43:15,Sugar Free Venom feat. Kesha,f5ve,SEQUENCE 01
2025-05-22T07:45:38Z,May,5,22,07:45:38,Underground,f5ve,SEQUENCE 01
2025-05-22T07:47:55Z,May,5,22,07:47:55,Television,f5ve,SEQUENCE 01
2025-05-22T07:51:01Z,May,5,22,07:51:01,UFO,f5ve,SEQUENCE 01
2025-05-22T07:54:34Z,May,5,22,07:54:34,Jump,f5ve,SEQUENCE 01
2025-05-22T07:57:04Z,May,5,22,07:57:04,Underground,f5ve,SEQUENCE 01
2025-05-22T08:16:42Z,May,5,22,08:16:42,Good Thing,i-dle,We are
2025-05-22T08:20:17Z,May,5,22,08:20:17,Underground,f5ve,SEQUENCE 01
2025-05-22T08:23:50Z,May,5,22,08:23:50,Work,P1Harmony,DUH!
2025-05-22T08:27:20Z,May,5,22,08:27:20,What Was That,Lorde,What Was That
2025-05-22T18:58:49Z,May,5,22,18:58:49,Underground,f5ve,SEQUENCE 01
2025-05-22T21:30:48Z,May,5,22,21:30:48,Underground,f5ve,SEQUENCE 01
2025-05-22T21:34:21Z,May,5,22,21:34:21,Work,P1Harmony,DUH!
2025-05-22T21:39:44Z,May,5,22,21:39:44,What Was That,Lorde,What Was That
2025-05-22T21:43:24Z,May,5,22,21:43:24,Sola,Arca,Puta / Sola
2025-05-22T21:47:30Z,May,5,22,21:47:30,choke enough,Oklou,choke enough
2025-05-22T21:54:37Z,May,5,22,21:54:37,Out of My Head (feat. Tove Lo and ALMA),Charli xcx,Pop 2
2025-05-22T22:01:12Z,May,5,22,22:01:12,Delicious (feat. Tommy Cash),Charli xcx,Pop 2
2025-05-22T22:03:35Z,May,5,22,22:03:35,Underground,f5ve,SEQUENCE 01
2025-05-22T22:07:19Z,May,5,22,22:07:19,I'm Not Alone - 2009 Remaster,Calvin Harris,I'm Not Alone 2019
2025-05-23T00:36:24Z,May,5,23,00:36:24,you'll come back,jigitz,don't come back
2025-05-23T00:38:55Z,May,5,23,00:38:55,CUUUUuuuuuute,ROSALÍA,MOTOMAMI
2025-05-23T00:42:56Z,May,5,23,00:42:56,Headphones On,Addison Rae,Headphones On
2025-05-23T00:45:13Z,May,5,23,00:45:13,Mantra,JENNIE,Mantra
2025-05-23T00:47:58Z,May,5,23,00:47:58,Underground,f5ve,SEQUENCE 01
2025-05-23T00:51:23Z,May,5,23,00:51:23,Jump,f5ve,SEQUENCE 01
2025-05-23T00:54:57Z,May,5,23,00:54:57,Work,P1Harmony,DUH!
2025-05-23T00:58:26Z,May,5,23,00:58:26,What Was That,Lorde,What Was That
2025-05-23T01:01:54Z,May,5,23,01:01:54,Sola,Arca,Puta / Sola
2025-05-23T01:05:59Z,May,5,23,01:05:59,When I Grow Up,The Pussycat Dolls,Doll Domination
2025-05-23T01:10:09Z,May,5,23,01:10:09,Down to be wrong,HAIM,Down to be wrong
2025-05-23T01:14:50Z,May,5,23,01:14:50,L’AMOUR DE MA VIE [OVER NOW EXTENDED EDIT],Billie Eilish,L’AMOUR DE MA VIE [OVER NOW EXTENDED EDIT]
2025-05-23T01:18:49Z,May,5,23,01:18:49,Dreamer - Compound Version,Charli xcx,Number 1 Angel
2025-05-23T01:23:42Z,May,5,23,01:23:42,Eeehhh,SOPHIE,Nothing More to Say
2025-05-23T01:29:34Z,May,5,23,01:29:34,Nothing More to Say - Vox,SOPHIE,Nothing More to Say
2025-05-23T01:35:17Z,May,5,23,01:35:17,E-mail more,Tommy february6,Lonely in Gorgeous
2025-05-23T01:38:12Z,May,5,23,01:38:12,Club classics featuring bb trickz,Charli xcx,Brat and it’s completely different but also still brat
2025-05-23T01:39:34Z,May,5,23,01:39:34,Lost,Frank Ocean,channel ORANGE
2025-05-23T01:42:05Z,May,5,23,01:42:05,claws,Charli xcx,how i'm feeling now
2025-05-23T01:44:52Z,May,5,23,01:44:52,take it offff,horsegiirL,v.i.p. - very important pony
2025-05-23T01:53:47Z,May,5,23,01:53:47,Piece of Me,Britney Spears,Blackout
2025-05-23T01:57:14Z,May,5,23,01:57:14,"Girl, so confusing featuring lorde",Charli xcx,Brat and it’s completely different but also still brat
2025-05-23T02:01:22Z,May,5,23,02:01:22,Backseat (feat. Carly Rae Jepsen),Charli xcx,Pop 2
2025-05-23T02:06:51Z,May,5,23,02:06:51,BATTLE OF THE LARYNX,Melanie Martinez,PORTALS
2025-05-23T02:11:08Z,May,5,23,02:11:08,The Man with the Axe,Lorde,Solar Power
2025-05-23T05:15:44Z,May,5,23,05:15:44,Good Thing,i-dle,We are
2025-05-23T05:18:17Z,May,5,23,05:18:17,Obsessed,Addison Rae,Obsessed
2025-05-23T05:21:17Z,May,5,23,05:21:17,Apple featuring the japanese house,Charli xcx,Brat and it’s completely different but also still brat
2025-05-23T05:24:17Z,May,5,23,05:24:17,Yeah Yeah Yeah,BLACKPINK,BORN PINK
2025-05-23T05:27:51Z,May,5,23,05:27:51,Porsche (feat. MØ),Charli xcx,Pop 2
2025-05-23T05:30:38Z,May,5,23,05:30:38,IS THIS LOVE,XG,AWE
2025-05-23T05:33:07Z,May,5,23,05:33:07,Cool With You,NewJeans,NewJeans 2nd EP 'Get Up'
2025-05-23T05:36:59Z,May,5,23,05:36:59,"I Got It (feat. Brooke Candy, CupcakKe and Pabllo Vittar)",Charli xcx,Pop 2
2025-05-23T05:41:22Z,May,5,23,05:41:22,Exhilarate (feat. Bibi Bourelly),SOPHIE,Exhilarate (feat. Bibi Bourelly)
2025-05-23T05:44:09Z,May,5,23,05:44:09,Apple,Charli xcx,BRAT
2025-05-23T05:48:40Z,May,5,23,05:48:40,Candy Man,Mary Jane Girls,Mary Jane Girls
2025-05-23T05:52:14Z,May,5,23,05:52:14,HARD,SOPHIE,HARD
2025-05-23T05:56:01Z,May,5,23,05:56:01,I Know Alone,HAIM,Women In Music Pt. III
2025-05-23T05:59:52Z,May,5,23,05:59:52,We Can't Stop,Miley Cyrus,Bangerz (Deluxe Version)
2025-05-23T06:05:26Z,May,5,23,06:05:26,Get Naked (I Got a Plan),Britney Spears,Blackout
2025-05-23T06:09:25Z,May,5,23,06:09:25,Pogo,Digitalism,Idealism
2025-05-23T06:12:47Z,May,5,23,06:12:47,DIM,Yves,I Did
2025-05-23T06:16:48Z,May,5,23,06:16:48,choke enough,Oklou,choke enough
2025-05-23T06:20:53Z,May,5,23,06:20:53,Beautiful,A. G. Cook,"PC Music, Vol. 1"
2025-05-23T06:24:36Z,May,5,23,06:24:36,Piece of Me,Britney Spears,Blackout
2025-05-23T06:27:19Z,May,5,23,06:27:19,360 featuring robyn & yung lean,Charli xcx,Brat and it’s completely different but also still brat
2025-05-23T06:31:54Z,May,5,23,06:31:54,Lipgloss (feat. CupcakKe),Charli xcx,Number 1 Angel
2025-05-23T06:35:59Z,May,5,23,06:35:59,Brave,TWICE,BETWEEN 1&2
2025-05-23T06:39:05Z,May,5,23,06:39:05,Sober II (Melodrama),Lorde,Melodrama
2025-05-23T06:42:59Z,May,5,23,06:42:59,Dear Reader,Taylor Swift,Midnights
2025-05-23T06:46:22Z,May,5,23,06:46:22,Lavender Haze,Taylor Swift,Midnights
2025-05-23T06:49:58Z,May,5,23,06:49:58,You Make Me Feel... (feat. Sabi),Cobra Starship,Night Shades
2025-05-23T06:53:49Z,May,5,23,06:53:49,Warm (feat. HAIM),Charli xcx,Charli
2025-05-23T06:58:23Z,May,5,23,06:58:23,Hold No Grudge - Bonus Track,Lorde,Solar Power
2025-05-23T07:01:35Z,May,5,23,07:01:35,Thoughts,Charli xcx,Charli
2025-05-23T07:04:00Z,May,5,23,07:04:00,Come Over (Hyperpop Remix),LE SSERAFIM,Come Over (Remixes)
2025-05-23T07:04:34Z,May,5,23,07:04:34,Good Graces,Sabrina Carpenter,Short n' Sweet
2025-05-23T07:08:28Z,May,5,23,07:08:28,Hey QT,QT,Hey QT
2025-05-23T07:11:11Z,May,5,23,07:11:11,Nice to meet you (feat. Central Cee),PinkPantheress,Heaven knows
2025-05-23T07:14:43Z,May,5,23,07:14:43,Live For Me,Omar Apollo,Live For Me
2025-05-23T07:17:53Z,May,5,23,07:17:53,Paradise,i-dle,I feel
2025-05-23T07:21:59Z,May,5,23,07:21:59,Fly To You (feat. Grimes and Dido),Caroline Polachek,"Desire, I Want To Turn Into You"
2025-05-23T07:25:23Z,May,5,23,07:25:23,Everything is romantic featuring caroline polachek,Charli xcx,Brat and it’s completely different but also still brat
2025-05-23T07:29:10Z,May,5,23,07:29:10,Easy,Troye Sivan,In A Dream
2025-05-23T07:34:14Z,May,5,23,07:34:14,Kids,MGMT,Oracular Spectacular
2025-05-23T07:36:52Z,May,5,23,07:36:52,How Can I Not Know What I Need Right Now,Charli xcx,CRASH
2025-05-23T07:37:52Z,May,5,23,07:37:52,What A Heavenly Way To Die,Troye Sivan,Bloom
2025-05-23T07:41:57Z,May,5,23,07:41:57,Hold The Girl,Rina Sawayama,Hold The Girl
2025-05-23T07:44:38Z,May,5,23,07:44:38,SUBSTANCE,Demi Lovato,HOLY FVCK
2025-05-23T07:47:48Z,May,5,23,07:47:48,i-70,Jeremy Zucker,CRUSHER
2025-05-23T07:51:00Z,May,5,23,07:51:00,STEREOTYPE,STAYC,STEREOTYPE
2025-05-23T19:21:35Z,May,5,23,19:21:35,Underground,f5ve,SEQUENCE 01
2025-05-23T19:24:18Z,May,5,23,19:24:18,Good Thing,i-dle,We are
2025-05-23T19:28:19Z,May,5,23,19:28:19,What Was That,Lorde,What Was That
2025-05-23T19:32:06Z,May,5,23,19:32:06,Air,YEJI,AIR
2025-05-23T19:38:22Z,May,5,23,19:38:22,My Barn My Rules,MCR-T,My Barn My Rules
2025-05-23T19:41:10Z,May,5,23,19:41:10,My Barn My Rules,MCR-T,My Barn My Rules
2025-05-23T19:46:05Z,May,5,23,19:46:05,Get Back,Britney Spears,Blackout
2025-05-23T19:49:46Z,May,5,23,19:49:46,Work,P1Harmony,DUH!
2025-05-23T19:54:36Z,May,5,23,19:54:36,Out of My Head (feat. Tove Lo and ALMA),Charli xcx,Pop 2
2025-05-23T19:58:34Z,May,5,23,19:58:34,"I Got It (feat. Brooke Candy, CupcakKe and Pabllo Vittar)",Charli xcx,Pop 2
2025-05-23T20:02:10Z,May,5,23,20:02:10,Lucky,Charli xcx,Pop 2
2025-05-23T20:06:24Z,May,5,23,20:06:24,Tears (feat. Caroline Polachek),Charli xcx,Pop 2
2025-05-23T21:15:27Z,May,5,23,21:15:27,Take Yourself Home,Troye Sivan,In A Dream
2025-05-23T21:17:51Z,May,5,23,21:17:51,24HRS,ITZY,IT'z ME
2025-05-23T21:21:09Z,May,5,23,21:21:09,PLAYING WITH FIRE,BLACKPINK,SQUARE TWO
2025-05-23T21:25:41Z,May,5,23,21:25:41,Niño,Belanova,Gran Disco Mini Precio - Dulce Beat
2025-05-23T21:28:47Z,May,5,23,21:28:47,Rosa Pastel,Belanova,Gran Disco Mini Precio - Dulce Beat
2025-05-23T21:32:38Z,May,5,23,21:32:38,Soñar,Belanova,Gran Disco Mini Precio - Dulce Beat
2025-05-23T22:03:36Z,May,5,23,22:03:36,Niño,Belanova,Gran Disco Mini Precio - Dulce Beat
2025-05-23T22:06:14Z,May,5,23,22:06:14,Good Thing,i-dle,We are
2025-05-23T22:24:52Z,May,5,23,22:24:52,Welcome To My Island - George Daniel & Charli XCX Remix,Caroline Polachek,Welcome To My Island
2025-05-24T01:23:14Z,May,5,24,01:23:14,Tell me I never knew that,caroline,Tell me I never knew that
2025-05-24T01:25:53Z,May,5,24,01:25:53,Good Thing,i-dle,We are
2025-05-24T01:44:36Z,May,5,24,01:44:36,Niño,Belanova,Gran Disco Mini Precio - Dulce Beat
2025-05-24T01:49:36Z,May,5,24,01:49:36,Underground,f5ve,SEQUENCE 01
2025-05-24T01:53:14Z,May,5,24,01:53:14,What Was That,Lorde,What Was That
2025-05-24T01:56:42Z,May,5,24,01:56:42,blade bird,Oklou,choke enough
2025-05-24T02:00:43Z,May,5,24,02:00:43,choke enough,Oklou,choke enough
2025-05-24T02:05:41Z,May,5,24,02:05:41,Immaterial,SOPHIE,OIL OF EVERY PEARL'S UN-INSIDES
2025-05-24T02:14:36Z,May,5,24,02:14:36,choke enough,Oklou,choke enough
2025-05-24T02:18:05Z,May,5,24,02:18:05,What Was That,Lorde,What Was That
2025-05-24T02:22:14Z,May,5,24,02:22:14,The Steps,HAIM,Women In Music Pt. III
2025-05-24T02:26:04Z,May,5,24,02:26:04,visions,Charli xcx,how i'm feeling now
2025-05-24T02:31:49Z,May,5,24,02:31:49,Coma,Caroline Polachek,"Desire, I Want To Turn Into You: Everasking Edition"
2025-05-24T02:53:09Z,May,5,24,02:53:09,Aphrodite,Phèdre,Phèdre
2025-05-24T02:56:48Z,May,5,24,02:56:48,Niño,Belanova,Gran Disco Mini Precio - Dulce Beat
2025-05-24T03:00:35Z,May,5,24,03:00:35,Pogo,Digitalism,Idealism
2025-05-24T03:02:57Z,May,5,24,03:02:57,Underground,f5ve,SEQUENCE 01
2025-05-24T03:07:49Z,May,5,24,03:07:49,Good Thing,i-dle,We are
2025-05-24T03:11:55Z,May,5,24,03:11:55,When I Grow Up,The Pussycat Dolls,Doll Domination
2025-05-24T03:14:06Z,May,5,24,03:14:06,take it offff,horsegiirL,v.i.p. - very important pony
2025-05-24T03:16:42Z,May,5,24,03:16:42,IS THIS LOVE,XG,AWE
2025-05-25T03:26:00Z,May,5,25,03:26:00,Wife Pleaser,Eli,Wife Pleaser
2025-05-25T05:55:42Z,May,5,25,05:55:42,Niño,Belanova,Gran Disco Mini Precio - Dulce Beat
2025-05-25T05:58:16Z,May,5,25,05:58:16,Good Thing,i-dle,We are
2025-05-25T06:06:49Z,May,5,25,06:06:49,What Was That,Lorde,What Was That
2025-05-25T06:11:38Z,May,5,25,06:11:38,Lipgloss (feat. CupcakKe),Charli xcx,Number 1 Angel
2025-05-25T06:14:11Z,May,5,25,06:14:11,Come Over (Hyperpop Remix),LE SSERAFIM,Come Over (Remixes)
2025-05-25T06:19:33Z,May,5,25,06:19:33,Oh Yeah (Caroline Polachek Remix),A. G. Cook,Apple vs. 7G
2025-05-25T06:22:03Z,May,5,25,06:22:03,Underground,f5ve,SEQUENCE 01
2025-05-25T06:25:22Z,May,5,25,06:25:22,Got Me Started,Troye Sivan,Something To Give Each Other
2025-05-25T06:27:46Z,May,5,25,06:27:46,Gnarly,KATSEYE,Gnarly
2025-05-25T06:30:09Z,May,5,25,06:30:09,hover like a GODDESS,WILLOW,hover like a GODDESS
2025-05-25T06:31:08Z,May,5,25,06:31:08,FIVE,ITZY,GOLD
2025-05-25T06:34:13Z,May,5,25,06:34:13,Je T'Adore,Kim Petras,Problématique
2025-05-25T06:37:50Z,May,5,25,06:37:50,GODSPEED,Camila Cabello,"C,XOXO"
2025-05-25T06:42:33Z,May,5,25,06:42:33,Paper Gangsta,Lady Gaga,The Fame
2025-05-25T06:45:54Z,May,5,25,06:45:54,JUST LIKE WE NEVER SAID GOODBYE,SOPHIE,JUST LIKE WE NEVER SAID GOODBYE
2025-05-25T06:50:25Z,May,5,25,06:50:25,Galina,Allie X,Girl With No Face
2025-05-25T06:53:10Z,May,5,25,06:53:10,Psychic Lover,ITZY,KILL MY DOUBT
2025-05-25T06:56:44Z,May,5,25,06:56:44,I Really Like You,Carly Rae Jepsen,Emotion
2025-05-25T06:58:34Z,May,5,25,06:58:34,BIZCOCHITO,ROSALÍA,MOTOMAMI
2025-05-25T07:02:31Z,May,5,25,07:02:31,Poker Face,Lady Gaga,The Fame
2025-05-25T07:05:36Z,May,5,25,07:05:36,LSE to LAX,Carlie Hanson,Wisconsin
2025-05-25T07:08:52Z,May,5,25,07:08:52,The Spins,Mac Miller,K.I.D.S.
2025-05-25T07:12:01Z,May,5,25,07:12:01,Beg for You (feat. Rina Sawayama),Charli xcx,CRASH
2025-05-25T07:15:04Z,May,5,25,07:15:04,Sunset,Caroline Polachek,"Desire, I Want To Turn Into You"
2025-05-25T07:18:01Z,May,5,25,07:18:01,Un Ratito,Bad Bunny,Un Verano Sin Ti
2025-05-25T07:21:23Z,May,5,25,07:21:23,NUEVAYoL,Bad Bunny,DeBÍ TiRAR MáS FOToS
2025-05-25T07:23:59Z,May,5,25,07:23:59,VOY A LLeVARTE PA PR,Bad Bunny,DeBÍ TiRAR MáS FOToS
2025-05-25T07:30:07Z,May,5,25,07:30:07,BAILE INoLVIDABLE,Bad Bunny,DeBÍ TiRAR MáS FOToS
2025-05-25T07:33:28Z,May,5,25,07:33:28,PERFuMITO NUEVO,Bad Bunny,DeBÍ TiRAR MáS FOToS
2025-05-25T07:34:36Z,May,5,25,07:34:36,WELTiTA,Bad Bunny,DeBÍ TiRAR MáS FOToS
2025-05-25T07:38:30Z,May,5,25,07:38:30,VeLDÁ,Bad Bunny,DeBÍ TiRAR MáS FOToS
2025-05-25T07:42:13Z,May,5,25,07:42:13,EL CLúB,Bad Bunny,DeBÍ TiRAR MáS FOToS
2025-05-26T00:07:33Z,May,5,26,00:07:33,Nothing More to Say - Vox,SOPHIE,Nothing More to Say
2025-05-26T00:11:07Z,May,5,26,00:11:07,Sun Sex Party,Babymorocco,The Sound
2025-05-26T00:14:16Z,May,5,26,00:14:16,KETU TeCRÉ,Bad Bunny,DeBÍ TiRAR MáS FOToS
2025-05-26T00:14:33Z,May,5,26,00:14:33,After Midnight,Chappell Roan,The Rise and Fall of a Midwest Princess
2025-05-26T00:16:45Z,May,5,26,00:16:45,Girls,The Dare,What's Wrong With New York?
2025-05-26T00:20:58Z,May,5,26,00:20:58,how2fly,ISOxo,kidsgonemad!
2025-05-26T00:24:41Z,May,5,26,00:24:41,Red (Taylor's Version),Taylor Swift,Red (Taylor's Version)
2025-05-26T02:11:20Z,May,5,26,02:11:20,Boys Boys Boys,Lady Gaga,The Fame
2025-05-26T02:14:51Z,May,5,26,02:14:51,Homemade Dynamite,Lorde,Melodrama
2025-05-26T02:19:06Z,May,5,26,02:19:06,Lipgloss (feat. CupcakKe),Charli xcx,Number 1 Angel
2025-05-26T02:22:13Z,May,5,26,02:22:13,Helen of Troy - Bonus Track,Lorde,Solar Power
2025-05-26T02:25:54Z,May,5,26,02:25:54,Starburned and Unkissed,Caroline Polachek,Starburned and Unkissed
2025-05-26T02:30:37Z,May,5,26,02:30:37,So I featuring a. g. cook,Charli xcx,Brat and it’s completely different but also still brat
2025-05-26T02:33:37Z,May,5,26,02:33:37,Diet Pepsi,Addison Rae,Aquamarine
2025-05-26T02:38:22Z,May,5,26,02:38:22,Bags - Recorded At Electric Lady Studios,Clairo,Live at Electric Lady
2025-05-26T02:40:54Z,May,5,26,02:40:54,Rakata,Arca,KICK ii
2025-05-26T02:42:08Z,May,5,26,02:42:08,Last Valentines,PinkPantheress,to hell with it
2025-05-26T02:45:17Z,May,5,26,02:45:17,Supernatural,ITZY,GOLD
2025-05-26T02:49:16Z,May,5,26,02:49:16,Immaterial,SOPHIE,OIL OF EVERY PEARL'S UN-INSIDES
2025-05-26T02:53:36Z,May,5,26,02:53:36,forever,Charli xcx,how i'm feeling now
2025-05-26T02:57:15Z,May,5,26,02:57:15,Hillside Boys,Kim Petras,Hillside Boys
2025-05-26T03:00:32Z,May,5,26,03:00:32,Je T'Adore,Kim Petras,Problématique
2025-05-26T03:03:48Z,May,5,26,03:03:48,Sympathy is a knife featuring ariana grande,Charli xcx,Brat and it’s completely different but also still brat
2025-05-26T03:08:32Z,May,5,26,03:08:32,I Believe,Caroline Polachek,"Desire, I Want To Turn Into You"
2025-05-26T03:12:10Z,May,5,26,03:12:10,I Wanna Go,Britney Spears,Femme Fatale (Deluxe Version)
2025-05-26T03:14:46Z,May,5,26,03:14:46,BAIT (with BANKS),Kim Petras,Feed The Beast
2025-05-26T03:18:52Z,May,5,26,03:18:52,Moscow Mule,Bad Bunny,Un Verano Sin Ti
2025-05-26T03:21:59Z,May,5,26,03:21:59,rom com 2004,Soccer Mommy,rom com 2004
2025-05-26T03:26:44Z,May,5,26,03:26:44,Get Naked (I Got a Plan),Britney Spears,Blackout
2025-05-26T03:30:30Z,May,5,26,03:30:30,Scheiße,Lady Gaga,Born This Way
2025-05-26T03:34:50Z,May,5,26,03:34:50,Ribs,Lorde,Pure Heroine
2025-05-26T03:37:59Z,May,5,26,03:37:59,Souvenir,Selena Gomez,Rare
2025-05-26T03:41:18Z,May,5,26,03:41:18,Toxic,Britney Spears,In The Zone
2025-05-26T04:04:43Z,May,5,26,04:04:43,Undercover,Selena Gomez,Stars Dance
2025-05-26T04:09:02Z,May,5,26,04:09:02,American Teenager,Ethel Cain,Preacher’s Daughter
2025-05-26T04:12:13Z,May,5,26,04:12:13,Attention Whore (feat. Channel Tres),Tove Lo,Dirt Femme
2025-05-26T04:15:29Z,May,5,26,04:15:29,The Spins,Mac Miller,K.I.D.S.
2025-05-26T04:18:47Z,May,5,26,04:18:47,Hot as Ice,Britney Spears,Blackout
2025-05-26T04:21:52Z,May,5,26,04:21:52,HOT TO GO!,Chappell Roan,The Rise and Fall of a Midwest Princess
2025-05-26T04:27:36Z,May,5,26,04:27:36,BLUE,Billie Eilish,HIT ME HARD AND SOFT
2025-05-26T04:31:00Z,May,5,26,04:31:00,CRY FOR ME,TWICE,CRY FOR ME
2025-05-26T04:34:09Z,May,5,26,04:34:09,Side Effects,Carlie Hanson,Side Effects
2025-05-26T04:34:49Z,May,5,26,04:34:49,Baby,Charli xcx,CRASH
2025-05-26T04:37:58Z,May,5,26,04:37:58,Wind It Up,Gwen Stefani,The Sweet Escape
2025-05-26T04:41:45Z,May,5,26,04:41:45,I Know Alone,HAIM,Women In Music Pt. III
2025-05-26T04:45:16Z,May,5,26,04:45:16,Slow Down,Selena Gomez,Stars Dance
2025-05-26T04:49:03Z,May,5,26,04:49:03,Welcome To My Island - George Daniel & Charli XCX Remix,Caroline Polachek,Welcome To My Island
2025-05-26T04:52:04Z,May,5,26,04:52:04,White Flag,Clairo,Immunity
2025-05-26T04:54:21Z,May,5,26,04:54:21,I think about it all the time,Charli xcx,BRAT
2025-05-26T04:57:24Z,May,5,26,04:57:24,Supersonic,fromis_9,Supersonic
2025-05-26T05:01:11Z,May,5,26,05:01:11,Pogo,Digitalism,Idealism
2025-05-26T05:04:58Z,May,5,26,05:04:58,ALIEN SUPERSTAR,Beyoncé,RENAISSANCE
2025-05-26T05:07:43Z,May,5,26,05:07:43,Roll Up,BLACKSWAN,Roll Up
2025-05-26T05:10:33Z,May,5,26,05:10:33,No Body,Finn Keane,ELECTRIC
2025-05-26T17:23:19Z,May,5,26,17:23:19,Illegal,PinkPantheress,Fancy That
2025-05-26T17:25:44Z,May,5,26,17:25:44,Girl Like Me,PinkPantheress,Fancy That
2025-05-26T17:28:39Z,May,5,26,17:28:39,Tonight,PinkPantheress,Fancy That
2025-05-26T17:31:01Z,May,5,26,17:31:01,Stars,PinkPantheress,Fancy That
2025-05-26T17:33:10Z,May,5,26,17:33:10,Noises,PinkPantheress,Fancy That
2025-05-26T17:36:01Z,May,5,26,17:36:01,Nice to Know You,PinkPantheress,Fancy That
2025-05-26T17:38:48Z,May,5,26,17:38:48,Stateside,PinkPantheress,Fancy That
2025-05-26T18:01:37Z,May,5,26,18:01:37,Romeo,PinkPantheress,Fancy That
2025-05-26T18:05:24Z,May,5,26,18:05:24,Telephone,Lady Gaga,The Fame Monster
2025-05-26T18:09:24Z,May,5,26,18:09:24,National Anthem,Lana Del Rey,Born To Die - The Paradise Edition
2025-05-26T18:13:05Z,May,5,26,18:13:05,Better Than Revenge (Taylor's Version),Taylor Swift,Speak Now (Taylor's Version)
2025-05-26T18:16:26Z,May,5,26,18:16:26,Boys Boys Boys,Lady Gaga,The Fame
2025-05-26T18:19:10Z,May,5,26,18:19:10,Aquamarine,Addison Rae,Aquamarine
2025-05-26T20:45:14Z,May,5,26,20:45:14,LOOP (feat. Lil Cherry),Yves,LOOP
2025-05-26T20:51:39Z,May,5,26,20:51:39,Don't Call,Daya,Don't Call
2025-05-26T20:54:30Z,May,5,26,20:54:30,uhoh,Kim Petras,Feed The Beast
2025-05-26T20:57:37Z,May,5,26,20:57:37,I LUV IT (feat. Playboi Carti),Camila Cabello,"C,XOXO"
2025-05-26T21:01:18Z,May,5,26,21:01:18,deja vu,Olivia Rodrigo,SOUR
2025-05-27T00:01:46Z,May,5,27,00:01:46,Circus,Britney Spears,Circus (Deluxe Version)
2025-05-27T00:04:17Z,May,5,27,00:04:17,Circus,Britney Spears,Circus (Deluxe Version)
2025-05-27T00:06:50Z,May,5,27,00:06:50,favorite crime,Olivia Rodrigo,SOUR
2025-05-27T00:11:26Z,May,5,27,00:11:26,Summertime Sadness,Lana Del Rey,Born To Die - The Paradise Edition
2025-05-27T00:15:07Z,May,5,27,00:15:07,Solar Power,Lorde,Solar Power
2025-05-27T17:41:47Z,May,5,27,17:41:47,Pyramids,Frank Ocean,channel ORANGE
2025-05-27T17:44:16Z,May,5,27,17:44:16,Underground,f5ve,SEQUENCE 01
2025-05-27T17:48:09Z,May,5,27,17:48:09,Niño,Belanova,Gran Disco Mini Precio - Dulce Beat
2025-05-27T17:51:27Z,May,5,27,17:51:27,Forever,ZULAN,Forever
2025-05-27T17:55:51Z,May,5,27,17:55:51,What Was That,Lorde,What Was That
2025-05-27T17:56:38Z,May,5,27,17:56:38,Hard Feelings/Loveless,Lorde,Melodrama
2025-05-27T20:57:33Z,May,5,27,20:57:33,Skin,Madonna,Ray of Light
2025-05-27T21:58:33Z,May,5,27,21:58:33,Amber,311,Greatest Hits '93 - '03
2025-05-27T22:01:56Z,May,5,27,22:01:56,blade bird,Oklou,choke enough
2025-05-27T22:07:42Z,May,5,27,22:07:42,Coma,Caroline Polachek,"Desire, I Want To Turn Into You: Everasking Edition"
2025-05-27T22:12:03Z,May,5,27,22:12:03,Cola,Lana Del Rey,Born To Die - The Paradise Edition
2025-05-27T22:15:02Z,May,5,27,22:15:02,Yeah Yeah Yeah,BLACKPINK,BORN PINK
2025-05-27T22:18:37Z,May,5,27,22:18:37,Tennis Court,Lorde,Pure Heroine
2025-05-27T22:19:17Z,May,5,27,22:19:17,I Don't Wanna Know,Charli xcx,Charli
2025-05-28T05:12:42Z,May,5,28,05:12:42,c2.0,Charli xcx,how i'm feeling now
2025-05-28T05:18:49Z,May,5,28,05:18:49,Track 10,Charli xcx,Pop 2
2025-05-28T05:22:18Z,May,5,28,05:22:18,Habits (Stay High),Tove Lo,Queen Of The Clouds
2025-05-28T05:29:02Z,May,5,28,05:29:02,Desire,Tove Lo,HEAT
2025-05-28T05:32:48Z,May,5,28,05:32:48,Scheiße,Lady Gaga,Born This Way
2025-05-28T05:37:08Z,May,5,28,05:37:08,Out of My Head (feat. Tove Lo and ALMA),Charli xcx,Pop 2
2025-05-28T05:40:02Z,May,5,28,05:40:02,Sorry if I Hurt You,Charli xcx,CRASH
2025-05-28T05:43:06Z,May,5,28,05:43:06,What You Think About Me,Charli xcx,CRASH
2025-05-28T05:46:30Z,May,5,28,05:46:30,Paradise (feat. Hannah Diamond),Charli xcx,Vroom Vroom EP
2025-05-28T05:50:42Z,May,5,28,05:50:42,Beg for You (feat. Rina Sawayama) - A. G. Cook & VERNON OF SEVENTEEN Remix,Charli xcx,Beg For You (feat. Rina Sawayama)
2025-05-28T05:54:11Z,May,5,28,05:54:11,B2b,Charli xcx,BRAT
2025-05-28T05:57:21Z,May,5,28,05:57:21,Sugar Water Cyanide,Rebecca Black,Sugar Water Cyanide
2025-05-28T05:59:49Z,May,5,28,05:59:49,Don't Lie,The Chainsmokers,Don't Lie
2025-05-28T06:03:25Z,May,5,28,06:03:25,ALIEN SUPERSTAR,Beyoncé,RENAISSANCE
2025-05-28T06:06:55Z,May,5,28,06:06:55,What Was That,Lorde,What Was That
2025-05-28T06:09:57Z,May,5,28,06:09:57,Midnight Rain,Taylor Swift,Midnights
2025-05-28T06:13:27Z,May,5,28,06:13:27,Blue Jeans,Lana Del Rey,Born To Die - The Paradise Edition
2025-05-28T06:16:49Z,May,5,28,06:16:49,Focus,Charli xcx,Focus / No Angel
2025-05-28T06:20:05Z,May,5,28,06:20:05,Lovesick Girls,BLACKPINK,THE ALBUM
2025-05-28T06:23:55Z,May,5,28,06:23:55,Beaches,beabadoobee,This Is How Tomorrow Moves
2025-05-28T06:28:07Z,May,5,28,06:28:07,You Slept On Me,Allie X,Girl With No Face
2025-05-28T06:32:40Z,May,5,28,06:32:40,Happiness is a butterfly,Lana Del Rey,Norman Fucking Rockwell!
2025-05-28T06:35:59Z,May,5,28,06:35:59,High Fashion,Addison Rae,High Fashion
2025-05-28T06:38:31Z,May,5,28,06:38:31,ETA,NewJeans,NewJeans 2nd EP 'Get Up'
2025-05-28T06:43:31Z,May,5,28,06:43:31,Knew Better / Forever Boy,Ariana Grande,Dangerous Woman
2025-05-28T06:46:13Z,May,5,28,06:46:13,Souvenir,Selena Gomez,Rare
2025-05-28T06:50:07Z,May,5,28,06:50:07,Lost,Frank Ocean,channel ORANGE
2025-05-28T06:53:46Z,May,5,28,06:53:46,Maroon,Taylor Swift,Midnights
2025-05-28T06:59:24Z,May,5,28,06:59:24,Under the Blue / Take Me In,Hayley Kiyoko,Expectations
2025-05-28T07:03:09Z,May,5,28,07:03:09,The Path,Lorde,Solar Power
2025-05-28T07:07:25Z,May,5,28,07:07:25,3,Britney Spears,The Singles Collection
2025-05-28T07:11:13Z,May,5,28,07:11:13,Mood Ring,Lorde,Solar Power
2025-05-28T07:14:03Z,May,5,28,07:14:03,Illusion,Carlie Hanson,Wisconsin
2025-05-28T07:16:37Z,May,5,28,07:16:37,Sympathy is a knife featuring ariana grande,Charli xcx,Brat and it’s completely different but also still brat
2025-05-28T07:20:50Z,May,5,28,07:20:50,25/8,Bad Bunny,YHLQMDLG
2025-05-28T07:23:27Z,May,5,28,07:23:27,Hot Girl (Bodies Bodies Bodies),Charli xcx,Hot Girl (Bodies Bodies Bodies)
2025-05-28T07:26:50Z,May,5,28,07:26:50,Lavender Haze,Taylor Swift,Midnights
2025-05-28T07:30:28Z,May,5,28,07:30:28,Starstruck,Lady Gaga,The Fame
2025-05-28T07:33:27Z,May,5,28,07:33:27,rom com 2004,Soccer Mommy,rom com 2004
2025-05-28T07:38:17Z,May,5,28,07:38:17,Heartache,A. G. Cook,Britpop
2025-05-28T07:41:50Z,May,5,28,07:41:50,Plane Trees (feat. Mustafa),Omar Apollo,God Said No
2025-05-28T07:45:50Z,May,5,28,07:45:50,3AM (Pull Up) [feat. MØ],Charli xcx,Number 1 Angel
2025-05-28T07:48:27Z,May,5,28,07:48:27,Rakata,Arca,KICK ii
2025-05-28T07:51:11Z,May,5,28,07:51:11,Estrogen,Arca,kiCK iiiii
2025-05-28T07:54:25Z,May,5,28,07:54:25,258,YEJI,AIR
2025-05-28T07:58:27Z,May,5,28,07:58:27,Dress You Up,Madonna,Like a Virgin
2025-05-28T19:07:29Z,May,5,28,19:07:29,blade bird,Oklou,choke enough
2025-05-28T19:11:19Z,May,5,28,19:11:19,I'm Not Alone - 2009 Remaster,Calvin Harris,I'm Not Alone 2019
2025-05-28T19:15:55Z,May,5,28,19:15:55,My Barn My Rules,MCR-T,My Barn My Rules
2025-05-28T19:21:18Z,May,5,28,19:21:18,Niño,Belanova,Gran Disco Mini Precio - Dulce Beat
2025-05-28T19:24:04Z,May,5,28,19:24:04,Good Thing,i-dle,We are
2025-05-28T19:27:11Z,May,5,28,19:27:11,Sola,Arca,Puta / Sola
2025-05-29T03:19:56Z,May,5,29,03:19:56,Stellar,Incubus,Make Yourself
2025-05-29T03:23:51Z,May,5,29,03:23:51,Privilege,Incubus,Make Yourself
2025-05-29T03:28:21Z,May,5,29,03:28:21,Nowhere Fast,Incubus,Make Yourself
2025-05-29T03:31:40Z,May,5,29,03:31:40,Consequence,Incubus,Make Yourself
2025-05-29T03:36:55Z,May,5,29,03:36:55,The Warmth,Incubus,Make Yourself
2025-05-29T03:40:55Z,May,5,29,03:40:55,When It Comes,Incubus,Make Yourself
2025-05-29T03:44:16Z,May,5,29,03:44:16,Stellar,Incubus,Make Yourself
2025-05-29T03:45:29Z,May,5,29,03:45:29,Make Yourself,Incubus,Make Yourself
2025-05-29T03:48:18Z,May,5,29,03:48:18,Underground,f5ve,SEQUENCE 01
2025-05-29T03:51:54Z,May,5,29,03:51:54,deja vu,Olivia Rodrigo,SOUR
2025-05-29T03:54:24Z,May,5,29,03:54:24,Xcxoplex (with Charli XCX),A. G. Cook,Apple vs. 7G
2025-05-29T03:57:09Z,May,5,29,03:57:09,Apple featuring the japanese house,Charli xcx,Brat and it’s completely different but also still brat
2025-05-29T03:59:58Z,May,5,29,03:59:58,FEARLESS (2023 Ver.),LE SSERAFIM,UNFORGIVEN
2025-05-29T04:03:46Z,May,5,29,04:03:46,Warm (feat. HAIM),Charli xcx,Charli
2025-05-29T04:04:19Z,May,5,29,04:04:19,I Don't Wanna Be Like You,Brevin Kim,DOG HEAD
2025-05-29T04:08:05Z,May,5,29,04:08:05,Easy,Troye Sivan,In A Dream
2025-05-29T04:11:37Z,May,5,29,04:11:37,Crush,Ethel Cain,Inbred
2025-05-29T04:14:28Z,May,5,29,04:14:28,King of Hearts,Kim Petras,Feed The Beast
2025-05-29T04:15:16Z,May,5,29,04:15:16,Problématique,Kim Petras,Problématique
2025-05-29T04:36:17Z,May,5,29,04:36:17,Man Of The Year,Lorde,Man Of The Year
2025-05-29T04:41:18Z,May,5,29,04:41:18,Man Of The Year,Lorde,Man Of The Year
2025-05-29T18:44:40Z,May,5,29,18:44:40,Shake It Off (MINGYU Solo),SEVENTEEN,SEVENTEEN 5th Album 'HAPPY BURSTDAY'
2025-05-29T18:45:15Z,May,5,29,18:45:15,Man Of The Year,Lorde,Man Of The Year
2025-05-29T18:48:52Z,May,5,29,18:48:52,What Was That,Lorde,Man Of The Year
2025-05-29T18:52:11Z,May,5,29,18:52:11,blade bird,Oklou,choke enough
2025-05-29T18:56:12Z,May,5,29,18:56:12,choke enough,Oklou,choke enough
2025-05-29T22:49:30Z,May,5,29,22:49:30,"I Got It (feat. Brooke Candy, CupcakKe and Pabllo Vittar)",Charli xcx,Pop 2
2025-05-30T03:16:38Z,May,5,30,03:16:38,"I Got It (feat. Brooke Candy, CupcakKe and Pabllo Vittar)",Charli xcx,Pop 2
2025-05-30T03:19:08Z,May,5,30,03:19:08,claws,Charli xcx,how i'm feeling now
2025-05-30T03:23:03Z,May,5,30,03:23:03,What Was That,Lorde,Man Of The Year
2025-05-30T03:26:04Z,May,5,30,03:26:04,Man Of The Year,Lorde,Man Of The Year
2025-05-30T03:29:45Z,May,5,30,03:29:45,Sober,Lorde,Melodrama
2025-05-30T03:33:46Z,May,5,30,03:33:46,Beautiful,A. G. Cook,"PC Music, Vol. 1"
2025-05-30T03:37:39Z,May,5,30,03:37:39,Immaterial,SOPHIE,OIL OF EVERY PEARL'S UN-INSIDES
2025-05-30T03:41:26Z,May,5,30,03:41:26,Heart to Break,Kim Petras,Heart to Break
2025-05-30T03:47:01Z,May,5,30,03:47:01,Desire,Tove Lo,HEAT
2025-05-30T03:50:25Z,May,5,30,03:50:25,Ever Seen,beabadoobee,This Is How Tomorrow Moves
2025-05-30T03:55:05Z,May,5,30,03:55:05,So I featuring a. g. cook,Charli xcx,Brat and it’s completely different but also still brat
2025-05-30T03:56:11Z,May,5,30,03:56:11,Sour Candy (with BLACKPINK),Lady Gaga,Sour Candy (with BLACKPINK)
2025-05-30T03:59:33Z,May,5,30,03:59:33,Running Free (George Daniel remix),Oscar Farrell,Running Free (George Daniel remix)
2025-05-30T04:19:27Z,May,5,30,04:19:27,Fame is a Gun,Addison Rae,Fame is a Gun
2025-05-30T04:22:36Z,May,5,30,04:22:36,Marianne,Eli,Marianne
2025-05-30T04:25:48Z,May,5,30,04:25:48,Running Free (George Daniel remix),Oscar Farrell,Running Free (George Daniel remix)
2025-05-30T04:37:51Z,May,5,30,04:37:51,Fame is a Gun,Addison Rae,Fame is a Gun
2025-05-30T04:52:10Z,May,5,30,04:52:10,Infrared,Daya,Infrared
2025-05-30T04:56:18Z,May,5,30,04:56:18,Don't Call,Daya,Don't Call
2025-05-30T05:32:35Z,May,5,30,05:32:35,Take me back,HAIM,Take me back
2025-05-30T05:49:18Z,May,5,30,05:49:18,Down to be wrong,HAIM,Take me back
2025-05-30T06:15:10Z,May,5,30,06:15:10,Marianne,Eli,Marianne
2025-05-30T06:18:14Z,May,5,30,06:18:14,Fame is a Gun,Addison Rae,Fame is a Gun
2025-05-30T06:21:26Z,May,5,30,06:21:26,Running Free (George Daniel remix),Oscar Farrell,Running Free (George Daniel remix)
2025-05-30T06:25:02Z,May,5,30,06:25:02,What Was That,Lorde,Man Of The Year
2025-05-30T06:28:46Z,May,5,30,06:28:46,ALIEN SUPERSTAR,Beyoncé,RENAISSANCE
2025-05-30T06:33:05Z,May,5,30,06:33:05,Ribs,Lorde,Pure Heroine
2025-05-30T06:37:27Z,May,5,30,06:37:27,Be a Body,Grimes,Visions
2025-05-30T06:41:04Z,May,5,30,06:41:04,Starstruck,Lady Gaga,The Fame
2025-05-30T06:57:03Z,May,5,30,06:57:03,Amber,311,Greatest Hits '93 - '03
2025-05-30T07:02:18Z,May,5,30,07:02:18,Gnarly,KATSEYE,Gnarly
2025-05-30T07:04:53Z,May,5,30,07:04:53,Sympathy is a knife featuring ariana grande,Charli xcx,Brat and it’s completely different but also still brat
2025-05-30T07:07:21Z,May,5,30,07:07:21,Don't Lie,The Chainsmokers,Don't Lie
2025-05-30T07:10:32Z,May,5,30,07:10:32,I Don't Wanna Be Like You,Brevin Kim,DOG HEAD
2025-05-30T07:13:24Z,May,5,30,07:13:24,Open Up,UMI,Introspection
2025-05-30T07:17:15Z,May,5,30,07:17:15,New Romantics (Taylor's Version),Taylor Swift,1989 (Taylor's Version)
2025-05-30T07:20:29Z,May,5,30,07:20:29,Waste It On Me (feat. BTS),Steve Aoki,Neon Future III
2025-05-30T07:24:04Z,May,5,30,07:24:04,Blue Jeans,Lana Del Rey,Born To Die - The Paradise Edition
2025-05-30T07:27:11Z,May,5,30,07:27:11,Cherry,Lana Del Rey,Lust For Life
2025-05-30T07:29:15Z,May,5,30,07:29:15,Angel (From Barbie The Album),PinkPantheress,Angel (From Barbie The Album)
2025-05-30T07:32:35Z,May,5,30,07:32:35,slower,Tate McRae,TOO YOUNG TO BE SAD
2025-05-30T07:35:29Z,May,5,30,07:35:29,Be Your USA,Finn Keane,ELECTRIC
2025-05-30T07:39:21Z,May,5,30,07:39:21,how2fly,ISOxo,kidsgonemad!
2025-05-30T07:41:31Z,May,5,30,07:41:31,how2fly,ISOxo,kidsgonemad!
2025-05-30T07:44:10Z,May,5,30,07:44:10,UFO,f5ve,UFO
2025-05-30T07:46:28Z,May,5,30,07:46:28,Good Ones,Charli xcx,CRASH
2025-05-30T07:49:21Z,May,5,30,07:49:21,Sunset,Caroline Polachek,"Desire, I Want To Turn Into You"
2025-05-30T07:53:27Z,May,5,30,07:53:27,It Ain’t Me (with Selena Gomez),Kygo,It Ain't Me
2025-05-31T01:32:25Z,May,5,31,01:32:25,Who's That Chick? (feat. Rihanna),David Guetta,One More Love
2025-05-31T01:35:29Z,May,5,31,01:35:29,Fame is a Gun,Addison Rae,Fame is a Gun
2025-05-31T03:07:21Z,May,5,31,03:07:21,What Was That,Lorde,Man Of The Year
2025-05-31T03:08:31Z,May,5,31,03:08:31,What Was That,Lorde,Man Of The Year
2025-05-31T03:12:36Z,May,5,31,03:12:36,Unlock it (Lock It) - feat. Kim Petras and Jay Park,Charli xcx,Pop 2
2025-05-31T04:10:38Z,May,5,31,04:10:38,XS,Rina Sawayama,SAWAYAMA
2025-05-31T04:13:08Z,May,5,31,04:13:08,XS,Rina Sawayama,SAWAYAMA
2025-05-31T04:37:57Z,May,5,31,04:37:57,365,Charli xcx,BRAT
2025-05-31T04:39:05Z,May,5,31,04:39:05,365,Charli xcx,BRAT
2025-05-31T04:43:29Z,May,5,31,04:43:29,Paper Gangsta,Lady Gaga,The Fame
2025-05-31T04:59:47Z,May,5,31,04:59:47,Drive,Miley Cyrus,Bangerz (Deluxe Version)
2025-05-31T05:15:02Z,May,5,31,05:15:02,Fame is a Gun,Addison Rae,Fame is a Gun
2025-05-31T05:19:46Z,May,5,31,05:19:46,Running Free (George Daniel remix),Oscar Farrell,Running Free (George Daniel remix)
2025-05-31T05:23:15Z,May,5,31,05:23:15,What Was That,Lorde,Man Of The Year
2025-05-31T08:08:12Z,May,5,31,08:08:12,Man Of The Year,Lorde,Man Of The Year
2025-05-31T08:13:00Z,May,5,31,08:13:00,Headphones On,Addison Rae,Headphones On
2025-05-31T08:21:32Z,May,5,31,08:21:32,Fame is a Gun,Addison Rae,Fame is a Gun
2025-05-31T08:24:44Z,May,5,31,08:24:44,Running Free (George Daniel remix),Oscar Farrell,Running Free (George Daniel remix)
2025-05-31T08:27:06Z,May,5,31,08:27:06,Underground,f5ve,SEQUENCE 01
2025-05-31T08:31:46Z,May,5,31,08:31:46,"I Got It (feat. Brooke Candy, CupcakKe and Pabllo Vittar)",Charli xcx,Pop 2
2025-05-31T08:36:39Z,May,5,31,08:36:39,Delicious (feat. Tommy Cash),Charli xcx,Pop 2
2025-05-31T08:40:32Z,May,5,31,08:40:32,Unlock it (Lock It) - feat. Kim Petras and Jay Park,Charli xcx,Pop 2
2025-05-31T08:43:59Z,May,5,31,08:43:59,Porsche (feat. MØ),Charli xcx,Pop 2
2025-05-31T08:47:55Z,May,5,31,08:47:55,Out of My Head (feat. Tove Lo and ALMA),Charli xcx,Pop 2
2025-05-31T08:51:53Z,May,5,31,08:51:53,Backseat (feat. Carly Rae Jepsen),Charli xcx,Pop 2
2025-05-31T08:55:43Z,May,5,31,08:55:43,Femmebot (feat. Dorian Electra and Mykki Blanco),Charli xcx,Pop 2
2025-05-31T08:59:34Z,May,5,31,08:59:34,What Was That,Lorde,What Was That
2025-05-31T09:03:11Z,May,5,31,09:03:11,I'm Not Alone - 2009 Remaster,Calvin Harris,I'm Not Alone 2019
2025-05-31T09:07:38Z,May,5,31,09:07:38,My Barn My Rules,MCR-T,My Barn My Rules
2025-05-31T09:10:07Z,May,5,31,09:10:07,Don't Lie,The Chainsmokers,Don't Lie
2025-05-31T09:13:46Z,May,5,31,09:13:46,Hillside Boys,Kim Petras,Hillside Boys
2025-05-31T09:17:28Z,May,5,31,09:17:28,Girls Night Out,Charli xcx,Girls Night Out
2025-05-31T09:21:21Z,May,5,31,09:21:21,Welcome To My Island,Caroline Polachek,"Desire, I Want To Turn Into You"
2025-05-31T09:23:40Z,May,5,31,09:23:40,Wars,Brevin Kim,DOG HEAD
2025-05-31T09:27:04Z,May,5,31,09:27:04,I'm a Slave 4 U,Britney Spears,Britney (Digital Deluxe Version)
2025-05-31T09:30:39Z,May,5,31,09:30:39,King Of My Heart,Taylor Swift,reputation
2025-05-31T09:33:49Z,May,5,31,09:33:49,Loba,Shakira,She Wolf (Expanded Edition)
2025-05-31T09:37:34Z,May,5,31,09:37:34,Tenemos Que Hablar,Bad Bunny,X 100PRE
2025-05-31T09:41:28Z,May,5,31,09:41:28,Click (feat. Kim Petras and Tommy Cash),Charli xcx,Charli
2025-05-31T09:44:36Z,May,5,31,09:44:36,GET LOUD,TWICE,Feel Special
2025-05-31T09:47:59Z,May,5,31,09:47:59,Welcome To My Island - George Daniel & Charli XCX Remix,Caroline Polachek,Welcome To My Island
2025-05-31T09:50:45Z,May,5,31,09:50:45,Cologne,beabadoobee,Our Extended Play
2025-05-31T09:53:25Z,May,5,31,09:53:25,Snot (feat. Deb Never),Carlie Hanson,Tough Boy
2025-05-31T09:55:42Z,May,5,31,09:55:42,Liability (Reprise),Lorde,Melodrama
2025-05-31T09:58:51Z,May,5,31,09:58:51,JUST LIKE WE NEVER SAID GOODBYE,SOPHIE,JUST LIKE WE NEVER SAID GOODBYE
2025-05-31T10:02:31Z,May,5,31,10:02:31,detonate,Charli xcx,how i'm feeling now
2025-05-31T10:04:39Z,May,5,31,10:04:39,gold,2hollis,gold
2025-05-31T10:07:18Z,May,5,31,10:07:18,Talk,beabadoobee,Beatopia
2025-05-31T10:11:20Z,May,5,31,10:11:20,Just Dance,Lady Gaga,The Fame
2025-05-31T10:14:34Z,May,5,31,10:14:34,Vroom Vroom,Charli xcx,Vroom Vroom EP
2025-05-31T10:18:37Z,May,5,31,10:18:37,Dress You Up,Madonna,Like a Virgin
2025-05-31T10:21:47Z,May,5,31,10:21:47,Paradise,i-dle,I feel
2025-05-31T10:25:23Z,May,5,31,10:25:23,You Make Me Feel... (feat. Sabi),Cobra Starship,Night Shades
2025-05-31T10:28:03Z,May,5,31,10:28:03,Trophy,Charli xcx,Vroom Vroom EP
2025-05-31T10:31:14Z,May,5,31,10:31:14,My Dilemma,Selena Gomez & The Scene,When The Sun Goes Down
2025-05-31T10:34:24Z,May,5,31,10:34:24,Icy,Kim Petras,Clarity
2025-05-31T10:36:13Z,May,5,31,10:36:13,I Must Apologise,PinkPantheress,to hell with it
2025-05-31T10:39:12Z,May,5,31,10:39:12,Sober II (Melodrama),Lorde,Melodrama
2025-05-31T10:42:43Z,May,5,31,10:42:43,Screen Cleaner,George Daniel,Screen Cleaner
2025-05-31T10:47:38Z,May,5,31,10:47:38,I like u (Extended),Tove Lo,I like u (Remixes)
2025-05-31T10:51:34Z,May,5,31,10:51:34,Lipgloss (feat. CupcakKe),Charli xcx,Number 1 Angel
2025-05-31T10:54:50Z,May,5,31,10:54:50,Wanna Be Missed,Hayley Kiyoko,Expectations
2025-05-31T10:58:45Z,May,5,31,10:58:45,Green Light,Lorde,Melodrama
2025-05-31T11:01:46Z,May,5,31,11:01:46,MOONLIGHT SUNRISE,TWICE,READY TO BE
2025-05-31T11:06:13Z,May,5,31,11:06:13,My Barn My Rules,MCR-T,My Barn My Rules
2025-05-31T11:09:22Z,May,5,31,11:09:22,What A Heavenly Way To Die,Troye Sivan,Bloom
2025-05-31T11:13:28Z,May,5,31,11:13:28,Roman Holiday,Nicki Minaj,Pink Friday ... Roman Reloaded
2025-05-31T11:16:27Z,May,5,31,11:16:27,Cruel Summer,Taylor Swift,Lover
2025-05-31T11:19:49Z,May,5,31,11:19:49,XS,Rina Sawayama,SAWAYAMA
2025-05-31T11:24:20Z,May,5,31,11:24:20,Galina,Allie X,Girl With No Face
2025-05-31T11:29:56Z,May,5,31,11:29:56,Desire,Tove Lo,HEAT
2025-05-31T11:36:04Z,May,5,31,11:36:04,Hard Feelings/Loveless,Lorde,Melodrama
2025-05-31T11:38:42Z,May,5,31,11:38:42,Hot Girl (Bodies Bodies Bodies),Charli xcx,Hot Girl (Bodies Bodies Bodies)
2025-05-31T11:40:52Z,May,5,31,11:40:52,360 featuring robyn & yung lean,Charli xcx,Brat and it’s completely different but also still brat
2025-05-31T11:43:19Z,May,5,31,11:43:19,Mosquito,PinkPantheress,Mosquito
2025-05-31T11:46:41Z,May,5,31,11:46:41,FIVE,ITZY,GOLD
2025-05-31T11:55:48Z,May,5,31,11:55:48,Whole New World/Pretend World,SOPHIE,OIL OF EVERY PEARL'S UN-INSIDES
2025-05-31T11:59:47Z,May,5,31,11:59:47,Talking Body,Tove Lo,Queen Of The Clouds
2025-05-31T12:03:29Z,May,5,31,12:03:29,The Path,Lorde,Solar Power
2025-05-31T12:07:36Z,May,5,31,12:07:36,Gone,Charli xcx,Charli
2025-05-31T12:10:47Z,May,5,31,12:10:47,Homemade Dynamite,Lorde,Melodrama
2025-05-31T12:14:00Z,May,5,31,12:14:00,Solar Power,Lorde,Solar Power
2025-05-31T12:17:09Z,May,5,31,12:17:09,slower,Tate McRae,TOO YOUNG TO BE SAD
2025-05-31T12:20:57Z,May,5,31,12:20:57,Beautiful,A. G. Cook,"PC Music, Vol. 1"
2025-05-31T12:23:24Z,May,5,31,12:23:24,Castle In The Sky,Kim Petras,Feed The Beast
2025-05-31T12:27:07Z,May,5,31,12:27:07,Diet Mountain Dew,Lana Del Rey,Born To Die - The Paradise Edition
2025-05-31T12:30:44Z,May,5,31,12:30:44,Do What U Want,Lady Gaga,Do What U Want
2025-05-31T12:33:55Z,May,5,31,12:33:55,I Don't Wanna Be Like You,Brevin Kim,DOG HEAD
2025-05-31T12:37:01Z,May,5,31,12:37:01,HOT TO GO!,Chappell Roan,The Rise and Fall of a Midwest Princess
2025-05-31T12:39:44Z,May,5,31,12:39:44,Allergy,i-dle,I feel
2025-05-31T12:43:13Z,May,5,31,12:43:13,...Ready For It?,Taylor Swift,reputation
2025-05-31T12:47:47Z,May,5,31,12:47:47,SKYLIT,ISOxo,kidsgonemad!
2025-05-31T12:50:59Z,May,5,31,12:50:59,Attention Whore (feat. Channel Tres),Tove Lo,Dirt Femme
2025-05-31T12:54:28Z,May,5,31,12:54:28,SHYPOP,ISOxo,kidsgonemad!
2025-06-01T02:19:58Z,June,6,1,02:19:58,Fame is a Gun,Addison Rae,Fame is a Gun
2025-06-01T02:23:15Z,June,6,1,02:23:15,Running Free (George Daniel remix),Oscar Farrell,Running Free (George Daniel remix)
2025-06-01T02:29:10Z,June,6,1,02:29:10,Lust For Life (with The Weeknd),Lana Del Rey,Lust For Life
2025-06-01T02:40:17Z,June,6,1,02:40:17,Sun Bleached Flies,Ethel Cain,Preacher’s Daughter
2025-06-01T05:15:13Z,June,6,1,05:15:13,Fame is a Gun,Addison Rae,Fame is a Gun
2025-06-01T05:18:24Z,June,6,1,05:18:24,Marianne,Eli,Marianne
2025-06-01T05:22:52Z,June,6,1,05:22:52,Out of My Head (feat. Tove Lo and ALMA),Charli xcx,Pop 2
2025-06-01T05:23:39Z,June,6,1,05:23:39,Lucky,Charli xcx,Pop 2
2025-06-01T05:27:03Z,June,6,1,05:27:03,Ash,LE SSERAFIM,HOT
2025-06-01T05:30:10Z,June,6,1,05:30:10,I Won't Apologize,Selena Gomez & The Scene,Kiss & Tell
2025-06-01T05:33:49Z,June,6,1,05:33:49,ballad of a homeschooled girl,Olivia Rodrigo,GUTS
2025-06-01T05:36:34Z,June,6,1,05:36:34,Cologne,beabadoobee,Our Extended Play
2025-06-01T05:38:45Z,June,6,1,05:38:45,take it offff,horsegiirL,v.i.p. - very important pony
2025-06-01T05:42:44Z,June,6,1,05:42:44,Talking Body,Tove Lo,Queen Of The Clouds
2025-06-01T05:46:05Z,June,6,1,05:46:05,Pretty Boy,Lennon Stella,Three. Two. One.
2025-06-01T05:50:12Z,June,6,1,05:50:12,Gone,Charli xcx,Charli
2025-06-01T05:56:04Z,June,6,1,05:56:04,Nothing More to Say - Vox,SOPHIE,Nothing More to Say
2025-06-01T05:58:36Z,June,6,1,05:58:36,Conceited,SZA,SOS
2025-06-01T06:02:48Z,June,6,1,06:02:48,You Slept On Me,Allie X,Girl With No Face
2025-06-01T06:06:32Z,June,6,1,06:06:32,Diet Mountain Dew,Lana Del Rey,Born To Die - The Paradise Edition
2025-06-01T06:09:15Z,June,6,1,06:09:15,Aquamarine,Addison Rae,Aquamarine
2025-06-01T06:12:29Z,June,6,1,06:12:29,Nothing On (But The Radio),Addison Rae,AR
2025-06-01T06:15:47Z,June,6,1,06:15:47,Sober,Lorde,Melodrama
2025-06-01T06:18:51Z,June,6,1,06:18:51,Diet Pepsi,Addison Rae,Aquamarine
2025-06-01T06:22:36Z,June,6,1,06:22:36,Womanizer,Britney Spears,Circus (Deluxe Version)
2025-06-01T06:25:40Z,June,6,1,06:25:40,STYLE,ITZY,RINGO
2025-06-01T06:28:41Z,June,6,1,06:28:41,MOONLIGHT SUNRISE,TWICE,READY TO BE
2025-06-01T06:33:02Z,June,6,1,06:33:02,Bags,Clairo,Immunity
2025-06-01T06:36:05Z,June,6,1,06:36:05,Perfect Lover,Britney Spears,Blackout
2025-06-01T06:38:52Z,June,6,1,06:38:52,Boys Night,Brevin Kim,DOG HEAD
2025-06-01T06:43:03Z,June,6,1,06:43:03,I might say something stupid featuring the 1975 & jon hopkins,Charli xcx,Brat and it’s completely different but also still brat
2025-06-01T06:46:51Z,June,6,1,06:46:51,Easy,Troye Sivan,In A Dream
2025-06-01T06:49:00Z,June,6,1,06:49:00,G R O W (WILLOW & Avril Lavigne feat. Travis Barker),WILLOW,lately I feel EVERYTHING
2025-06-01T06:52:29Z,June,6,1,06:52:29,What is Love?,TWICE,Summer Nights
2025-06-01T06:55:01Z,June,6,1,06:55:01,Movement,The Dare,What's Wrong With New York?
2025-06-01T06:58:11Z,June,6,1,06:58:11,Icy,Kim Petras,Clarity
2025-06-01T07:01:18Z,June,6,1,07:01:18,Sympathy is a knife featuring ariana grande,Charli xcx,Brat and it’s completely different but also still brat
2025-06-01T07:05:10Z,June,6,1,07:05:10,Dance To This (feat. Ariana Grande),Troye Sivan,Bloom
2025-06-01T07:06:25Z,June,6,1,07:06:25,Liability (Reprise),Lorde,Melodrama
2025-06-01T09:00:47Z,June,6,1,09:00:47,SKYLIT,ISOxo,kidsgonemad!
2025-06-01T09:04:45Z,June,6,1,09:04:45,Faceshopping,SOPHIE,OIL OF EVERY PEARL'S UN-INSIDES
2025-06-01T09:08:06Z,June,6,1,09:08:06,Stellar,Incubus,Make Yourself
2025-06-01T09:12:21Z,June,6,1,09:12:21,Pogo,Digitalism,Idealism
2025-06-01T09:15:31Z,June,6,1,09:15:31,Constant Repeat,Charli xcx,CRASH
2025-06-01T09:19:50Z,June,6,1,09:19:50,Coachella - Woodstock In My Mind,Lana Del Rey,Lust For Life
2025-06-01T09:23:25Z,June,6,1,09:23:25,King Of My Heart,Taylor Swift,reputation
2025-06-01T09:25:07Z,June,6,1,09:25:07,Cubana,Kim Petras,Slut Pop Miami
2025-06-01T09:30:11Z,June,6,1,09:30:11,CHIHIRO,Billie Eilish,HIT ME HARD AND SOFT
2025-06-01T09:33:21Z,June,6,1,09:33:21,Loba,Shakira,She Wolf (Expanded Edition)
2025-06-01T09:35:39Z,June,6,1,09:35:39,Wars,Brevin Kim,DOG HEAD
2025-06-01T09:36:19Z,June,6,1,09:36:19,drivers license,Olivia Rodrigo,SOUR
2025-06-02T19:37:37Z,June,6,2,19:37:37,Fame is a Gun,Addison Rae,Fame is a Gun
2025-06-02T19:41:01Z,June,6,2,19:41:01,Everything is romantic,Charli xcx,BRAT
2025-06-02T19:44:29Z,June,6,2,19:44:29,Bunny Is A Rider,Caroline Polachek,"Desire, I Want To Turn Into You"
2025-06-03T05:10:37Z,June,6,3,05:10:37,Marianne,Eli,Marianne
2025-06-03T05:14:46Z,June,6,3,05:14:46,Fame is a Gun,Addison Rae,Fame is a Gun
2025-06-03T05:17:58Z,June,6,3,05:17:58,Running Free (George Daniel remix),Oscar Farrell,Running Free (George Daniel remix)
2025-06-03T05:21:28Z,June,6,3,05:21:28,What Was That,Lorde,Man Of The Year
2025-06-03T05:24:32Z,June,6,3,05:24:32,Man Of The Year,Lorde,Man Of The Year
2025-06-03T05:28:04Z,June,6,3,05:28:04,Niño,Belanova,Gran Disco Mini Precio - Dulce Beat
2025-06-04T01:45:07Z,June,6,4,01:45:07,Good Thing,i-dle,We are
2025-06-04T01:48:54Z,June,6,4,01:48:54,Fame is a Gun,Addison Rae,Fame is a Gun
2025-06-04T01:51:16Z,June,6,4,01:51:16,Underground,f5ve,SEQUENCE 01
2025-06-04T01:54:41Z,June,6,4,01:54:41,Infrared,Daya,Infrared
2025-06-04T01:57:59Z,June,6,4,01:57:59,Infrared,Daya,Infrared
2025-06-04T04:08:13Z,June,6,4,04:08:13,Safe and Sound,Mr Floyd Larry,Grungy Bungee
2025-06-04T04:16:39Z,June,6,4,04:16:39,Nettles,Ethel Cain,Nettles
2025-06-04T04:19:59Z,June,6,4,04:19:59,Fame is a Gun,Addison Rae,Fame is a Gun
2025-06-04T04:26:27Z,June,6,4,04:26:27,Marianne,Eli,Marianne
2025-06-04T04:29:41Z,June,6,4,04:29:41,Man Of The Year,Lorde,Man Of The Year
2025-06-04T04:33:11Z,June,6,4,04:33:11,What Was That,Lorde,Man Of The Year
2025-06-04T04:37:07Z,June,6,4,04:37:07,Out of My Head (feat. Tove Lo and ALMA),Charli xcx,Pop 2
2025-06-04T04:56:19Z,June,6,4,04:56:19,"I Got It (feat. Brooke Candy, CupcakKe and Pabllo Vittar)",Charli xcx,Pop 2
2025-06-04T05:00:30Z,June,6,4,05:00:30,Backseat (feat. Carly Rae Jepsen),Charli xcx,Pop 2
2025-06-04T05:04:25Z,June,6,4,05:04:25,Out of My Head (feat. Tove Lo and ALMA),Charli xcx,Pop 2
2025-06-04T05:05:36Z,June,6,4,05:05:36,The Way I Did It,f5ve,Fun N Stuff
2025-06-04T05:27:08Z,June,6,4,05:27:08,Me4U,Danny L Harle,Me4U
2025-06-04T05:30:34Z,June,6,4,05:30:34,Focus,Charli xcx,Focus / No Angel
2025-06-04T05:33:40Z,June,6,4,05:33:40,Be Your USA,Finn Keane,Be Your USA
2025-06-04T05:37:06Z,June,6,4,05:37:06,1UL,Danny L Harle,1UL
2025-06-04T05:39:29Z,June,6,4,05:39:29,Xcxoplex (with Charli XCX),A. G. Cook,Apple vs. 7G
2025-06-04T06:16:37Z,June,6,4,06:16:37,Nettles,Ethel Cain,Nettles
2025-06-04T06:19:38Z,June,6,4,06:19:38,Diet Pepsi,Addison Rae,Diet Pepsi
2025-06-04T06:22:55Z,June,6,4,06:22:55,High Fashion,Addison Rae,High Fashion
2025-06-04T06:25:39Z,June,6,4,06:25:39,Aquamarine,Addison Rae,Aquamarine
2025-06-04T06:29:39Z,June,6,4,06:29:39,Headphones On,Addison Rae,Headphones On
2025-06-04T06:32:43Z,June,6,4,06:32:43,Diet Pepsi,Addison Rae,Diet Pepsi
2025-06-04T06:37:27Z,June,6,4,06:37:27,Thousand Pieces,Kim Petras,Feed The Beast
2025-06-04T06:40:52Z,June,6,4,06:40:52,After Midnight,Chappell Roan,The Rise and Fall of a Midwest Princess
2025-06-04T06:44:33Z,June,6,4,06:44:33,I'm a Slave 4 U,Britney Spears,Britney (Digital Deluxe Version)
2025-06-04T06:48:11Z,June,6,4,06:48:11,Starstruck,Lady Gaga,The Fame
2025-06-04T06:51:27Z,June,6,4,06:51:27,Viola,Yves,I Did
2025-06-04T06:55:09Z,June,6,4,06:55:09,Girls Night Out,Charli xcx,Girls Night Out
2025-06-04T06:58:52Z,June,6,4,06:58:52,Diet Mountain Dew,Lana Del Rey,Born To Die - The Paradise Edition
2025-06-04T07:02:53Z,June,6,4,07:02:53,I Want You To Know,Zedd,True Colors
2025-06-04T07:06:14Z,June,6,4,07:06:14,Who's That Chick? (feat. Rihanna),David Guetta,One More Love
2025-06-04T07:08:53Z,June,6,4,07:08:53,B2b featuring tinashe,Charli xcx,Brat and it’s completely different but also still brat
2025-06-04T07:13:09Z,June,6,4,07:13:09,Lipgloss (feat. CupcakKe),Charli xcx,Number 1 Angel
2025-06-04T07:17:20Z,June,6,4,07:17:20,I might say something stupid featuring the 1975 & jon hopkins,Charli xcx,Brat and it’s completely different but also still brat
2025-06-04T07:20:54Z,June,6,4,07:20:54,FANCY,TWICE,FANCY YOU
2025-06-04T07:25:17Z,June,6,4,07:25:17,august,Taylor Swift,folklore
2025-06-04T07:27:58Z,June,6,4,07:27:58,fuck u,Royal & the Serpent,searching for nirvana
2025-06-04T07:31:20Z,June,6,4,07:31:20,FIVE,ITZY,GOLD
2025-06-04T07:34:49Z,June,6,4,07:34:49,Laplander (Finn Keane Remix),Finn Keane,Laplander (Finn Keane Remix)
2025-06-04T07:39:13Z,June,6,4,07:39:13,Don't Speak,No Doubt,Tragic Kingdom
2025-06-04T07:44:43Z,June,6,4,07:44:43,BATTLE OF THE LARYNX,Melanie Martinez,PORTALS
2025-06-04T07:48:15Z,June,6,4,07:48:15,Misery Business,Paramore,Riot!
2025-06-04T19:34:57Z,June,6,4,19:34:57,Little Molly,Tommy Cash,Little Molly
2025-06-04T19:38:22Z,June,6,4,19:38:22,Me4U,Danny L Harle,Me4U
2025-06-04T19:46:27Z,June,6,4,19:46:27,Nettles,Ethel Cain,Nettles
2025-06-05T17:34:45Z,June,6,5,17:34:45,Gimme More,Britney Spears,Blackout
2025-06-05T17:38:17Z,June,6,5,17:38:17,Piece of Me,Britney Spears,Blackout
2025-06-05T17:42:06Z,June,6,5,17:42:06,Radar,Britney Spears,Blackout
2025-06-05T17:46:23Z,June,6,5,17:46:23,Break the Ice,Britney Spears,Blackout
2025-06-06T04:16:13Z,June,6,6,04:16:13,New York,Addison Rae,Addison
2025-06-06T04:18:19Z,June,6,6,04:18:19,Money is Everything,Addison Rae,Addison
2025-06-06T04:19:08Z,June,6,6,04:19:08,Lost & Found,Addison Rae,Addison
2025-06-06T04:23:30Z,June,6,6,04:23:30,Summer Forever,Addison Rae,Addison
2025-06-06T04:27:04Z,June,6,6,04:27:04,In The Rain,Addison Rae,Addison
2025-06-06T04:30:57Z,June,6,6,04:30:57,Times Like These,Addison Rae,Addison
2025-06-06T04:31:54Z,June,6,6,04:31:54,Life's No Fun Through Clear Waters,Addison Rae,Addison
2025-06-06T04:34:30Z,June,6,6,04:34:30,Heaven On Earth,Britney Spears,Blackout
2025-06-06T04:34:32Z,June,6,6,04:34:32,New York,Addison Rae,Addison
2025-06-06T04:37:26Z,June,6,6,04:37:26,Gnarly - Ice Spice Remix,KATSEYE,Gnarly
2025-06-06T04:41:13Z,June,6,6,04:41:13,Frozen,JADE,Frozen
2025-06-06T04:42:11Z,June,6,6,04:42:11,Strings Of Resonance,SOPHIE,Strings Of Resonance
2025-06-06T04:49:41Z,June,6,6,04:49:41,it's you i'm looking for,xo,it's you i'm looking for
2025-06-06T04:52:00Z,June,6,6,04:52:00,Gnarly - Lara of KATSEYE x Lancey Foux x Slush Puppy Remix,KATSEYE,Gnarly
2025-06-06T05:00:24Z,June,6,6,05:00:24,New York,Addison Rae,Addison
2025-06-06T05:03:13Z,June,6,6,05:03:13,Diet Pepsi,Addison Rae,Addison
2025-06-06T05:05:16Z,June,6,6,05:05:16,Money is Everything,Addison Rae,Addison
2025-06-06T05:07:59Z,June,6,6,05:07:59,Aquamarine,Addison Rae,Addison
2025-06-06T05:08:47Z,June,6,6,05:08:47,Lost & Found,Addison Rae,Addison
2025-06-06T05:12:05Z,June,6,6,05:12:05,High Fashion,Addison Rae,Addison
2025-06-06T05:16:34Z,June,6,6,05:16:34,Summer Forever,Addison Rae,Addison
2025-06-06T05:20:31Z,June,6,6,05:20:31,In The Rain,Addison Rae,Addison
2025-06-06T05:23:34Z,June,6,6,05:23:34,Fame is a Gun,Addison Rae,Addison
2025-06-06T05:27:27Z,June,6,6,05:27:27,Times Like These,Addison Rae,Addison
2025-06-06T05:28:24Z,June,6,6,05:28:24,Life's No Fun Through Clear Waters,Addison Rae,Addison
2025-06-06T05:33:09Z,June,6,6,05:33:09,Headphones On,Addison Rae,Addison
2025-06-06T06:14:57Z,June,6,6,06:14:57,New York,Addison Rae,Addison
2025-06-06T06:20:01Z,June,6,6,06:20:01,Summer Forever,Addison Rae,Addison
2025-06-06T06:22:12Z,June,6,6,06:22:12,Money is Everything,Addison Rae,Addison
2025-06-06T06:24:44Z,June,6,6,06:24:44,New York,Addison Rae,Addison
2025-06-06T07:30:24Z,June,6,6,07:30:24,Call Me,Blondie,Call Me
2025-06-06T20:44:58Z,June,6,6,20:44:58,New York,Addison Rae,Addison
2025-06-06T20:47:31Z,June,6,6,20:47:31,Money is Everything,Addison Rae,Addison
2025-06-06T20:48:50Z,June,6,6,20:48:50,Summer Forever,Addison Rae,Addison
2025-06-06T20:52:41Z,June,6,6,20:52:41,Summer Forever,Addison Rae,Addison
2025-06-06T20:56:35Z,June,6,6,20:56:35,In The Rain,Addison Rae,Addison
2025-06-06T21:01:10Z,June,6,6,21:01:10,Times Like These,Addison Rae,Addison
2025-06-06T23:12:29Z,June,6,6,23:12:29,New York,Addison Rae,Addison
2025-06-06T23:15:12Z,June,6,6,23:15:12,New York,Addison Rae,Addison
2025-06-06T23:16:00Z,June,6,6,23:16:00,TORTURE GARDEN / MEAT CLOTHING,SOPHIE,TORTURE GARDEN / MEAT CLOTHING
2025-06-07T05:14:50Z,June,6,7,05:14:50,Emotions,Mariah Carey,Emotions
2025-06-07T05:43:36Z,June,6,7,05:43:36,New York,Addison Rae,Addison
2025-06-07T05:54:40Z,June,6,7,05:54:40,Me4U,Danny L Harle,Me4U
2025-06-07T05:57:31Z,June,6,7,05:57:31,Little Molly,Tommy Cash,Little Molly
2025-06-07T22:33:07Z,June,6,7,22:33:07,Helium,ENHYPEN,DESIRE : UNLEASH
2025-06-07T22:35:55Z,June,6,7,22:35:55,New York,Addison Rae,Addison
2025-06-07T23:09:55Z,June,6,7,23:09:55,Little Molly,Tommy Cash,Little Molly
2025-06-07T23:12:52Z,June,6,7,23:12:52,Money is Everything,Addison Rae,Addison
2025-06-07T23:16:49Z,June,6,7,23:16:49,Summer Forever,Addison Rae,Addison
2025-06-07T23:20:23Z,June,6,7,23:20:23,In The Rain,Addison Rae,Addison
2025-06-07T23:24:52Z,June,6,7,23:24:52,Fame is a Gun,Addison Rae,Addison
2025-06-07T23:29:27Z,June,6,7,23:29:27,Times Like These,Addison Rae,Addison
2025-06-07T23:30:25Z,June,6,7,23:30:25,Life's No Fun Through Clear Waters,Addison Rae,Addison
2025-06-08T00:05:26Z,June,6,8,00:05:26,What Was That,Lorde,Man Of The Year
2025-06-08T00:09:01Z,June,6,8,00:09:01,Man Of The Year,Lorde,Man Of The Year
2025-06-08T00:12:34Z,June,6,8,00:12:34,Niño,Belanova,Gran Disco Mini Precio - Dulce Beat
2025-06-08T00:15:20Z,June,6,8,00:15:20,Good Thing,i-dle,We are
2025-06-08T00:18:46Z,June,6,8,00:18:46,Jump,f5ve,SEQUENCE 01
2025-06-08T00:21:28Z,June,6,8,00:21:28,UFO,f5ve,SEQUENCE 01
2025-06-08T00:24:50Z,June,6,8,00:24:50,Magic Clock,f5ve,SEQUENCE 01
2025-06-08T00:27:13Z,June,6,8,00:27:13,Underground,f5ve,SEQUENCE 01
2025-06-08T00:32:24Z,June,6,8,00:32:24,Work,P1Harmony,DUH!
2025-06-08T00:51:47Z,June,6,8,00:51:47,STUD,Troye Sivan,In A Dream
2025-06-08T00:56:29Z,June,6,8,00:56:29,Brave,TWICE,BETWEEN 1&2
2025-06-08T03:36:38Z,June,6,8,03:36:38,Circus,Britney Spears,Circus (Deluxe Version)
2025-06-08T03:40:00Z,June,6,8,03:40:00,Infrared,Daya,Infrared
2025-06-08T03:42:56Z,June,6,8,03:42:56,Midnight Rain,Taylor Swift,Midnights
2025-06-08T03:46:27Z,June,6,8,03:46:27,Get Ur Freak On,Missy Elliott,Miss E... So Addictive
2025-06-08T04:23:21Z,June,6,8,04:23:21,Open Up,UMI,Introspection
2025-06-08T04:33:19Z,June,6,8,04:33:19,Times Like These,Addison Rae,Addison
2025-06-08T04:35:49Z,June,6,8,04:35:49,New York,Addison Rae,Addison
2025-06-08T04:37:52Z,June,6,8,04:37:52,Money is Everything,Addison Rae,Addison
2025-06-08T06:52:36Z,June,6,8,06:52:36,Summer Forever,Addison Rae,Addison
2025-06-08T06:58:06Z,June,6,8,06:58:06,Kids,MGMT,Oracular Spectacular
2025-06-08T07:01:23Z,June,6,8,07:01:23,The Spins,Mac Miller,K.I.D.S.
2025-06-08T07:04:06Z,June,6,8,07:04:06,Apple featuring the japanese house,Charli xcx,Brat and it’s completely different but also still brat
2025-06-08T07:08:04Z,June,6,8,07:08:04,Paparazzi,Lady Gaga,The Fame
2025-06-08T07:11:14Z,June,6,8,07:11:14,Mean girls,Charli xcx,BRAT
2025-06-08T07:14:35Z,June,6,8,07:14:35,Stellar,Incubus,Make Yourself
2025-06-08T07:18:14Z,June,6,8,07:18:14,Maroon,Taylor Swift,Midnights
2025-06-08T07:21:42Z,June,6,8,07:21:42,Marianne,Eli,Marianne
2025-06-08T20:29:37Z,June,6,8,20:29:37,New York,Addison Rae,Addison
2025-06-08T20:33:25Z,June,6,8,20:33:25,Summer Forever,Addison Rae,Addison
2025-06-08T20:35:29Z,June,6,8,20:35:29,Money is Everything,Addison Rae,Addison
2025-06-08T20:39:16Z,June,6,8,20:39:16,In The Rain,Addison Rae,Addison
2025-06-08T20:43:43Z,June,6,8,20:43:43,Fame is a Gun,Addison Rae,Addison
2025-06-08T20:49:36Z,June,6,8,20:49:36,Times Like These,Addison Rae,Addison
2025-06-08T20:53:53Z,June,6,8,20:53:53,What Was That,Lorde,Man Of The Year
2025-06-08T21:00:15Z,June,6,8,21:00:15,Amber,311,Greatest Hits '93 - '03
2025-06-08T21:39:21Z,June,6,8,21:39:21,Duele El Amor,Aleks Syntek,Mundo Lite
2025-06-08T22:51:54Z,June,6,8,22:51:54,Fame is a Gun,Addison Rae,Fame is a Gun
2025-06-08T22:54:36Z,June,6,8,22:54:36,Boys,Charli xcx,Boys
2025-06-08T22:58:52Z,June,6,8,22:58:52,Backseat (feat. Carly Rae Jepsen),Charli xcx,Pop 2
2025-06-08T23:02:52Z,June,6,8,23:02:52,Out of My Head (feat. Tove Lo and ALMA),Charli xcx,Pop 2
2025-06-08T23:06:28Z,June,6,8,23:06:28,Lucky,Charli xcx,Pop 2
2025-06-08T23:10:45Z,June,6,8,23:10:45,Tears (feat. Caroline Polachek),Charli xcx,Pop 2
2025-06-08T23:14:44Z,June,6,8,23:14:44,"I Got It (feat. Brooke Candy, CupcakKe and Pabllo Vittar)",Charli xcx,Pop 2
2025-06-08T23:18:22Z,June,6,8,23:18:22,Femmebot (feat. Dorian Electra and Mykki Blanco),Charli xcx,Pop 2
2025-06-08T23:22:54Z,June,6,8,23:22:54,Delicious (feat. Tommy Cash),Charli xcx,Pop 2
2025-06-08T23:48:45Z,June,6,8,23:48:45,Unlock it (Lock It) - feat. Kim Petras and Jay Park,Charli xcx,Pop 2
2025-06-08T23:51:31Z,June,6,8,23:51:31,New York,Addison Rae,Addison
2025-06-08T23:55:27Z,June,6,8,23:55:27,Out of My Head (feat. Tove Lo and ALMA),Charli xcx,Pop 2
2025-06-08T23:58:57Z,June,6,8,23:58:57,What Was That,Lorde,Man Of The Year
2025-06-09T00:02:09Z,June,6,9,00:02:09,Running Free (George Daniel remix),Oscar Farrell,Running Free (George Daniel remix)
2025-06-09T00:06:18Z,June,6,9,00:06:18,Thinking About You (feat. Ayah Marar),Calvin Harris,18 Months
2025-06-09T00:09:10Z,June,6,9,00:09:10,Don't Lie,The Chainsmokers,Don't Lie
2025-06-09T00:12:47Z,June,6,9,00:12:47,I'm Not Alone - 2009 Remaster,Calvin Harris,I'm Not Alone 2019
2025-06-09T00:16:23Z,June,6,9,00:16:23,Who's That Chick? (feat. Rihanna),David Guetta,One More Love
2025-06-09T00:19:18Z,June,6,9,00:19:18,Club classics featuring bb trickz,Charli xcx,Brat and it’s completely different but also still brat
2025-06-09T01:14:10Z,June,6,9,01:14:10,My Barn My Rules,MCR-T,My Barn My Rules
2025-06-09T01:17:47Z,June,6,9,01:17:47,Infrared,Daya,Infrared
2025-06-09T01:20:20Z,June,6,9,01:20:20,New York,Addison Rae,Addison
2025-06-09T01:23:24Z,June,6,9,01:23:24,Fame is a Gun,Addison Rae,Fame is a Gun
2025-06-09T01:27:13Z,June,6,9,01:27:13,Summer Forever,Addison Rae,Addison
2025-06-09T01:30:23Z,June,6,9,01:30:23,Wind It Up,Gwen Stefani,The Sweet Escape
2025-06-09T04:08:16Z,June,6,9,04:08:16,The Edge Of Glory,Lady Gaga,Born This Way
2025-06-09T04:13:18Z,June,6,9,04:13:18,Summer Forever,Addison Rae,Addison
2025-06-09T04:16:03Z,June,6,9,04:16:03,New York,Addison Rae,Addison
2025-06-09T04:19:33Z,June,6,9,04:19:33,What Was That,Lorde,Man Of The Year
2025-06-09T04:22:34Z,June,6,9,04:22:34,Man Of The Year,Lorde,Man Of The Year
2025-06-09T04:39:41Z,June,6,9,04:39:41,Niño,Belanova,Gran Disco Mini Precio - Dulce Beat
2025-06-09T07:37:31Z,June,6,9,07:37:31,Skin,Madonna,Ray of Light
2025-06-09T07:39:48Z,June,6,9,07:39:48,Money is Everything,Addison Rae,Addison
2025-06-09T07:42:31Z,June,6,9,07:42:31,Aquamarine,Addison Rae,Addison
2025-06-09T07:46:33Z,June,6,9,07:46:33,Times Like These,Addison Rae,Addison
2025-06-09T07:50:16Z,June,6,9,07:50:16,In The Rain,Addison Rae,Addison
2025-06-09T07:53:19Z,June,6,9,07:53:19,Fame is a Gun,Addison Rae,Addison
2025-06-09T07:57:36Z,June,6,9,07:57:36,I'm Not Alone - 2009 Remaster,Calvin Harris,I'm Not Alone 2019
2025-06-09T08:01:44Z,June,6,9,08:01:44,The Steps,HAIM,Women In Music Pt. III
2025-06-09T08:04:22Z,June,6,9,08:04:22,Von dutch a. g. cook remix featuring addison rae,Charli xcx,Brat and it’s completely different but also still brat
2025-06-09T08:07:19Z,June,6,9,08:07:19,so american,Olivia Rodrigo,GUTS (spilled)
2025-06-09T08:09:45Z,June,6,9,08:09:45,Castle In The Sky,Kim Petras,Feed The Beast
2025-06-09T08:14:01Z,June,6,9,08:14:01,Diet Mountain Dew,Lana Del Rey,Born To Die - The Paradise Edition
2025-06-09T08:17:52Z,June,6,9,08:17:52,Warm (feat. HAIM),Charli xcx,Charli
2025-06-09T08:18:41Z,June,6,9,08:18:41,Be Kind (with Halsey),Marshmello,Be Kind (with Halsey)
2025-06-09T08:21:59Z,June,6,9,08:21:59,When The Sun Goes Down,Selena Gomez & The Scene,When The Sun Goes Down
2025-06-09T08:26:01Z,June,6,9,08:26:01,Teenage Dirtbag,Wheatus,"Songs From Dawson's Creek, Vol. II"
2025-06-09T08:29:16Z,June,6,9,08:29:16,Hit The Lights,Selena Gomez & The Scene,When The Sun Goes Down
2025-06-09T08:32:00Z,June,6,9,08:32:00,air,xo,whitenoise
2025-06-09T20:53:59Z,June,6,9,20:53:59,So Cynical (Badum),LE SSERAFIM,HOT
2025-06-09T20:56:17Z,June,6,9,20:56:17,Come Over,LE SSERAFIM,HOT
2025-06-09T20:59:35Z,June,6,9,20:59:35,Ash,LE SSERAFIM,HOT
2025-06-09T22:28:47Z,June,6,9,22:28:47,National Anthem,Lana Del Rey,Born To Die - The Paradise Edition
2025-06-09T22:29:20Z,June,6,9,22:29:20,Summer Forever,Addison Rae,Addison
2025-06-09T22:32:42Z,June,6,9,22:32:42,Frozen,JADE,Frozen
2025-06-09T22:35:16Z,June,6,9,22:35:16,New York,Addison Rae,Addison
2025-06-09T22:48:19Z,June,6,9,22:48:19,What Was That,Lorde,What Was That
2025-06-09T22:51:34Z,June,6,9,22:51:34,Sola,Arca,Puta / Sola
2025-06-09T22:54:35Z,June,6,9,22:54:35,Frog,Ren Carter,Frog
2025-06-09T22:58:53Z,June,6,9,22:58:53,Wanderlust,FKA twigs,EUSEXUA
2025-06-09T23:01:51Z,June,6,9,23:01:51,Sticky,FKA twigs,EUSEXUA
2025-06-09T23:06:17Z,June,6,9,23:06:17,Room Of Fools,FKA twigs,EUSEXUA
2025-06-09T23:09:29Z,June,6,9,23:09:29,Drums of Death,FKA twigs,EUSEXUA
2025-06-09T23:13:06Z,June,6,9,23:13:06,Perfect Stranger,FKA twigs,EUSEXUA
2025-06-09T23:13:41Z,June,6,9,23:13:41,earthquake,JISOO,AMORTAGE
2025-06-09T23:18:29Z,June,6,9,23:18:29,E-mail more,Tommy february6,Lonely in Gorgeous
2025-06-09T23:22:35Z,June,6,9,23:22:35,When I Grow Up,The Pussycat Dolls,Doll Domination
2025-06-09T23:26:45Z,June,6,9,23:26:45,Down to be wrong,HAIM,Down to be wrong
2025-06-09T23:30:22Z,June,6,9,23:30:22,I'm Not Alone - 2009 Remaster,Calvin Harris,I'm Not Alone 2019
2025-06-09T23:32:27Z,June,6,9,23:32:27,you'll come back,jigitz,don't come back
2025-06-09T23:34:59Z,June,6,9,23:34:59,CUUUUuuuuuute,ROSALÍA,MOTOMAMI
2025-06-09T23:40:19Z,June,6,9,23:40:19,Headphones On,Addison Rae,Headphones On
2025-06-09T23:42:36Z,June,6,9,23:42:36,Mantra,JENNIE,Mantra
2025-06-09T23:47:15Z,June,6,9,23:47:15,The Steps,HAIM,Women In Music Pt. III
2025-06-09T23:51:16Z,June,6,9,23:51:16,Can't Get You out of My Head,Kylie Minogue,Fever
2025-06-09T23:53:42Z,June,6,9,23:53:42,Come Over (Hyperpop Remix),LE SSERAFIM,Come Over (Remixes)
2025-06-09T23:56:30Z,June,6,9,23:56:30,Sunset Blvd,Selena Gomez,I Said I Love You First
2025-06-09T23:59:31Z,June,6,9,23:59:31,You Said You Were Sorry,Selena Gomez,I Said I Love You First
2025-06-10T00:02:38Z,June,6,10,00:02:38,Busy Woman,Sabrina Carpenter,Short n' Sweet
2025-06-10T00:04:49Z,June,6,10,00:04:49,360 featuring robyn & yung lean,Charli xcx,Brat and it’s completely different but also still brat
2025-06-10T00:07:59Z,June,6,10,00:07:59,Hugs & Kisses,JISOO,AMORTAGE
2025-06-10T00:11:36Z,June,6,10,00:11:36,Good Graces,Sabrina Carpenter,Short n' Sweet
2025-06-10T00:14:20Z,June,6,10,00:14:20,Bluest Flame,Selena Gomez,I Said I Love You First
2025-06-10T00:17:47Z,June,6,10,00:17:47,Air,YEJI,AIR
2025-06-10T00:21:14Z,June,6,10,00:21:14,B.E.A.T.,Selena Gomez,Stars Dance
2025-06-10T00:25:01Z,June,6,10,00:25:01,I Know Alone,HAIM,Women In Music Pt. III
2025-06-10T00:27:54Z,June,6,10,00:27:54,Talking to Yourself,Carly Rae Jepsen,The Loneliest Time
2025-06-10T00:30:14Z,June,6,10,00:30:14,Rapunzel (Kiki Solo Version),LISA,Alter Ego
2025-06-10T00:33:01Z,June,6,10,00:33:01,Chill,LISA,Alter Ego
2025-06-10T00:35:12Z,June,6,10,00:35:12,take it offff,horsegiirL,v.i.p. - very important pony
2025-06-10T02:48:51Z,June,6,10,02:48:51,Sympathy is a knife,Charli xcx,BRAT
2025-06-10T02:49:29Z,June,6,10,02:49:29,22 (Taylor's Version),Taylor Swift,Red (Taylor's Version)
2025-06-10T02:52:50Z,June,6,10,02:52:50,Angel Of My Dreams,JADE,Angel Of My Dreams
2025-06-10T02:55:57Z,June,6,10,02:55:57,No Angel,Charli xcx,Focus / No Angel
2025-06-10T02:58:21Z,June,6,10,02:58:21,WHAT I WANT,ITZY,CHECKMATE
2025-06-10T03:01:06Z,June,6,10,03:01:06,Sneaky Link (feat. Barney Bones),J. Worra,Sneaky Link (feat. Barney Bones)
2025-06-10T03:04:43Z,June,6,10,03:04:43,I Really Like You,Carly Rae Jepsen,Emotion
2025-06-10T03:07:36Z,June,6,10,03:07:36,I got it bad,Addison Rae,AR
2025-06-10T03:11:30Z,June,6,10,03:11:30,Welcome To My Island,Caroline Polachek,"Desire, I Want To Turn Into You"
2025-06-10T03:14:02Z,June,6,10,03:14:02,Apple,Charli xcx,BRAT
2025-06-10T03:16:40Z,June,6,10,03:16:40,Hot Girl (Bodies Bodies Bodies),Charli xcx,Hot Girl (Bodies Bodies Bodies)
2025-06-10T03:21:47Z,June,6,10,03:21:47,I like u (Extended),Tove Lo,I like u (Remixes)
2025-06-10T03:25:47Z,June,6,10,03:25:47,3AM (Pull Up) [feat. MØ],Charli xcx,Number 1 Angel
2025-06-10T05:10:18Z,June,6,10,05:10:18,Money is Everything,Addison Rae,Addison
2025-06-10T05:13:53Z,June,6,10,05:13:53,In The Rain,Addison Rae,Addison
2025-06-10T05:26:20Z,June,6,10,05:26:20,Times Like These,Addison Rae,Addison
2025-06-11T02:13:31Z,June,6,11,02:13:31,New York,Addison Rae,Addison
2025-06-11T02:23:31Z,June,6,11,02:23:31,Money is Everything,Addison Rae,Addison
2025-06-11T02:26:13Z,June,6,11,02:26:13,Aquamarine,Addison Rae,Addison
2025-06-11T02:27:02Z,June,6,11,02:27:02,Lost & Found,Addison Rae,Addison
2025-06-11T02:30:20Z,June,6,11,02:30:20,High Fashion,Addison Rae,Addison
2025-06-11T02:34:08Z,June,6,11,02:34:08,Summer Forever,Addison Rae,Addison
2025-06-11T02:37:42Z,June,6,11,02:37:42,In The Rain,Addison Rae,Addison
2025-06-11T02:40:45Z,June,6,11,02:40:45,Fame is a Gun,Addison Rae,Addison
2025-06-11T02:44:38Z,June,6,11,02:44:38,Times Like These,Addison Rae,Addison
2025-06-11T02:45:35Z,June,6,11,02:45:35,Life's No Fun Through Clear Waters,Addison Rae,Addison
2025-06-11T02:49:35Z,June,6,11,02:49:35,Headphones On,Addison Rae,Addison
2025-06-11T02:52:08Z,June,6,11,02:52:08,New York,Addison Rae,Addison
2025-06-11T02:54:57Z,June,6,11,02:54:57,Diet Pepsi,Addison Rae,Addison
2025-06-11T02:57:00Z,June,6,11,02:57:00,Money is Everything,Addison Rae,Addison
2025-06-11T02:59:43Z,June,6,11,02:59:43,Aquamarine,Addison Rae,Addison
2025-06-11T03:00:31Z,June,6,11,03:00:31,Lost & Found,Addison Rae,Addison
2025-06-11T03:03:49Z,June,6,11,03:03:49,High Fashion,Addison Rae,Addison
2025-06-11T03:07:37Z,June,6,11,03:07:37,Summer Forever,Addison Rae,Addison
2025-06-11T03:11:11Z,June,6,11,03:11:11,In The Rain,Addison Rae,Addison
2025-06-11T03:14:14Z,June,6,11,03:14:14,Fame is a Gun,Addison Rae,Addison
2025-06-11T03:18:07Z,June,6,11,03:18:07,Times Like These,Addison Rae,Addison
2025-06-11T03:19:04Z,June,6,11,03:19:04,Life's No Fun Through Clear Waters,Addison Rae,Addison
2025-06-11T03:23:04Z,June,6,11,03:23:04,Headphones On,Addison Rae,Addison
2025-06-11T03:25:37Z,June,6,11,03:25:37,New York,Addison Rae,Addison
2025-06-11T03:28:27Z,June,6,11,03:28:27,Diet Pepsi,Addison Rae,Addison
2025-06-11T03:30:30Z,June,6,11,03:30:30,Money is Everything,Addison Rae,Addison
2025-06-11T03:33:12Z,June,6,11,03:33:12,Aquamarine,Addison Rae,Addison
2025-06-11T03:34:01Z,June,6,11,03:34:01,Lost & Found,Addison Rae,Addison
2025-06-11T03:37:19Z,June,6,11,03:37:19,High Fashion,Addison Rae,Addison
2025-06-11T03:41:07Z,June,6,11,03:41:07,Summer Forever,Addison Rae,Addison
2025-06-11T03:44:41Z,June,6,11,03:44:41,In The Rain,Addison Rae,Addison
2025-06-11T03:47:44Z,June,6,11,03:47:44,Fame is a Gun,Addison Rae,Addison
2025-06-11T03:51:36Z,June,6,11,03:51:36,Times Like These,Addison Rae,Addison
2025-06-11T03:52:33Z,June,6,11,03:52:33,Life's No Fun Through Clear Waters,Addison Rae,Addison
2025-06-11T03:56:34Z,June,6,11,03:56:34,Headphones On,Addison Rae,Addison
2025-06-11T03:59:07Z,June,6,11,03:59:07,New York,Addison Rae,Addison
2025-06-11T04:01:56Z,June,6,11,04:01:56,Diet Pepsi,Addison Rae,Addison
2025-06-11T04:03:59Z,June,6,11,04:03:59,Money is Everything,Addison Rae,Addison
2025-06-11T04:06:42Z,June,6,11,04:06:42,Aquamarine,Addison Rae,Addison
2025-06-11T04:07:30Z,June,6,11,04:07:30,Lost & Found,Addison Rae,Addison
2025-06-11T04:10:48Z,June,6,11,04:10:48,High Fashion,Addison Rae,Addison
2025-06-11T04:14:36Z,June,6,11,04:14:36,Summer Forever,Addison Rae,Addison
2025-06-11T04:18:10Z,June,6,11,04:18:10,In The Rain,Addison Rae,Addison
2025-06-11T04:21:13Z,June,6,11,04:21:13,Fame is a Gun,Addison Rae,Addison
2025-06-11T04:25:06Z,June,6,11,04:25:06,Times Like These,Addison Rae,Addison
2025-06-11T04:26:03Z,June,6,11,04:26:03,Life's No Fun Through Clear Waters,Addison Rae,Addison
2025-06-11T04:30:03Z,June,6,11,04:30:03,Headphones On,Addison Rae,Addison
2025-06-11T04:32:36Z,June,6,11,04:32:36,New York,Addison Rae,Addison
2025-06-11T04:35:26Z,June,6,11,04:35:26,Diet Pepsi,Addison Rae,Addison
2025-06-11T04:37:29Z,June,6,11,04:37:29,Money is Everything,Addison Rae,Addison
2025-06-11T04:40:11Z,June,6,11,04:40:11,Aquamarine,Addison Rae,Addison
2025-06-11T04:41:00Z,June,6,11,04:41:00,Lost & Found,Addison Rae,Addison
2025-06-11T04:44:18Z,June,6,11,04:44:18,High Fashion,Addison Rae,Addison
2025-06-11T04:48:06Z,June,6,11,04:48:06,Summer Forever,Addison Rae,Addison
2025-06-11T04:51:40Z,June,6,11,04:51:40,In The Rain,Addison Rae,Addison
2025-06-11T04:54:43Z,June,6,11,04:54:43,Fame is a Gun,Addison Rae,Addison
2025-06-11T04:58:35Z,June,6,11,04:58:35,Times Like These,Addison Rae,Addison
2025-06-11T06:31:31Z,June,6,11,06:31:31,Money is Everything,Addison Rae,Addison
2025-06-11T06:35:27Z,June,6,11,06:35:27,Summer Forever,Addison Rae,Addison
2025-06-11T06:39:01Z,June,6,11,06:39:01,In The Rain,Addison Rae,Addison
2025-06-11T06:42:04Z,June,6,11,06:42:04,Fame is a Gun,Addison Rae,Addison
2025-06-11T06:43:48Z,June,6,11,06:43:48,Life's No Fun Through Clear Waters,Addison Rae,Addison
2025-06-11T06:45:56Z,June,6,11,06:45:56,Times Like These,Addison Rae,Addison
2025-06-11T06:58:05Z,June,6,11,06:58:05,Frozen,JADE,Frozen
2025-06-11T07:00:39Z,June,6,11,07:00:39,New York,Addison Rae,Addison
2025-06-11T16:54:36Z,June,6,11,16:54:36,New York,Addison Rae,Addison
2025-06-11T17:02:34Z,June,6,11,17:02:34,Summer Forever,Addison Rae,Addison
2025-06-11T17:04:58Z,June,6,11,17:04:58,Money is Everything,Addison Rae,Addison
2025-06-11T17:12:38Z,June,6,11,17:12:38,In The Rain,Addison Rae,Addison
2025-06-11T17:15:41Z,June,6,11,17:15:41,Fame is a Gun,Addison Rae,Addison
2025-06-11T17:19:35Z,June,6,11,17:19:35,Times Like These,Addison Rae,Addison
2025-06-11T17:26:40Z,June,6,11,17:26:40,What Was That,Lorde,Man Of The Year
2025-06-11T17:29:59Z,June,6,11,17:29:59,blade bird,Oklou,choke enough
2025-06-11T17:33:59Z,June,6,11,17:33:59,choke enough,Oklou,choke enough
2025-06-11T17:38:25Z,June,6,11,17:38:25,Room Of Fools,FKA twigs,EUSEXUA
2025-06-11T17:40:57Z,June,6,11,17:40:57,Childlike Things,FKA twigs,EUSEXUA
2025-06-11T17:44:08Z,June,6,11,17:44:08,Drums of Death,FKA twigs,EUSEXUA
2025-06-11T17:48:40Z,June,6,11,17:48:40,Down to be wrong,HAIM,Down to be wrong
2025-06-11T17:52:31Z,June,6,11,17:52:31,I'm Not Alone - 2009 Remaster,Calvin Harris,I'm Not Alone 2019
2025-06-11T17:54:36Z,June,6,11,17:54:36,you'll come back,jigitz,don't come back
2025-06-11T17:57:07Z,June,6,11,17:57:07,CUUUUuuuuuute,ROSALÍA,MOTOMAMI
2025-06-11T17:59:25Z,June,6,11,17:59:25,SAOKO,ROSALÍA,MOTOMAMI
2025-06-11T18:02:39Z,June,6,11,18:02:39,CANDY,ROSALÍA,MOTOMAMI
2025-06-11T18:05:47Z,June,6,11,18:05:47,LA FAMA,ROSALÍA,MOTOMAMI
2025-06-11T18:08:23Z,June,6,11,18:08:23,BULERÍAS,ROSALÍA,MOTOMAMI
2025-06-11T18:10:25Z,June,6,11,18:10:25,CHICKEN TERIYAKI,ROSALÍA,MOTOMAMI
2025-06-11T18:13:08Z,June,6,11,18:13:08,HENTAI,ROSALÍA,MOTOMAMI
2025-06-11T18:14:57Z,June,6,11,18:14:57,BIZCOCHITO,ROSALÍA,MOTOMAMI
2025-06-11T18:19:13Z,June,6,11,18:19:13,G3 N15,ROSALÍA,MOTOMAMI
2025-06-11T18:20:19Z,June,6,11,18:20:19,MOTOMAMI,ROSALÍA,MOTOMAMI
2025-06-11T18:23:04Z,June,6,11,18:23:04,DIABLO,ROSALÍA,MOTOMAMI
2025-06-11T18:25:40Z,June,6,11,18:25:40,DELIRIO DE GRANDEZA,ROSALÍA,MOTOMAMI
2025-06-11T18:28:19Z,June,6,11,18:28:19,CUUUUuuuuuute,ROSALÍA,MOTOMAMI
2025-06-11T18:32:41Z,June,6,11,18:32:41,COMO UN G,ROSALÍA,MOTOMAMI
2025-06-11T18:33:47Z,June,6,11,18:33:47,Abcdefg,ROSALÍA,MOTOMAMI
2025-06-11T18:36:28Z,June,6,11,18:36:28,LA COMBI VERSACE,ROSALÍA,MOTOMAMI
2025-06-11T18:39:50Z,June,6,11,18:39:50,SAKURA,ROSALÍA,MOTOMAMI
2025-06-11T18:43:49Z,June,6,11,18:43:49,Backseat (feat. Carly Rae Jepsen),Charli xcx,Pop 2
2025-06-11T18:47:44Z,June,6,11,18:47:44,Out of My Head (feat. Tove Lo and ALMA),Charli xcx,Pop 2
2025-06-11T18:51:20Z,June,6,11,18:51:20,Lucky,Charli xcx,Pop 2
2025-06-11T18:55:34Z,June,6,11,18:55:34,Tears (feat. Caroline Polachek),Charli xcx,Pop 2
2025-06-11T18:59:26Z,June,6,11,18:59:26,"I Got It (feat. Brooke Candy, CupcakKe and Pabllo Vittar)",Charli xcx,Pop 2
2025-06-11T19:03:04Z,June,6,11,19:03:04,Femmebot (feat. Dorian Electra and Mykki Blanco),Charli xcx,Pop 2
2025-06-11T19:07:37Z,June,6,11,19:07:37,Delicious (feat. Tommy Cash),Charli xcx,Pop 2
2025-06-11T19:11:29Z,June,6,11,19:11:29,Unlock it (Lock It) - feat. Kim Petras and Jay Park,Charli xcx,Pop 2
2025-06-11T19:14:56Z,June,6,11,19:14:56,Porsche (feat. MØ),Charli xcx,Pop 2
2025-06-11T19:20:40Z,June,6,11,19:20:40,Track 10,Charli xcx,Pop 2
2025-06-11T19:23:50Z,June,6,11,19:23:50,Marianne,Eli,Marianne
2025-06-11T19:27:10Z,June,6,11,19:27:10,Running Free (George Daniel remix),Oscar Farrell,Running Free (George Daniel remix)
2025-06-11T19:29:43Z,June,6,11,19:29:43,New York,Addison Rae,Addison
2025-06-11T19:33:25Z,June,6,11,19:33:25,Me4U,Danny L Harle,Me4U
2025-06-11T21:08:37Z,June,6,11,21:08:37,Nettles,Ethel Cain,Nettles
2025-06-11T21:12:18Z,June,6,11,21:12:18,Me4U,Danny L Harle,Me4U
2025-06-11T21:18:14Z,June,6,11,21:18:14,Summer Forever,Addison Rae,Addison
2025-06-11T23:03:18Z,June,6,11,23:03:18,New York,Addison Rae,Addison
2025-06-14T22:04:17Z,June,6,14,22:04:17,New York,Addison Rae,Addison
2025-06-14T22:08:13Z,June,6,14,22:08:13,Out of My Head (feat. Tove Lo and ALMA),Charli xcx,Pop 2
2025-06-14T22:10:16Z,June,6,14,22:10:16,Money is Everything,Addison Rae,Addison
2025-06-14T22:14:16Z,June,6,14,22:14:16,What Was That,Lorde,Man Of The Year
2025-06-15T04:40:27Z,June,6,15,04:40:27,Man Of The Year,Lorde,Man Of The Year
2025-06-15T05:04:42Z,June,6,15,05:04:42,Times Like These,Addison Rae,Addison
2025-06-15T05:07:09Z,June,6,15,05:07:09,Money is Everything,Addison Rae,Addison
2025-06-15T05:13:40Z,June,6,15,05:13:40,Summer Forever,Addison Rae,Addison
2025-06-16T01:47:30Z,June,6,16,01:47:30,In The Rain,Addison Rae,Addison
2025-06-16T01:51:23Z,June,6,16,01:51:23,Times Like These,Addison Rae,Addison
2025-06-16T01:54:52Z,June,6,16,01:54:52,What Was That,Lorde,Man Of The Year
2025-06-16T01:59:50Z,June,6,16,01:59:50,Room Of Fools,FKA twigs,EUSEXUA
2025-06-16T02:00:52Z,June,6,16,02:00:52,MOTOMAMI,ROSALÍA,MOTOMAMI
2025-06-16T02:03:24Z,June,6,16,02:03:24,CUUUUuuuuuute,ROSALÍA,MOTOMAMI
2025-06-16T02:06:00Z,June,6,16,02:06:00,BULERÍAS,ROSALÍA,MOTOMAMI
2025-06-16T02:08:23Z,June,6,16,02:08:23,Underground,f5ve,SEQUENCE 01
2025-06-16T02:10:41Z,June,6,16,02:10:41,Magic Clock,f5ve,SEQUENCE 01
2025-06-16T02:13:10Z,June,6,16,02:13:10,Don't Lie,The Chainsmokers,Don't Lie
2025-06-16T02:17:22Z,June,6,16,02:17:22,I'm Not Alone - 2009 Remaster,Calvin Harris,I'm Not Alone 2019
2025-06-16T02:19:25Z,June,6,16,02:19:25,Money is Everything,Addison Rae,Addison
2025-06-16T04:18:28Z,June,6,16,04:18:28,Infrared,Daya,Infrared
2025-06-16T04:24:48Z,June,6,16,04:24:48,Talking Body,Tove Lo,Queen Of The Clouds
2025-06-16T04:29:01Z,June,6,16,04:29:01,Me4U,Danny L Harle,Me4U
2025-06-16T04:33:22Z,June,6,16,04:33:22,visions,Charli xcx,how i'm feeling now
2025-06-16T04:37:22Z,June,6,16,04:37:22,SAOKO,ROSALÍA,MOTOMAMI
2025-06-16T04:40:36Z,June,6,16,04:40:36,CANDY,ROSALÍA,MOTOMAMI
2025-06-16T04:43:44Z,June,6,16,04:43:44,LA FAMA,ROSALÍA,MOTOMAMI
2025-06-16T04:46:20Z,June,6,16,04:46:20,BULERÍAS,ROSALÍA,MOTOMAMI
2025-06-16T04:48:22Z,June,6,16,04:48:22,CHICKEN TERIYAKI,ROSALÍA,MOTOMAMI
2025-06-16T04:51:05Z,June,6,16,04:51:05,HENTAI,ROSALÍA,MOTOMAMI
2025-06-16T04:52:54Z,June,6,16,04:52:54,BIZCOCHITO,ROSALÍA,MOTOMAMI
2025-06-16T04:57:06Z,June,6,16,04:57:06,G3 N15,ROSALÍA,MOTOMAMI
2025-06-16T04:58:07Z,June,6,16,04:58:07,MOTOMAMI,ROSALÍA,MOTOMAMI
2025-06-16T05:00:53Z,June,6,16,05:00:53,DIABLO,ROSALÍA,MOTOMAMI
2025-06-16T05:03:28Z,June,6,16,05:03:28,DELIRIO DE GRANDEZA,ROSALÍA,MOTOMAMI
2025-06-16T05:05:59Z,June,6,16,05:05:59,CUUUUuuuuuute,ROSALÍA,MOTOMAMI
2025-06-16T05:10:21Z,June,6,16,05:10:21,COMO UN G,ROSALÍA,MOTOMAMI
2025-06-16T05:11:27Z,June,6,16,05:11:27,Abcdefg,ROSALÍA,MOTOMAMI
2025-06-16T05:14:08Z,June,6,16,05:14:08,LA COMBI VERSACE,ROSALÍA,MOTOMAMI
2025-06-16T05:17:30Z,June,6,16,05:17:30,SAKURA,ROSALÍA,MOTOMAMI
2025-06-16T05:24:01Z,June,6,16,05:24:01,Niño,Belanova,Gran Disco Mini Precio - Dulce Beat
2025-06-16T05:27:15Z,June,6,16,05:27:15,Talk,Selena Gomez,I Said I Love You First... And You Said It Back
2025-06-16T05:31:40Z,June,6,16,05:31:40,"I Got It (feat. Brooke Candy, CupcakKe and Pabllo Vittar)",Charli xcx,Pop 2
2025-06-16T05:35:18Z,June,6,16,05:35:18,Femmebot (feat. Dorian Electra and Mykki Blanco),Charli xcx,Pop 2
2025-06-16T05:39:51Z,June,6,16,05:39:51,Delicious (feat. Tommy Cash),Charli xcx,Pop 2
2025-06-16T05:43:44Z,June,6,16,05:43:44,Unlock it (Lock It) - feat. Kim Petras and Jay Park,Charli xcx,Pop 2
2025-06-16T05:47:10Z,June,6,16,05:47:10,Porsche (feat. MØ),Charli xcx,Pop 2
2025-06-16T06:00:04Z,June,6,16,06:00:04,New York,Addison Rae,Addison
2025-06-16T06:03:56Z,June,6,16,06:03:56,What Was That,Lorde,What Was That
2025-06-16T06:10:18Z,June,6,16,06:10:18,Skin,Madonna,Ray of Light
2025-06-16T06:50:16Z,June,6,16,06:50:16,Something To Tell You,HAIM,Something to Tell You
2025-06-16T06:54:34Z,June,6,16,06:54:34,choke enough,Oklou,choke enough
2025-06-16T06:56:50Z,June,6,16,06:56:50,you'll come back,jigitz,don't come back
2025-06-16T07:00:19Z,June,6,16,07:00:19,Don′t,LEE CHAE YEON,SHOWDOWN
2025-06-16T07:03:52Z,June,6,16,07:03:52,FOREVER,BABYMONSTER,DRIP
2025-06-16T07:07:11Z,June,6,16,07:07:11,HOT,SEVENTEEN,SEVENTEEN 4th Album 'Face the Sun'
2025-06-16T07:12:09Z,June,6,16,07:12:09,Out of My Head (feat. Tove Lo and ALMA),Charli xcx,Pop 2
2025-06-16T09:17:42Z,June,6,16,09:17:42,Big Star,Lorde,Solar Power
2025-06-16T09:21:23Z,June,6,16,09:21:23,FEARLESS (2023 Ver.),LE SSERAFIM,UNFORGIVEN
2025-06-16T16:44:52Z,June,6,16,16:44:52,Talk,Selena Gomez,I Said I Love You First... And You Said It Back
2025-06-16T16:53:16Z,June,6,16,16:53:16,Summer Forever,Addison Rae,Addison
2025-06-16T16:57:26Z,June,6,16,16:57:26,Frozen,JADE,Frozen
2025-06-16T17:15:27Z,June,6,16,17:15:27,New York,Addison Rae,Addison
2025-06-16T17:19:26Z,June,6,16,17:19:26,Little Molly,Tommy Cash,Little Molly
2025-06-16T17:23:03Z,June,6,16,17:23:03,Me4U,Danny L Harle,Me4U
2025-06-16T17:49:01Z,June,6,16,17:49:01,Nettles,Ethel Cain,Nettles
2025-06-16T17:53:01Z,June,6,16,17:53:01,Hold It Against Me,Britney Spears,Femme Fatale (Deluxe Version)
2025-06-16T17:55:59Z,June,6,16,17:55:59,I Hate Your Room - From the Podcast Musical “Valentine’s Day In Hell”,Carlie Hanson,I Hate Your Room
2025-06-16T17:59:15Z,June,6,16,17:59:15,Whip My Hair,WILLOW,Whip My Hair
2025-06-16T18:02:39Z,June,6,16,18:02:39,All I Do Is Cry,Kim Petras,Clarity
2025-06-16T18:06:52Z,June,6,16,18:06:52,You Slept On Me,Allie X,Girl With No Face
2025-06-16T18:11:01Z,June,6,16,18:11:01,Lipgloss (feat. CupcakKe),Charli xcx,Number 1 Angel
2025-06-16T18:14:35Z,June,6,16,18:14:35,Sun Sex Party,Babymorocco,The Sound
2025-06-16T18:16:42Z,June,6,16,18:16:42,2 die 4 (feat. Charli XCX),Addison Rae,AR
2025-06-16T18:21:42Z,June,6,16,18:21:42,I like u (Extended),Tove Lo,I like u (Remixes)
2025-06-16T18:25:29Z,June,6,16,18:25:29,Angel Of My Dreams - S.A.D. Version - Slow. Angelic. Dramatic.,JADE,Angel Of My Dreams - S.A.D. Version (Slow. Angelic. Dramatic.)
2025-06-16T18:28:57Z,June,6,16,18:28:57,Apple featuring the japanese house,Charli xcx,Brat and it’s completely different but also still brat
2025-06-16T18:32:55Z,June,6,16,18:32:55,Till the World Ends,Britney Spears,Femme Fatale (Deluxe Version)
2025-06-16T18:36:32Z,June,6,16,18:36:32,Dirty Things,Kim Petras,Problématique
2025-06-16T18:41:29Z,June,6,16,18:41:29,party 4 u,Charli xcx,how i'm feeling now
2025-06-16T18:45:01Z,June,6,16,18:45:01,Aquamarine / Arcamarine,Addison Rae,Aquamarine / Arcamarine
2025-06-16T18:48:18Z,June,6,16,18:48:18,Hugs & Kisses,JISOO,AMORTAGE
2025-06-16T18:52:10Z,June,6,16,18:52:10,Tennis Court,Lorde,Pure Heroine
2025-06-16T18:53:51Z,June,6,16,18:53:51,Drums (Feat. Kim Petras),James Hype,Drums (Feat. Kim Petras)
2025-06-16T18:57:46Z,June,6,16,18:57:46,I'm Not Alone - 2009 Remaster,Calvin Harris,I'm Not Alone 2019
2025-06-16T19:00:19Z,June,6,16,19:00:19,New York,Addison Rae,Addison
2025-06-16T19:03:42Z,June,6,16,19:03:42,CUUUUuuuuuute,ROSALÍA,MOTOMAMI
2025-06-16T19:04:44Z,June,6,16,19:04:44,MOTOMAMI,ROSALÍA,MOTOMAMI
2025-06-16T19:07:21Z,June,6,16,19:07:21,BULERÍAS,ROSALÍA,MOTOMAMI
2025-06-16T19:09:39Z,June,6,16,19:09:39,SAOKO,ROSALÍA,MOTOMAMI
2025-06-16T19:13:47Z,June,6,16,19:13:47,The Steps,HAIM,Women In Music Pt. III
2025-06-16T19:17:57Z,June,6,16,19:17:57,Down to be wrong,HAIM,Down to be wrong
2025-06-16T19:21:43Z,June,6,16,19:21:43,Warm (feat. HAIM),Charli xcx,Charli
2025-06-16T19:25:44Z,June,6,16,19:25:44,Headphones On,Addison Rae,Headphones On
2025-06-16T19:28:01Z,June,6,16,19:28:01,Mantra,JENNIE,Mantra
2025-06-16T19:32:13Z,June,6,16,19:32:13,Sugar Water Cyanide,Rebecca Black,Sugar Water Cyanide
2025-06-16T19:36:14Z,June,6,16,19:36:14,Starstruck,Lady Gaga,The Fame
2025-06-16T19:40:32Z,June,6,16,19:40:32,choke enough,Oklou,choke enough
2025-06-16T19:41:19Z,June,6,16,19:41:19,The Spins,Mac Miller,K.I.D.S.
2025-06-16T19:46:03Z,June,6,16,19:46:03,Thinking About You (feat. Ayah Marar),Calvin Harris,18 Months
2025-06-16T21:03:21Z,June,6,16,21:03:21,I might say something stupid featuring the 1975 & jon hopkins,Charli xcx,Brat and it’s completely different but also still brat
2025-06-16T21:07:07Z,June,6,16,21:07:07,Talk,Selena Gomez,I Said I Love You First... And You Said It Back
2025-06-16T21:11:10Z,June,6,16,21:11:10,SexyBack (feat. Timbaland),Justin Timberlake,FutureSex/LoveSounds
2025-06-16T21:13:54Z,June,6,16,21:13:54,Bluest Flame,Selena Gomez,I Said I Love You First
2025-06-16T21:16:07Z,June,6,16,21:16:07,Talk,Selena Gomez,I Said I Love You First... And You Said It Back
2025-06-16T21:18:34Z,June,6,16,21:18:34,Stars,PinkPantheress,Fancy That
2025-06-16T21:22:25Z,June,6,16,21:22:25,Pogo,Digitalism,Idealism
2025-06-16T22:42:48Z,June,6,16,22:42:48,Emotions,Mariah Carey,Emotions
2025-06-16T22:45:43Z,June,6,16,22:45:43,The Steps,HAIM,Women In Music Pt. III
2025-06-16T22:50:01Z,June,6,16,22:50:01,The Steps,HAIM,Women In Music Pt. III
2025-06-16T22:54:10Z,June,6,16,22:54:10,Down to be wrong,HAIM,Down to be wrong
2025-06-16T22:57:56Z,June,6,16,22:57:56,I Know Alone,HAIM,Women In Music Pt. III
2025-06-16T23:01:42Z,June,6,16,23:01:42,Warm (feat. HAIM),Charli xcx,Charli
2025-06-16T23:05:11Z,June,6,16,23:05:11,What Was That,Lorde,What Was That
2025-06-16T23:07:42Z,June,6,16,23:07:42,CUUUUuuuuuute,ROSALÍA,MOTOMAMI
2025-06-16T23:09:59Z,June,6,16,23:09:59,SAOKO,ROSALÍA,MOTOMAMI
2025-06-16T23:12:35Z,June,6,16,23:12:35,BULERÍAS,ROSALÍA,MOTOMAMI
2025-06-16T23:15:07Z,June,6,16,23:15:07,New York,Addison Rae,Addison
2025-06-16T23:18:55Z,June,6,16,23:18:55,Summer Forever,Addison Rae,Addison
2025-06-16T23:22:32Z,June,6,16,23:22:32,I'm Not Alone - 2009 Remaster,Calvin Harris,I'm Not Alone 2019
2025-06-16T23:25:07Z,June,6,16,23:25:07,So Cynical (Badum),LE SSERAFIM,HOT
2025-06-16T23:29:03Z,June,6,16,23:29:03,Out of My Head (feat. Tove Lo and ALMA),Charli xcx,Pop 2
2025-06-16T23:32:55Z,June,6,16,23:32:55,"I Got It (feat. Brooke Candy, CupcakKe and Pabllo Vittar)",Charli xcx,Pop 2
2025-06-16T23:36:44Z,June,6,16,23:36:44,Get Back,Britney Spears,Blackout
2025-06-16T23:40:01Z,June,6,16,23:40:01,Hot as Ice,Britney Spears,Blackout
2025-06-16T23:42:32Z,June,6,16,23:42:32,Sympathy is a knife,Charli xcx,BRAT
2025-06-16T23:44:48Z,June,6,16,23:44:48,I think about it all the time,Charli xcx,BRAT
2025-06-16T23:47:50Z,June,6,16,23:47:50,Money is Everything,Addison Rae,Addison
2025-06-16T23:51:43Z,June,6,16,23:51:43,Times Like These,Addison Rae,Addison
2025-06-16T23:56:34Z,June,6,16,23:56:34,Harajuku Girls,Gwen Stefani,Love. Angel. Music. Baby.
2025-06-16T23:59:23Z,June,6,16,23:59:23,Diet Pepsi,Addison Rae,Diet Pepsi
2025-06-17T00:02:03Z,June,6,17,00:02:03,Dade County Dreaming (feat. JT & Yung Miami),Camila Cabello,"C,XOXO"
2025-06-17T00:04:36Z,June,6,17,00:04:36,Club classics,Charli xcx,BRAT
2025-06-17T00:08:35Z,June,6,17,00:08:35,Backseat (feat. Carly Rae Jepsen),Charli xcx,Pop 2
2025-06-17T00:13:26Z,June,6,17,00:13:26,Can't Get You out of My Head,Kylie Minogue,Fever
2025-06-17T00:15:36Z,June,6,17,00:15:36,360 featuring robyn & yung lean,Charli xcx,Brat and it’s completely different but also still brat
2025-06-17T00:18:48Z,June,6,17,00:18:48,Drums of Death,FKA twigs,EUSEXUA
2025-06-17T00:21:12Z,June,6,17,00:21:12,Come Over (Hyperpop Remix),LE SSERAFIM,Come Over (Remixes)
2025-06-17T00:23:55Z,June,6,17,00:23:55,Bluest Flame,Selena Gomez,I Said I Love You First
2025-06-17T00:26:43Z,June,6,17,00:26:43,Sunset Blvd,Selena Gomez,I Said I Love You First
2025-06-17T01:35:41Z,June,6,17,01:35:41,You Said You Were Sorry,Selena Gomez,I Said I Love You First
2025-06-17T01:39:13Z,June,6,17,01:39:13,blade bird,Oklou,choke enough
2025-06-17T01:43:13Z,June,6,17,01:43:13,choke enough,Oklou,choke enough
2025-06-17T01:46:31Z,June,6,17,01:46:31,Ash,LE SSERAFIM,HOT
2025-06-17T01:49:46Z,June,6,17,01:49:46,Air,YEJI,AIR
2025-06-17T01:54:29Z,June,6,17,01:54:29,Striptease,FKA twigs,EUSEXUA
2025-06-17T01:58:39Z,June,6,17,01:58:39,I might say something stupid featuring the 1975 & jon hopkins,Charli xcx,Brat and it’s completely different but also still brat
2025-06-17T02:01:14Z,June,6,17,02:01:14,IS THIS LOVE,XG,AWE
2025-06-17T02:06:16Z,June,6,17,02:06:16,Aphrodite,Phèdre,Phèdre
2025-06-17T02:09:14Z,June,6,17,02:09:14,Childlike Things,FKA twigs,EUSEXUA
2025-06-17T02:11:43Z,June,6,17,02:11:43,crush,2hollis,boy
2025-06-17T02:16:54Z,June,6,17,02:16:54,Yummy,Gwen Stefani,The Sweet Escape
2025-06-17T02:20:01Z,June,6,17,02:20:01,Me Pregunto,Belanova,Gran Disco Mini Precio - Dulce Beat
2025-06-17T02:24:05Z,June,6,17,02:24:05,Beautiful,A. G. Cook,"PC Music, Vol. 1"
2025-06-17T02:28:46Z,June,6,17,02:28:46,Hide and Seek,Imogen Heap,Speak for Yourself
2025-06-17T02:32:38Z,June,6,17,02:32:38,Goodnight and Go,Imogen Heap,Speak for Yourself
2025-06-17T02:36:21Z,June,6,17,02:36:21,JUST LIKE WE NEVER SAID GOODBYE,SOPHIE,JUST LIKE WE NEVER SAID GOODBYE
2025-06-17T02:42:39Z,June,6,17,02:42:39,Nothing More to Say - Vox,SOPHIE,Nothing More to Say
2025-06-17T02:46:51Z,June,6,17,02:46:51,KETU TeCRÉ,Bad Bunny,DeBÍ TiRAR MáS FOToS
2025-06-17T02:50:15Z,June,6,17,02:50:15,EoO,Bad Bunny,DeBÍ TiRAR MáS FOToS
2025-06-17T02:53:48Z,June,6,17,02:53:48,Image,Magdalena Bay,Imaginal Disk
2025-06-17T02:57:31Z,June,6,17,02:57:31,EL CLúB,Bad Bunny,DeBÍ TiRAR MáS FOToS
2025-06-17T03:41:13Z,June,6,17,03:41:13,VeLDÁ,Bad Bunny,DeBÍ TiRAR MáS FOToS
2025-06-17T03:44:47Z,June,6,17,03:44:47,Homemade Dynamite,Lorde,Melodrama
2025-06-17T03:48:04Z,June,6,17,03:48:04,Sober,Lorde,Melodrama
2025-06-17T03:52:42Z,June,6,17,03:52:42,Supercut,Lorde,Melodrama
2025-06-17T03:57:55Z,June,6,17,03:57:55,The Louvre,Lorde,Melodrama
2025-06-17T04:02:11Z,June,6,17,04:02:11,The Man with the Axe,Lorde,Solar Power
2025-06-17T04:06:40Z,June,6,17,04:06:40,Hold No Grudge - Bonus Track,Lorde,Solar Power
2025-06-17T04:08:43Z,June,6,17,04:08:43,Dominoes,Lorde,Solar Power
2025-06-18T04:36:03Z,June,6,18,04:36:03,GET HIGHER,SOPHIE,PRODUCT
2025-06-18T04:39:54Z,June,6,18,04:39:54,OOH,SOPHIE,PRODUCT
2025-06-18T04:43:05Z,June,6,18,04:43:05,JUST LIKE WE NEVER SAID GOODBYE,SOPHIE,PRODUCT
2025-06-18T04:46:06Z,June,6,18,04:46:06,GET HIGHER,SOPHIE,PRODUCT
2025-06-18T04:48:38Z,June,6,18,04:48:38,OOH,SOPHIE,PRODUCT
2025-06-18T05:55:12Z,June,6,18,05:55:12,Pogo,Digitalism,Idealism
2025-06-18T06:00:17Z,June,6,18,06:00:17,Yeah Right,Vince Staples,Big Fish Theory
2025-06-18T06:08:45Z,June,6,18,06:08:45,In The Dark,DEV,The Night The Sun Came Up
2025-06-18T06:11:24Z,June,6,18,06:11:24,Talk,beabadoobee,Beatopia
2025-06-18T14:05:16Z,June,6,18,14:05:16,Aphrodite,Phèdre,Phèdre
2025-06-18T14:08:06Z,June,6,18,14:08:06,OOH,SOPHIE,PRODUCT
2025-06-18T14:12:13Z,June,6,18,14:12:13,Headphones On,Addison Rae,Addison
2025-06-18T15:10:30Z,June,6,18,15:10:30,GET HIGHER,SOPHIE,PRODUCT
2025-06-18T19:21:11Z,June,6,18,19:21:11,GET HIGHER,SOPHIE,PRODUCT
2025-06-18T19:23:43Z,June,6,18,19:23:43,OOH,SOPHIE,PRODUCT
2025-06-18T19:58:13Z,June,6,18,19:58:13,JUST LIKE WE NEVER SAID GOODBYE,SOPHIE,PRODUCT
2025-06-18T20:00:46Z,June,6,18,20:00:46,New York,Addison Rae,Addison
2025-06-18T20:04:25Z,June,6,18,20:04:25,What Was That,Lorde,Man Of The Year
2025-06-18T21:31:46Z,June,6,18,21:31:46,New York,Addison Rae,Addison
2025-06-18T21:35:34Z,June,6,18,21:35:34,Summer Forever,Addison Rae,Addison
2025-06-18T21:39:04Z,June,6,18,21:39:04,What Was That,Lorde,What Was That
2025-06-18T21:42:42Z,June,6,18,21:42:42,I'm Not Alone - 2009 Remaster,Calvin Harris,I'm Not Alone 2019
2025-06-18T21:47:33Z,June,6,18,21:47:33,Harajuku Girls,Gwen Stefani,Love. Angel. Music. Baby.
2025-06-18T21:49:46Z,June,6,18,21:49:46,Talk,Selena Gomez,I Said I Love You First... And You Said It Back
2025-06-18T21:54:58Z,June,6,18,21:54:58,Down to be wrong,HAIM,Down to be wrong
2025-06-18T23:38:39Z,June,6,18,23:38:39,B.E.A.T.,Selena Gomez,Stars Dance
2025-06-18T23:41:16Z,June,6,18,23:41:16,Come Over (Hyperpop Remix),LE SSERAFIM,Come Over (Remixes)
2025-06-18T23:43:52Z,June,6,18,23:43:52,IS THIS LOVE,XG,AWE
2025-06-19T00:38:39Z,June,6,19,00:38:39,Relationships,HAIM,Relationships
2025-06-19T00:42:33Z,June,6,19,00:42:33,Undercover,Selena Gomez,Stars Dance
2025-06-19T00:45:40Z,June,6,19,00:45:40,Busy Woman,Sabrina Carpenter,Short n' Sweet
2025-06-19T00:48:37Z,June,6,19,00:48:37,Toro,Remi Wolf,Big Ideas
2025-06-19T00:51:58Z,June,6,19,00:51:58,Who's That Chick? (feat. Rihanna),David Guetta,One More Love
2025-06-19T00:55:45Z,June,6,19,00:55:45,Pogo,Digitalism,Idealism
2025-06-19T02:42:31Z,June,6,19,02:42:31,BULERÍAS,ROSALÍA,MOTOMAMI
2025-06-19T02:45:14Z,June,6,19,02:45:14,CUUUUuuuuuute,ROSALÍA,MOTOMAMI
2025-06-19T02:49:07Z,June,6,19,02:49:07,Me4U,Danny L Harle,Me4U
2025-06-19T02:51:39Z,June,6,19,02:51:39,Nothing On (But The Radio),Addison Rae,AR
2025-06-19T02:58:05Z,June,6,19,02:58:05,party 4 u,Charli xcx,how i'm feeling now
2025-06-19T03:01:53Z,June,6,19,03:01:53,What Was That,Lorde,What Was That
2025-06-19T03:05:53Z,June,6,19,03:05:53,Welcome To My Island - George Daniel & Charli XCX Remix,Caroline Polachek,Welcome To My Island
2025-06-19T03:09:59Z,June,6,19,03:09:59,Piece of Me,Britney Spears,Blackout
2025-06-19T03:12:41Z,June,6,19,03:12:41,Queencard,i-dle,I feel
2025-06-19T03:17:28Z,June,6,19,03:17:28,GET HIGHER,SOPHIE,PRODUCT
2025-06-19T03:19:59Z,June,6,19,03:19:59,OOH,SOPHIE,PRODUCT
2025-06-19T03:22:31Z,June,6,19,03:22:31,take it offff,horsegiirL,v.i.p. - very important pony
2025-06-19T03:25:26Z,June,6,19,03:25:26,I LUV IT (feat. Playboi Carti),Camila Cabello,"C,XOXO"
2025-06-19T03:28:50Z,June,6,19,03:28:50,Everything is romantic featuring caroline polachek,Charli xcx,Brat and it’s completely different but also still brat
2025-06-19T03:32:45Z,June,6,19,03:32:45,Lipgloss (feat. CupcakKe),Charli xcx,Number 1 Angel
2025-06-19T03:36:06Z,June,6,19,03:36:06,Roll with Me,Charli xcx,Number 1 Angel
2025-06-19T03:39:54Z,June,6,19,03:39:54,Beautiful,A. G. Cook,"PC Music, Vol. 1"
2025-06-19T03:42:00Z,June,6,19,03:42:00,2 die 4 (feat. Charli XCX),Addison Rae,AR
2025-06-19T03:45:46Z,June,6,19,03:45:46,Warm (feat. HAIM),Charli xcx,Charli
2025-06-19T03:49:15Z,June,6,19,03:49:15,Roll the Dice,Toro Oro,Roll the Dice
2025-06-19T03:53:40Z,June,6,19,03:53:40,how2fly,ISOxo,kidsgonemad!
2025-06-19T03:59:25Z,June,6,19,03:59:25,Off To The Races,Lana Del Rey,Born To Die - The Paradise Edition
2025-06-19T04:02:59Z,June,6,19,04:02:59,Radio,Lana Del Rey,Born To Die - The Paradise Edition
2025-06-19T04:06:31Z,June,6,19,04:06:31,Bum Like You,Robyn,Robyn
2025-06-19T04:10:33Z,June,6,19,04:10:33,Dress You Up,Madonna,Like a Virgin
2025-06-19T04:15:22Z,June,6,19,04:15:22,Aphrodite,Phèdre,Phèdre
2025-06-19T04:19:10Z,June,6,19,04:19:10,Bitch I'm Madonna,Madonna,Rebel Heart
2025-06-19T04:22:45Z,June,6,19,04:22:45,Berlin Nightmare (feat. Evita Manji),SOPHIE,SOPHIE
2025-06-19T04:26:38Z,June,6,19,04:26:38,Immaterial,SOPHIE,OIL OF EVERY PEARL'S UN-INSIDES
2025-06-19T04:28:36Z,June,6,19,04:28:36,(You Drive Me) Crazy - The Stop Remix!,Britney Spears,Greatest Hits: My Prerogative
2025-06-19T04:32:28Z,June,6,19,04:32:28,"I Got It (feat. Brooke Candy, CupcakKe and Pabllo Vittar)",Charli xcx,Pop 2
2025-06-19T04:37:01Z,June,6,19,04:37:01,Delicious (feat. Tommy Cash),Charli xcx,Pop 2
2025-06-19T04:40:54Z,June,6,19,04:40:54,Unlock it (Lock It) - feat. Kim Petras and Jay Park,Charli xcx,Pop 2
2025-06-19T04:43:11Z,June,6,19,04:43:11,SAOKO,ROSALÍA,MOTOMAMI
2025-06-19T19:08:39Z,June,6,19,19:08:39,"I Got It (feat. Brooke Candy, CupcakKe and Pabllo Vittar)",Charli xcx,Pop 2
2025-06-19T19:48:25Z,June,6,19,19:48:25,Beautiful,A. G. Cook,"PC Music, Vol. 1"
2025-06-19T19:51:17Z,June,6,19,19:51:17,New York,Addison Rae,Addison
2025-06-19T19:53:53Z,June,6,19,19:53:53,Money is Everything,Addison Rae,Addison
2025-06-19T22:48:27Z,June,6,19,22:48:27,Aquamarine,Addison Rae,Addison
2025-06-19T23:36:46Z,June,6,19,23:36:46,OOH,SOPHIE,OOH
2025-06-19T23:40:02Z,June,6,19,23:40:02,Kiss & Tell,ITZY,Girls Will Be Girls
2025-06-19T23:41:48Z,June,6,19,23:41:48,Locked N Loaded,ITZY,Girls Will Be Girls
2025-06-20T01:10:08Z,June,6,20,01:10:08,Wifey Riddim - George Daniel Remix,Shygirl,Room 2 RMX
2025-06-20T01:12:41Z,June,6,20,01:12:41,New York,Addison Rae,Addison
2025-06-20T01:16:32Z,June,6,20,01:16:32,What Was That,Lorde,Man Of The Year
2025-06-20T01:20:49Z,June,6,20,01:20:49,Danger,BTS,Dark & Wild
2025-06-20T01:23:59Z,June,6,20,01:23:59,Wind It Up,Gwen Stefani,The Sweet Escape
2025-06-20T04:58:57Z,June,6,20,04:58:57,Crush,Ethel Cain,Inbred
2025-06-20T05:02:29Z,June,6,20,05:02:29,Hammer,Lorde,Hammer
2025-06-20T05:05:48Z,June,6,20,05:05:48,Hammer,Lorde,Hammer
2025-06-21T01:24:47Z,June,6,21,01:24:47,What Was That,Lorde,Hammer
2025-06-21T01:27:36Z,June,6,21,01:27:36,OOH,SOPHIE,PRODUCT
2025-06-21T01:30:50Z,June,6,21,01:30:50,Hammer,Lorde,Hammer
2025-06-21T01:33:23Z,June,6,21,01:33:23,New York,Addison Rae,Addison
2025-06-21T01:35:48Z,June,6,21,01:35:48,SAOKO,ROSALÍA,MOTOMAMI
2025-06-21T01:39:18Z,June,6,21,01:39:18,What Was That,Lorde,What Was That
2025-06-21T01:43:04Z,June,6,21,01:43:04,Warm (feat. HAIM),Charli xcx,Charli
2025-06-21T01:46:29Z,June,6,21,01:46:29,EoO,Bad Bunny,DeBÍ TiRAR MáS FOToS
2025-06-21T01:50:19Z,June,6,21,01:50:19,Get Back,Britney Spears,Blackout
2025-06-21T01:54:31Z,June,6,21,01:54:31,Gimme More,Britney Spears,Blackout
2025-06-21T01:57:05Z,June,6,21,01:57:05,Club classics,Charli xcx,BRAT
2025-06-21T02:03:19Z,June,6,21,02:03:19,Paper Gangsta,Lady Gaga,The Fame
2025-06-21T02:06:01Z,June,6,21,02:06:01,So Cynical (Badum),LE SSERAFIM,HOT
2025-06-21T02:09:11Z,June,6,21,02:09:11,Wifey Riddim - George Daniel Remix,Shygirl,Room 2 RMX
2025-06-21T02:12:23Z,June,6,21,02:12:23,Running Free (George Daniel remix),Oscar Farrell,Running Free (George Daniel remix)
2025-06-21T02:26:17Z,June,6,21,02:26:17,Gasoline,Troye Sivan,TRXYE
2025-06-21T02:32:08Z,June,6,21,02:32:08,Running Free (George Daniel remix),Oscar Farrell,Running Free (George Daniel remix)
2025-06-21T02:35:02Z,June,6,21,02:35:02,Wifey Riddim - George Daniel Remix,Shygirl,Room 2 RMX
2025-06-21T02:37:34Z,June,6,21,02:37:34,OOH,SOPHIE,PRODUCT
2025-06-21T02:40:48Z,June,6,21,02:40:48,Hammer,Lorde,Hammer
2025-06-21T02:44:26Z,June,6,21,02:44:26,Piece of Me,Britney Spears,Blackout
2025-06-21T19:31:24Z,June,6,21,19:31:24,Radar,Britney Spears,Blackout
2025-06-21T19:34:44Z,June,6,21,19:34:44,Hammer,Lorde,Hammer
2025-06-21T19:41:41Z,June,6,21,19:41:41,What Was That,Lorde,What Was That
2025-06-21T19:42:15Z,June,6,21,19:42:15,CUUUUuuuuuute,ROSALÍA,MOTOMAMI
2025-06-21T19:49:19Z,June,6,21,19:49:19,Wifey Riddim - George Daniel Remix,Shygirl,Room 2 RMX
2025-06-21T19:52:32Z,June,6,21,19:52:32,Running Free (George Daniel remix),Oscar Farrell,Running Free (George Daniel remix)
2025-06-21T20:04:49Z,June,6,21,20:04:49,GET HIGHER,SOPHIE,PRODUCT
2025-06-21T20:07:26Z,June,6,21,20:07:26,OOH,SOPHIE,PRODUCT
2025-06-21T20:28:50Z,June,6,21,20:28:50,Hammer,Lorde,Hammer
2025-06-21T20:33:20Z,June,6,21,20:33:20,Hammer,Lorde,Hammer
2025-06-21T20:36:30Z,June,6,21,20:36:30,Homemade Dynamite,Lorde,Melodrama
2025-06-21T20:40:26Z,June,6,21,20:40:26,Immaterial,SOPHIE,OIL OF EVERY PEARL'S UN-INSIDES
2025-06-21T20:46:08Z,June,6,21,20:46:08,The Steps,HAIM,Women In Music Pt. III
2025-06-21T20:54:40Z,June,6,21,20:54:40,I'm Not Alone - 2009 Remaster,Calvin Harris,I'm Not Alone 2019
2025-06-21T20:59:00Z,June,6,21,20:59:00,choke enough,Oklou,choke enough
2025-06-22T09:10:41Z,June,6,22,09:10:41,Pineapple Slice (with SG Lewis),Tove Lo,Dirt Femme
2025-06-22T09:17:21Z,June,6,22,09:17:21,Supercut,Lorde,Melodrama
2025-06-22T09:21:12Z,June,6,22,09:21:12,Green Light,Lorde,Melodrama
2025-06-22T09:24:32Z,June,6,22,09:24:32,Homemade Dynamite,Lorde,Melodrama
2025-06-22T09:27:46Z,June,6,22,09:27:46,Hammer,Lorde,Hammer
2025-06-22T09:28:52Z,June,6,22,09:28:52,Sober,Lorde,Melodrama
2025-06-22T09:31:11Z,June,6,22,09:31:11,Guess featuring billie eilish,Charli xcx,Guess featuring billie eilish
2025-06-22T09:35:31Z,June,6,22,09:35:31,TT,TWICE,Twicecoaster: Lane 1
2025-06-22T09:39:10Z,June,6,22,09:39:10,FANCY,TWICE,FANCY YOU
2025-06-22T09:41:58Z,June,6,22,09:41:58,FEARLESS (2023 Ver.),LE SSERAFIM,UNFORGIVEN
2025-06-22T09:45:27Z,June,6,22,09:45:27,CHEER UP,TWICE,PAGE TWO
2025-06-22T11:50:40Z,June,6,22,11:50:40,ICY,ITZY,IT'z ICY
2025-06-24T03:28:26Z,June,6,24,03:28:26,Hammer,Lorde,Hammer
2025-06-24T03:33:10Z,June,6,24,03:33:10,On The Beach (from DEATH STRANDING 2: ON THE BEACH),Caroline Polachek,On The Beach
2025-06-24T03:34:12Z,June,6,24,03:34:12,On The Beach - Timefall Mix,Caroline Polachek,On The Beach
2025-06-24T03:37:42Z,June,6,24,03:37:42,What Was That,Lorde,Man Of The Year
2025-06-24T03:40:14Z,June,6,24,03:40:14,OOH,SOPHIE,PRODUCT
2025-06-24T21:04:35Z,June,6,24,21:04:35,Girl of Your Dreams,Eli,Girl of Your Dreams
2025-06-24T21:07:51Z,June,6,24,21:07:51,Girl of Your Dreams,Eli,Girl of Your Dreams
2025-06-24T21:11:05Z,June,6,24,21:11:05,Hammer,Lorde,Hammer
2025-06-24T21:13:39Z,June,6,24,21:13:39,Fortunately 4 U,Eli,Girl of Your Dreams
2025-06-24T21:18:24Z,June,6,24,21:18:24,Times Like These,Addison Rae,Addison
2025-06-24T21:21:14Z,June,6,24,21:21:14,Diet Pepsi,Addison Rae,Addison
2025-06-24T22:51:14Z,June,6,24,22:51:14,blade bird,Oklou,choke enough
2025-06-24T22:54:39Z,June,6,24,22:54:39,blade bird,Oklou,choke enough
2025-06-24T22:58:49Z,June,6,24,22:58:49,Headphones On,Addison Rae,Addison
2025-06-24T23:00:02Z,June,6,24,23:00:02,High Fashion,Addison Rae,Addison
2025-06-24T23:02:23Z,June,6,24,23:02:23,Gnarly,KATSEYE,Gnarly
2025-06-24T23:06:44Z,June,6,24,23:06:44,Out of My Head (feat. Tove Lo and ALMA),Charli xcx,Pop 2
2025-06-24T23:10:43Z,June,6,24,23:10:43,Backseat (feat. Carly Rae Jepsen),Charli xcx,Pop 2
2025-06-24T23:13:00Z,June,6,24,23:13:00,Mantra,JENNIE,Mantra
2025-06-24T23:15:04Z,June,6,24,23:15:04,like JENNIE,JENNIE,Ruby
2025-06-24T23:19:59Z,June,6,24,23:19:59,Thinking Of You,Katy Perry,One Of The Boys
2025-06-24T23:22:31Z,June,6,24,23:22:31,CUUUUuuuuuute,ROSALÍA,MOTOMAMI
2025-06-24T23:52:40Z,June,6,24,23:52:40,BULERÍAS,ROSALÍA,MOTOMAMI
2025-06-24T23:55:34Z,June,6,24,23:55:34,Kiss & Tell,ITZY,Girls Will Be Girls
2025-06-24T23:58:53Z,June,6,24,23:58:53,Infrared,Daya,Infrared
2025-06-25T00:02:51Z,June,6,25,00:02:51,You Said You Were Sorry,Selena Gomez,I Said I Love You First
2025-06-25T22:34:30Z,June,6,25,22:34:30,On The Beach (from DEATH STRANDING 2: ON THE BEACH),Caroline Polachek,On The Beach
2025-06-25T22:40:15Z,June,6,25,22:40:15,choke enough (jamesjamesjames remix),Oklou,choke enough (remixes)
2025-06-25T22:44:33Z,June,6,25,22:44:33,On The Beach (from DEATH STRANDING 2: ON THE BEACH),Caroline Polachek,On The Beach
2025-06-25T22:47:33Z,June,6,25,22:47:33,Kiss & Tell,ITZY,Girls Will Be Girls
2025-06-25T22:50:06Z,June,6,25,22:50:06,New York,Addison Rae,Addison
2025-06-25T22:59:36Z,June,6,25,22:59:36,Talking to Yourself,Carly Rae Jepsen,The Loneliest Time
2025-06-25T23:01:39Z,June,6,25,23:01:39,Money is Everything,Addison Rae,Addison
2025-06-25T23:05:28Z,June,6,25,23:05:28,Summer Forever,Addison Rae,Addison
2025-06-25T23:17:01Z,June,6,25,23:17:01,Gone,HAIM,I quit
2025-06-25T23:20:33Z,June,6,25,23:20:33,When I Rule the World,LIZ,When I Rule the World
2025-06-25T23:23:47Z,June,6,25,23:23:47,Hammer,Lorde,Hammer
2025-06-26T06:45:34Z,June,6,26,06:45:34,On The Beach (from DEATH STRANDING 2: ON THE BEACH),Caroline Polachek,On The Beach
2025-06-26T06:51:20Z,June,6,26,06:51:20,choke enough (jamesjamesjames remix),Oklou,choke enough (remixes)
2025-06-26T06:54:37Z,June,6,26,06:54:37,LEMONHEAD,Kim Tee,LEMONHEAD
2025-06-26T07:03:26Z,June,6,26,07:03:26,"The Field (feat. The Durutti Column, Tariq Al-Sabir, Caroline Polachek & Daniel Caesar)",Blood Orange,"The Field (feat. The Durutti Column, Tariq Al-Sabir, Caroline Polachek & Daniel Caesar)"
2025-06-26T07:06:39Z,June,6,26,07:06:39,Hammer,Lorde,Hammer
2025-06-26T07:09:34Z,June,6,26,07:09:34,OOH,SOPHIE,OOH
2025-06-26T07:16:12Z,June,6,26,07:16:12,YOLO,horsegiirL,YOLO
2025-06-26T07:19:11Z,June,6,26,07:19:11,Locked N Loaded,ITZY,Girls Will Be Girls
2025-06-26T07:22:55Z,June,6,26,07:22:55,Promise,ITZY,Girls Will Be Girls
2025-06-26T07:25:51Z,June,6,26,07:25:51,Walk,ITZY,Girls Will Be Girls
2025-06-26T07:33:27Z,June,6,26,07:33:27,Times Like These,Addison Rae,Addison
2025-06-26T07:38:57Z,June,6,26,07:38:57,"Girl, so confusing featuring lorde",Charli xcx,Brat and it’s completely different but also still brat
2025-06-26T07:43:21Z,June,6,26,07:43:21,Gone,HAIM,I quit
2025-06-26T07:46:44Z,June,6,26,07:46:44,All over me,HAIM,I quit
2025-06-26T07:50:06Z,June,6,26,07:50:06,Relationships,HAIM,I quit
2025-06-26T07:54:15Z,June,6,26,07:54:15,Down to be wrong,HAIM,I quit
2025-06-26T07:58:00Z,June,6,26,07:58:00,Take me back,HAIM,I quit
2025-06-27T01:42:44Z,June,6,27,01:42:44,Love you right,HAIM,I quit
2025-06-27T01:47:28Z,June,6,27,01:47:28,LEMONHEAD,Kim Tee,LEMONHEAD
2025-06-27T01:53:31Z,June,6,27,01:53:31,choke enough (jamesjamesjames remix),Oklou,choke enough (remixes)
2025-06-27T01:58:09Z,June,6,27,01:58:09,On The Beach (from DEATH STRANDING 2: ON THE BEACH),Caroline Polachek,On The Beach
2025-06-27T02:01:22Z,June,6,27,02:01:22,Hammer,Lorde,Hammer
2025-06-27T02:04:24Z,June,6,27,02:04:24,GET HIGHER,SOPHIE,PRODUCT
2025-06-27T02:07:13Z,June,6,27,02:07:13,Wifey Riddim - George Daniel Remix,Shygirl,Room 2 RMX
2025-06-27T02:10:55Z,June,6,27,02:10:55,blade bird,Oklou,choke enough
2025-06-27T02:14:09Z,June,6,27,02:14:09,HARD,SOPHIE,PRODUCT
2025-06-27T02:18:59Z,June,6,27,02:18:59,Running Free (George Daniel remix),Oscar Farrell,Running Free (George Daniel remix)
2025-06-27T02:22:22Z,June,6,27,02:22:22,Welcome To My Island - George Daniel & Charli XCX Remix,Caroline Polachek,Welcome To My Island
2025-06-27T02:25:52Z,June,6,27,02:25:52,What Was That,Lorde,Man Of The Year
2025-06-27T02:28:12Z,June,6,27,02:28:12,Rapunzel (Kiki Solo Version),LISA,Alter Ego
2025-06-27T02:30:51Z,June,6,27,02:30:51,Chill,LISA,Alter Ego
2025-06-27T02:33:52Z,June,6,27,02:33:52,Man Of The Year,Lorde,Man Of The Year
2025-06-27T02:37:24Z,June,6,27,02:37:24,Niño,Belanova,Gran Disco Mini Precio - Dulce Beat
2025-06-27T02:42:34Z,June,6,27,02:42:34,Tell me I never knew that,caroline,caroline 2
2025-06-27T02:46:41Z,June,6,27,02:46:41,I'm Not Alone - 2009 Remaster,Calvin Harris,I'm Not Alone 2019
2025-06-27T02:51:25Z,June,6,27,02:51:25,My Barn My Rules,MCR-T,My Barn My Rules
2025-06-27T02:55:24Z,June,6,27,02:55:24,Dreamer - Compound Version,Charli xcx,Number 1 Angel
2025-06-27T03:20:11Z,June,6,27,03:20:11,choke enough (Malibu’s ambient city mix),Oklou,choke enough (remixes)
2025-06-27T03:23:33Z,June,6,27,03:23:33,blade bird (Nick León broward mix),Oklou,choke enough (remixes)
2025-06-27T03:28:03Z,June,6,27,03:28:03,take me by the hand (Aaron Hibell remix),Oklou,choke enough (remixes)
2025-06-27T04:04:37Z,June,6,27,04:04:37,Hammer,Lorde,Virgin
2025-06-27T04:08:07Z,June,6,27,04:08:07,What Was That,Lorde,Virgin
2025-06-27T04:20:33Z,June,6,27,04:20:33,Shapeshifter,Lorde,Virgin
2025-06-27T04:23:34Z,June,6,27,04:23:34,Man Of The Year,Lorde,Virgin
2025-06-27T04:30:14Z,June,6,27,04:30:14,Favourite Daughter,Lorde,Virgin
2025-06-27T04:34:11Z,June,6,27,04:34:11,Current Affairs,Lorde,Virgin
2025-06-27T04:36:43Z,June,6,27,04:36:43,Clearblue,Lorde,Virgin
2025-06-27T04:39:36Z,June,6,27,04:39:36,GRWM,Lorde,Virgin
2025-06-27T04:43:51Z,June,6,27,04:43:51,Broken Glass,Lorde,Virgin
2025-06-27T04:47:26Z,June,6,27,04:47:26,If She Could See Me Now,Lorde,Virgin
2025-06-27T04:50:51Z,June,6,27,04:50:51,David,Lorde,Virgin
2025-06-27T04:56:12Z,June,6,27,04:56:12,Broken Glass,Lorde,Virgin
2025-06-27T05:00:30Z,June,6,27,05:00:30,Shapeshifter,Lorde,Virgin
2025-06-27T07:16:28Z,June,6,27,07:16:28,Polo,Kim Petras,Polo
2025-06-27T07:19:34Z,June,6,27,07:19:34,Gameboy,KATSEYE,BEAUTIFUL CHAOS
2025-06-27T07:23:15Z,June,6,27,07:23:15,Mean Girls,KATSEYE,BEAUTIFUL CHAOS
2025-06-27T07:25:25Z,June,6,27,07:25:25,M.I.A,KATSEYE,BEAUTIFUL CHAOS
2025-06-27T07:29:58Z,June,6,27,07:29:58,Shapeshifter,Lorde,Virgin
2025-06-27T07:33:12Z,June,6,27,07:33:12,Broken Glass,Lorde,Virgin
2025-06-27T13:16:19Z,June,6,27,13:16:19,Polo,Kim Petras,Polo
2025-06-27T13:19:36Z,June,6,27,13:19:36,LEMONHEAD,Kim Tee,LEMONHEAD
2025-06-27T13:23:54Z,June,6,27,13:23:54,Shapeshifter,Lorde,Virgin
2025-06-27T13:28:06Z,June,6,27,13:28:06,Favourite Daughter,Lorde,Virgin
2025-06-27T13:31:25Z,June,6,27,13:31:25,Current Affairs,Lorde,Virgin
2025-06-27T13:33:22Z,June,6,27,13:33:22,Clearblue,Lorde,Virgin
2025-06-27T13:35:58Z,June,6,27,13:35:58,GRWM,Lorde,Virgin
2025-06-27T13:39:12Z,June,6,27,13:39:12,Broken Glass,Lorde,Virgin
2025-06-27T13:45:57Z,June,6,27,13:45:57,If She Could See Me Now,Lorde,Virgin
2025-06-27T13:49:22Z,June,6,27,13:49:22,David,Lorde,Virgin
2025-06-27T14:20:59Z,June,6,27,14:20:59,Broken Glass,Lorde,Virgin
2025-06-27T20:15:57Z,June,6,27,20:15:57,Clearblue,Lorde,Virgin
2025-06-27T20:20:39Z,June,6,27,20:20:39,Shapeshifter,Lorde,Virgin
2025-06-27T20:25:14Z,June,6,27,20:25:14,Broken Glass,Lorde,Virgin
2025-06-27T20:30:26Z,June,6,27,20:30:26,Favourite Daughter,Lorde,Virgin
2025-06-27T20:33:56Z,June,6,27,20:33:56,What Was That,Lorde,Virgin
2025-06-27T20:37:27Z,June,6,27,20:37:27,Hammer,Lorde,Virgin
2025-06-27T20:39:24Z,June,6,27,20:39:24,Clearblue,Lorde,Virgin
2025-06-27T20:42:47Z,June,6,27,20:42:47,Current Affairs,Lorde,Virgin
2025-06-27T20:45:23Z,June,6,27,20:45:23,GRWM,Lorde,Virgin
2025-06-27T20:47:21Z,June,6,27,20:47:21,Clearblue,Lorde,Virgin
2025-06-27T20:50:59Z,June,6,27,20:50:59,David,Lorde,Virgin
2025-06-27T21:25:10Z,June,6,27,21:25:10,Shapeshifter,Lorde,Virgin
2025-06-27T21:28:45Z,June,6,27,21:28:45,Favourite Daughter,Lorde,Virgin
2025-06-27T21:32:04Z,June,6,27,21:32:04,Current Affairs,Lorde,Virgin
2025-06-27T21:34:01Z,June,6,27,21:34:01,Clearblue,Lorde,Virgin
2025-06-27T21:36:36Z,June,6,27,21:36:36,GRWM,Lorde,Virgin
2025-06-27T23:24:56Z,June,6,27,23:24:56,Broken Glass,Lorde,Virgin
2025-06-27T23:27:52Z,June,6,27,23:27:52,If She Could See Me Now,Lorde,Virgin
2025-06-27T23:31:17Z,June,6,27,23:31:17,David,Lorde,Virgin
2025-06-27T23:34:35Z,June,6,27,23:34:35,LEMONHEAD,Kim Tee,LEMONHEAD
2025-06-27T23:38:10Z,June,6,27,23:38:10,blade bird (Nick León broward mix),Oklou,choke enough (remixes)
2025-06-27T23:40:41Z,June,6,27,23:40:41,Polo,Kim Petras,Polo
2025-06-28T00:12:12Z,June,6,28,00:12:12,OOH,SOPHIE,OOH
2025-06-28T02:52:26Z,June,6,28,02:52:26,Broken Glass,Lorde,Virgin
2025-06-28T02:56:55Z,June,6,28,02:56:55,Shapeshifter,Lorde,Virgin
2025-06-28T02:59:39Z,June,6,28,02:59:39,Clearblue,Lorde,Virgin
2025-06-28T03:13:05Z,June,6,28,03:13:05,Shapeshifter,Lorde,Virgin
2025-06-28T05:39:26Z,June,6,28,05:39:26,Shapeshifter,Lorde,Virgin
2025-06-28T05:42:40Z,June,6,28,05:42:40,Broken Glass,Lorde,Virgin
2025-06-28T05:45:59Z,June,6,28,05:45:59,Current Affairs,Lorde,Virgin
2025-06-28T05:47:57Z,June,6,28,05:47:57,Clearblue,Lorde,Virgin
2025-06-28T05:51:22Z,June,6,28,05:51:22,David,Lorde,Virgin
2025-06-28T05:54:51Z,June,6,28,05:54:51,Favourite Daughter,Lorde,Virgin
2025-06-28T05:57:54Z,June,6,28,05:57:54,If She Could See Me Now,Lorde,Virgin
2025-06-28T06:00:30Z,June,6,28,06:00:30,GRWM,Lorde,Virgin
2025-06-28T22:08:30Z,June,6,28,22:08:30,On The Beach (from DEATH STRANDING 2: ON THE BEACH),Caroline Polachek,On The Beach
2025-06-28T22:13:05Z,June,6,28,22:13:05,Shapeshifter,Lorde,Virgin
2025-06-28T22:16:20Z,June,6,28,22:16:20,Broken Glass,Lorde,Virgin
2025-06-28T22:18:44Z,June,6,28,22:18:44,Demise,Daya,Demise
2025-06-28T22:23:34Z,June,6,28,22:23:34,Times Like These,Addison Rae,Addison
2025-06-28T22:27:09Z,June,6,28,22:27:09,In The Rain,Addison Rae,Addison
2025-06-28T23:07:23Z,June,6,28,23:07:23,Fame is a Gun,Addison Rae,Addison
2025-06-28T23:09:00Z,June,6,28,23:09:00,Fame is a Gun,Addison Rae,Addison
2025-06-28T23:11:18Z,June,6,28,23:11:18,Rapunzel (Kiki Solo Version),LISA,Alter Ego
2025-06-28T23:14:37Z,June,6,28,23:14:37,Infrared,Daya,Infrared
2025-06-28T23:20:37Z,June,6,28,23:20:37,Relationships,HAIM,Relationships
2025-06-28T23:23:50Z,June,6,28,23:23:50,Hammer,Lorde,Virgin
2025-06-28T23:27:19Z,June,6,28,23:27:19,What Was That,Lorde,Virgin
2025-06-28T23:31:36Z,June,6,28,23:31:36,Shapeshifter,Lorde,Virgin
2025-06-28T23:34:37Z,June,6,28,23:34:37,Man Of The Year,Lorde,Virgin
2025-06-28T23:38:05Z,June,6,28,23:38:05,Favourite Daughter,Lorde,Virgin
2025-06-28T23:41:24Z,June,6,28,23:41:24,Current Affairs,Lorde,Virgin
2025-06-28T23:43:21Z,June,6,28,23:43:21,Clearblue,Lorde,Virgin
2025-06-28T23:45:57Z,June,6,28,23:45:57,GRWM,Lorde,Virgin
2025-06-28T23:49:11Z,June,6,28,23:49:11,Broken Glass,Lorde,Virgin
2025-06-28T23:52:08Z,June,6,28,23:52:08,If She Could See Me Now,Lorde,Virgin
2025-06-28T23:55:33Z,June,6,28,23:55:33,David,Lorde,Virgin
2025-06-28T23:57:56Z,June,6,28,23:57:56,360,Charli xcx,BRAT
2025-06-29T00:00:30Z,June,6,29,00:00:30,Club classics,Charli xcx,BRAT
2025-06-29T00:03:01Z,June,6,29,00:03:01,Sympathy is a knife,Charli xcx,BRAT
2025-06-29T00:04:50Z,June,6,29,00:04:50,I might say something stupid,Charli xcx,BRAT
2025-06-29T00:07:59Z,June,6,29,00:07:59,Talk talk,Charli xcx,BRAT
2025-06-29T00:11:23Z,June,6,29,00:11:23,Everything is romantic,Charli xcx,BRAT
2025-06-29T00:15:24Z,June,6,29,00:15:24,Rewind,Charli xcx,BRAT
2025-06-29T00:18:55Z,June,6,29,00:18:55,So I,Charli xcx,BRAT
2025-06-29T02:09:57Z,June,6,29,02:09:57,Shapeshifter,Lorde,Virgin
2025-06-29T02:13:11Z,June,6,29,02:13:11,Broken Glass,Lorde,Virgin
2025-06-29T02:15:48Z,June,6,29,02:15:48,Sympathy is a knife,Charli xcx,BRAT
2025-06-29T02:18:20Z,June,6,29,02:18:20,Apple,Charli xcx,BRAT
2025-06-29T02:22:16Z,June,6,29,02:22:16,Out of My Head (feat. Tove Lo and ALMA),Charli xcx,Pop 2
2025-06-29T02:26:24Z,June,6,29,02:26:24,The Steps,HAIM,Women In Music Pt. III
2025-06-29T02:53:12Z,June,6,29,02:53:12,I Know Alone,HAIM,Women In Music Pt. III
2025-06-29T02:55:40Z,June,6,29,02:55:40,Clearblue,Lorde,Virgin
2025-06-29T02:58:29Z,June,6,29,02:58:29,Club classics,Charli xcx,BRAT
2025-06-29T03:01:25Z,June,6,29,03:01:25,B2b,Charli xcx,BRAT
2025-06-29T03:04:11Z,June,6,29,03:04:11,New York,Addison Rae,Addison
2025-06-29T03:09:14Z,June,6,29,03:09:14,Diet Pepsi,Addison Rae,Addison
2025-06-29T06:50:37Z,June,6,29,06:50:37,Money is Everything,Addison Rae,Addison
2025-06-29T08:10:14Z,June,6,29,08:10:14,Shapeshifter,Lorde,Virgin
2025-06-29T08:23:39Z,June,6,29,08:23:39,Mean Girls,KATSEYE,BEAUTIFUL CHAOS
2025-06-29T08:26:44Z,June,6,29,08:26:44,Gameboy,KATSEYE,BEAUTIFUL CHAOS
2025-06-29T14:24:50Z,June,6,29,14:24:50,M.I.A,KATSEYE,BEAUTIFUL CHAOS
2025-06-29T14:27:36Z,June,6,29,14:27:36,Talk,Selena Gomez,I Said I Love You First... And You Said It Back
2025-06-29T17:21:27Z,June,6,29,17:21:27,Broken Glass,Lorde,Virgin
2025-06-29T17:29:02Z,June,6,29,17:29:02,take me by the hand (Aaron Hibell remix),Oklou,choke enough (remixes)
2025-06-29T17:32:25Z,June,6,29,17:32:25,blade bird (Nick León broward mix),Oklou,choke enough (remixes)
2025-06-30T21:04:36Z,June,6,30,21:04:36,Shapeshifter,Lorde,Virgin
2025-06-30T21:07:55Z,June,6,30,21:07:55,Broken Glass,Lorde,Virgin
2025-06-30T21:10:58Z,June,6,30,21:10:58,Hammer,Lorde,Hammer
2025-06-30T21:17:20Z,June,6,30,21:17:20,SexyBack (feat. Timbaland),Justin Timberlake,FutureSex/LoveSounds
2025-06-30T21:21:31Z,June,6,30,21:21:31,KETU TeCRÉ,Bad Bunny,DeBÍ TiRAR MáS FOToS
2025-06-30T21:25:37Z,June,6,30,21:25:37,When I Grow Up,The Pussycat Dolls,Doll Domination
2025-06-30T21:29:47Z,June,6,30,21:29:47,Down to be wrong,HAIM,Down to be wrong
2025-06-30T22:11:49Z,June,6,30,22:11:49,I'm Not Alone - 2009 Remaster,Calvin Harris,I'm Not Alone 2019
2025-06-30T22:15:19Z,June,6,30,22:15:19,Sympathy is a knife featuring ariana grande,Charli xcx,Brat and it’s completely different but also still brat
2025-06-30T22:18:58Z,June,6,30,22:18:58,"Girl, so confusing featuring lorde",Charli xcx,Brat and it’s completely different but also still brat
2025-06-30T22:21:53Z,June,6,30,22:21:53,New York,Addison Rae,Addison
2025-06-30T22:23:56Z,June,6,30,22:23:56,Money is Everything,Addison Rae,Addison
2025-06-30T22:27:52Z,June,6,30,22:27:52,Summer Forever,Addison Rae,Addison
2025-06-30T22:30:38Z,June,6,30,22:30:38,Diet Pepsi,Addison Rae,Addison
2025-06-30T22:34:30Z,June,6,30,22:34:30,Times Like These,Addison Rae,Addison
2025-06-30T22:41:29Z,June,6,30,22:41:29,Summer Forever,Addison Rae,Addison
2025-06-30T22:44:29Z,June,6,30,22:44:29,New Woman (feat. ROSALÍA),LISA,Alter Ego
2025-06-30T22:46:42Z,June,6,30,22:46:42,Talk,Selena Gomez,I Said I Love You First... And You Said It Back
2025-06-30T22:50:31Z,June,6,30,22:50:31,So Cynical (Badum),LE SSERAFIM,HOT
2025-06-30T22:52:51Z,June,6,30,22:52:51,Rapunzel (Kiki Solo Version),LISA,Alter Ego
2025-06-30T22:55:07Z,June,6,30,22:55:07,I think about it all the time,Charli xcx,BRAT
2025-06-30T22:58:36Z,June,6,30,22:58:36,Favourite Daughter,Lorde,Virgin
2025-06-30T23:02:00Z,June,6,30,23:02:00,Ash,LE SSERAFIM,HOT
2025-06-30T23:07:14Z,June,6,30,23:07:14,Headphones On,Addison Rae,Headphones On
2025-06-30T23:11:25Z,June,6,30,23:11:25,Radar,Britney Spears,Blackout
2025-06-30T23:14:49Z,June,6,30,23:14:49,Everything is romantic,Charli xcx,BRAT
2025-07-01T00:10:54Z,July,7,1,00:10:54,Something To Tell You,HAIM,Something to Tell You
2025-07-01T05:40:21Z,July,7,1,05:40:21,Shapeshifter,Lorde,Virgin
2025-07-01T05:43:36Z,July,7,1,05:43:36,Broken Glass,Lorde,Virgin
2025-07-01T15:20:33Z,July,7,1,15:20:33,Man Of The Year,Lorde,Virgin
2025-07-01T15:25:08Z,July,7,1,15:25:08,Rapunzel (Kiki Solo Version),LISA,Alter Ego
2025-07-01T15:27:38Z,July,7,1,15:27:38,SAOKO,ROSALÍA,MOTOMAMI
2025-07-01T15:30:51Z,July,7,1,15:30:51,CANDY,ROSALÍA,MOTOMAMI
2025-07-01T15:33:59Z,July,7,1,15:33:59,LA FAMA,ROSALÍA,MOTOMAMI
2025-07-01T15:36:35Z,July,7,1,15:36:35,BULERÍAS,ROSALÍA,MOTOMAMI
2025-07-01T15:38:37Z,July,7,1,15:38:37,CHICKEN TERIYAKI,ROSALÍA,MOTOMAMI
2025-07-01T15:41:20Z,July,7,1,15:41:20,HENTAI,ROSALÍA,MOTOMAMI
2025-07-01T16:35:53Z,July,7,1,16:35:53,BIZCOCHITO,ROSALÍA,MOTOMAMI
2025-07-01T16:40:43Z,July,7,1,16:40:43,G3 N15,ROSALÍA,MOTOMAMI
2025-07-01T16:41:45Z,July,7,1,16:41:45,MOTOMAMI,ROSALÍA,MOTOMAMI
2025-07-01T16:45:03Z,July,7,1,16:45:03,DIABLO,ROSALÍA,MOTOMAMI
2025-07-01T16:47:38Z,July,7,1,16:47:38,DELIRIO DE GRANDEZA,ROSALÍA,MOTOMAMI
2025-07-01T16:50:09Z,July,7,1,16:50:09,CUUUUuuuuuute,ROSALÍA,MOTOMAMI
2025-07-01T16:54:31Z,July,7,1,16:54:31,COMO UN G,ROSALÍA,MOTOMAMI
2025-07-01T16:55:37Z,July,7,1,16:55:37,Abcdefg,ROSALÍA,MOTOMAMI
2025-07-01T16:58:18Z,July,7,1,16:58:18,LA COMBI VERSACE,ROSALÍA,MOTOMAMI
2025-07-01T18:54:16Z,July,7,1,18:54:16,Born Fire,LE SSERAFIM,HOT
2025-07-01T18:56:40Z,July,7,1,18:56:40,HOT,LE SSERAFIM,HOT
2025-07-01T18:58:57Z,July,7,1,18:58:57,Come Over,LE SSERAFIM,HOT
2025-07-01T19:02:15Z,July,7,1,19:02:15,Ash,LE SSERAFIM,HOT
2025-07-01T19:04:50Z,July,7,1,19:04:50,So Cynical (Badum),LE SSERAFIM,HOT
2025-07-01T19:35:11Z,July,7,1,19:35:11,SAKURA,ROSALÍA,MOTOMAMI
2025-07-01T19:46:19Z,July,7,1,19:46:19,Shapeshifter,Lorde,Virgin
2025-07-01T19:49:42Z,July,7,1,19:49:42,Broken Glass,Lorde,Virgin
2025-07-01T19:52:38Z,July,7,1,19:52:38,If She Could See Me Now,Lorde,Virgin
2025-07-01T19:56:29Z,July,7,1,19:56:29,Favourite Daughter,Lorde,Virgin
2025-07-01T19:59:48Z,July,7,1,19:59:48,Current Affairs,Lorde,Virgin
2025-07-01T20:01:45Z,July,7,1,20:01:45,Clearblue,Lorde,Virgin
2025-07-01T21:57:31Z,July,7,1,21:57:31,Money is Everything,Addison Rae,Addison
2025-07-01T21:58:11Z,July,7,1,21:58:11,Life's No Fun Through Clear Waters,Addison Rae,Addison
2025-07-01T22:00:27Z,July,7,1,22:00:27,Lost & Found,Addison Rae,Addison
2025-07-01T22:03:37Z,July,7,1,22:03:37,OOH,SOPHIE,OOH
2025-07-01T22:11:03Z,July,7,1,22:11:03,Cross Your Mind,Shelly,Shelly 2
2025-07-01T22:19:37Z,July,7,1,22:19:37,Hartwell,Shelly,Shelly 2
2025-07-01T22:21:39Z,July,7,1,22:21:39,Money is Everything,Addison Rae,Addison
2025-07-02T00:41:48Z,July,7,2,00:41:48,Bags,Clairo,Immunity
2025-07-02T00:46:50Z,July,7,2,00:46:50,Gimme More,Britney Spears,Blackout
2025-07-02T00:50:22Z,July,7,2,00:50:22,Piece of Me,Britney Spears,Blackout
2025-07-02T00:54:12Z,July,7,2,00:54:12,Radar,Britney Spears,Blackout
2025-07-02T00:57:28Z,July,7,2,00:57:28,Break the Ice,Britney Spears,Blackout
2025-07-02T01:04:51Z,July,7,2,01:04:51,Heaven On Earth,Britney Spears,Blackout
2025-07-02T01:09:36Z,July,7,2,01:09:36,Get Naked (I Got a Plan),Britney Spears,Blackout
2025-07-02T01:12:32Z,July,7,2,01:12:32,Freakshow,Britney Spears,Blackout
2025-07-02T01:15:54Z,July,7,2,01:15:54,Toy Soldier,Britney Spears,Blackout
2025-07-02T02:00:12Z,July,7,2,02:00:12,Hot as Ice,Britney Spears,Blackout
2025-07-02T02:03:48Z,July,7,2,02:03:48,What Was That,Lorde,Virgin
2025-07-02T02:07:03Z,July,7,2,02:07:03,Broken Glass,Lorde,Virgin
2025-07-02T02:10:17Z,July,7,2,02:10:17,Hammer,Lorde,Virgin
2025-07-02T02:12:27Z,July,7,2,02:12:27,Clearblue,Lorde,Virgin
2025-07-02T02:16:51Z,July,7,2,02:16:51,Shapeshifter,Lorde,Virgin
2025-07-02T02:21:38Z,July,7,2,02:21:38,Diet Pepsi,Addison Rae,Addison
2025-07-02T02:24:10Z,July,7,2,02:24:10,New York,Addison Rae,Addison
2025-07-02T02:34:39Z,July,7,2,02:34:39,Fame is a Gun,Addison Rae,Addison
2025-07-02T02:45:32Z,July,7,2,02:45:32,Gone,HAIM,I quit
2025-07-02T02:48:54Z,July,7,2,02:48:54,All over me,HAIM,I quit
2025-07-02T02:52:16Z,July,7,2,02:52:16,Relationships,HAIM,I quit
2025-07-02T03:10:51Z,July,7,2,03:10:51,Down to be wrong,HAIM,I quit
2025-07-02T03:13:49Z,July,7,2,03:13:49,Intro,Don Omar,The Last Don
2025-07-02T03:16:31Z,July,7,2,03:16:31,Dale Don Mas Duro,Don Omar,The Last Don
2025-07-02T03:19:18Z,July,7,2,03:19:18,Intocable,Don Omar,The Last Don
2025-07-02T03:22:42Z,July,7,2,03:22:42,Dile,Don Omar,The Last Don
2025-07-02T03:26:45Z,July,7,2,03:26:45,Aunque Te Fuiste,Don Omar,The Last Don
2025-07-02T15:27:53Z,July,7,2,15:27:53,La Noche Esta Buena,Don Omar,The Last Don
2025-07-02T21:04:04Z,July,7,2,21:04:04,CUUUUuuuuuute,ROSALÍA,MOTOMAMI
2025-07-02T21:06:01Z,July,7,2,21:06:01,Clearblue,Lorde,Virgin
2025-07-02T21:10:21Z,July,7,2,21:10:21,Shapeshifter,Lorde,Virgin
2025-07-02T21:14:37Z,July,7,2,21:14:37,Favourite Daughter,Lorde,Virgin
2025-07-02T21:17:51Z,July,7,2,21:17:51,Broken Glass,Lorde,Virgin
2025-07-02T21:20:23Z,July,7,2,21:20:23,New York,Addison Rae,Addison
2025-07-02T21:23:10Z,July,7,2,21:23:10,I think about it all the time,Charli xcx,BRAT
2025-07-02T21:25:43Z,July,7,2,21:25:43,360 featuring robyn & yung lean,Charli xcx,Brat and it’s completely different but also still brat
2025-07-02T21:27:45Z,July,7,2,21:27:45,Money is Everything,Addison Rae,Addison
2025-07-02T21:32:50Z,July,7,2,21:32:50,I Know Alone,HAIM,Women In Music Pt. III
2025-07-02T21:52:50Z,July,7,2,21:52:50,I'm Not Alone - 2009 Remaster,Calvin Harris,I'm Not Alone 2019
2025-07-02T22:08:16Z,July,7,2,22:08:16,you'll come back,jigitz,don't come back
2025-07-02T22:13:59Z,July,7,2,22:13:59,LA COMBI VERSACE,ROSALÍA,MOTOMAMI
2025-07-02T22:17:24Z,July,7,2,22:17:24,Me4U,Danny L Harle,Me4U
2025-07-02T22:31:26Z,July,7,2,22:31:26,Fuck Me Eyes,Ethel Cain,Fuck Me Eyes
2025-07-02T22:43:56Z,July,7,2,22:43:56,Fuck Me Eyes,Ethel Cain,Fuck Me Eyes
2025-07-02T22:55:30Z,July,7,2,22:55:30,Yeah I Know,The 1975,Notes On A Conditional Form
2025-07-02T23:00:28Z,July,7,2,23:00:28,The 1975,The 1975,Notes On A Conditional Form
2025-07-02T23:03:07Z,July,7,2,23:03:07,People,The 1975,Notes On A Conditional Form
2025-07-02T23:05:38Z,July,7,2,23:05:38,The End (Music For Cars),The 1975,Notes On A Conditional Form
2025-07-02T23:09:32Z,July,7,2,23:09:32,Frail State Of Mind,The 1975,Notes On A Conditional Form
2025-07-02T23:11:09Z,July,7,2,23:11:09,Streaming,The 1975,Notes On A Conditional Form
2025-07-03T01:19:43Z,July,7,3,01:19:43,The Birthday Party,The 1975,Notes On A Conditional Form
2025-07-03T03:30:30Z,July,7,3,03:30:30,The Birthday Party,The 1975,Notes On A Conditional Form
2025-07-03T03:34:43Z,July,7,3,03:34:43,Yeah I Know,The 1975,Notes On A Conditional Form
2025-07-03T03:36:51Z,July,7,3,03:36:51,Then Because She Goes,The 1975,Notes On A Conditional Form
2025-07-03T03:41:15Z,July,7,3,03:41:15,Jesus Christ 2005 God Bless America,The 1975,Notes On A Conditional Form
2025-07-03T03:42:55Z,July,7,3,03:42:55,Roadkill,The 1975,Notes On A Conditional Form
2025-07-03T03:46:22Z,July,7,3,03:46:22,Me & You Together Song,The 1975,Notes On A Conditional Form
2025-07-03T03:48:14Z,July,7,3,03:48:14,Sugar Free Venom feat. Kesha (Finn Keane Remix),f5ve,Sugar Free Venom feat. Kesha (Finn Keane Remix)
2025-07-03T03:52:06Z,July,7,3,03:52:06,Frail State Of Mind,The 1975,Notes On A Conditional Form
2025-07-03T04:00:54Z,July,7,3,04:00:54,Tragique,Phèdre,Phèdre
2025-07-03T04:05:28Z,July,7,3,04:05:28,Aphrodite,Phèdre,Phèdre
2025-07-03T04:10:11Z,July,7,3,04:10:11,Cold Sunday,Phèdre,Phèdre
2025-07-03T04:13:12Z,July,7,3,04:13:12,Ode to the Swinger,Phèdre,Phèdre
2025-07-03T04:18:17Z,July,7,3,04:18:17,Shapeshifter,Lorde,Virgin
2025-07-03T04:21:36Z,July,7,3,04:21:36,Current Affairs,Lorde,Virgin
2025-07-03T04:23:34Z,July,7,3,04:23:34,Clearblue,Lorde,Virgin
2025-07-03T04:26:48Z,July,7,3,04:26:48,Broken Glass,Lorde,Virgin
2025-07-03T04:30:14Z,July,7,3,04:30:14,David,Lorde,Virgin
2025-07-03T05:15:43Z,July,7,3,05:15:43,Times Like These,Addison Rae,Addison
2025-07-03T21:32:26Z,July,7,3,21:32:26,Frail State Of Mind,The 1975,Notes On A Conditional Form
2025-07-03T21:36:40Z,July,7,3,21:36:40,Yeah I Know,The 1975,Notes On A Conditional Form
2025-07-03T21:42:38Z,July,7,3,21:42:38,Fuck Me Eyes,Ethel Cain,Fuck Me Eyes
2025-07-03T23:00:01Z,July,7,3,23:00:01,Times Like These,Addison Rae,Addison
2025-07-03T23:02:59Z,July,7,3,23:02:59,"This Is The Life - From ""Hannah Montana""/Soundtrack Version",Hannah Montana,Hannah Montana
2025-07-03T23:11:07Z,July,7,3,23:11:07,Nettles,Ethel Cain,Nettles
2025-07-03T23:15:25Z,July,7,3,23:15:25,American Teenager,Ethel Cain,Preacher’s Daughter
2025-07-03T23:18:54Z,July,7,3,23:18:54,Crush,Ethel Cain,Inbred
2025-07-03T23:23:04Z,July,7,3,23:23:04,Down to be wrong,HAIM,I quit
2025-07-03T23:36:12Z,July,7,3,23:36:12,Bunny Is A Rider,Caroline Polachek,"Desire, I Want To Turn Into You"
2025-07-04T04:36:30Z,July,7,4,04:36:30,Welcome To My Island,Caroline Polachek,"Desire, I Want To Turn Into You"
2025-07-04T04:38:39Z,July,7,4,04:38:39,Clearblue,Lorde,Virgin
2025-07-04T04:42:32Z,July,7,4,04:42:32,Frail State Of Mind,The 1975,Notes On A Conditional Form
2025-07-04T04:48:32Z,July,7,4,04:48:32,Yeah I Know,The 1975,Notes On A Conditional Form
2025-07-04T05:42:11Z,July,7,4,05:42:11,harvest sky,Oklou,choke enough
2025-07-04T05:44:03Z,July,7,4,05:44:03,Yeah I Know,The 1975,Notes On A Conditional Form
2025-07-04T06:10:42Z,July,7,4,06:10:42,Yeah I Know,The 1975,Notes On A Conditional Form
2025-07-04T19:27:46Z,July,7,4,19:27:46,Summer Forever,Addison Rae,Addison
2025-07-04T19:34:23Z,July,7,4,19:34:23,Frail State Of Mind,The 1975,Notes On A Conditional Form
2025-07-04T19:37:37Z,July,7,4,19:37:37,Hammer,Lorde,Virgin
2025-07-04T19:40:31Z,July,7,4,19:40:31,Club classics featuring bb trickz,Charli xcx,Brat and it’s completely different but also still brat
2025-07-04T19:43:35Z,July,7,4,19:43:35,Fame is a Gun,Addison Rae,Addison
2025-07-04T19:47:09Z,July,7,4,19:47:09,Work,P1Harmony,DUH!
2025-07-04T19:49:03Z,July,7,4,19:49:03,Underground,f5ve,SEQUENCE 01
2025-07-04T19:57:33Z,July,7,4,19:57:33,"Girl, so confusing featuring lorde",Charli xcx,Brat and it’s completely different but also still brat
2025-07-04T20:00:07Z,July,7,4,20:00:07,B2b featuring tinashe,Charli xcx,Brat and it’s completely different but also still brat
2025-07-04T20:02:09Z,July,7,4,20:02:09,365 featuring shygirl,Charli xcx,Brat and it’s completely different but also still brat
2025-07-04T20:04:42Z,July,7,4,20:04:42,New York,Addison Rae,Addison
2025-07-04T20:06:45Z,July,7,4,20:06:45,Money is Everything,Addison Rae,Addison
2025-07-06T21:41:49Z,July,7,6,21:41:49,take it offff,horsegiirL,v.i.p. - very important pony
2025-07-07T17:03:15Z,July,7,7,17:03:15,Shapeshifter,Lorde,Virgin
2025-07-07T17:06:34Z,July,7,7,17:06:34,Current Affairs,Lorde,Virgin
2025-07-07T17:09:48Z,July,7,7,17:09:48,Broken Glass,Lorde,Virgin
2025-07-07T17:26:07Z,July,7,7,17:26:07,What Was That,Lorde,Virgin
2025-07-07T17:29:05Z,July,7,7,17:29:05,If She Could See Me Now,Lorde,Virgin
2025-07-07T17:32:06Z,July,7,7,17:32:06,Man Of The Year,Lorde,Virgin
2025-07-07T17:35:34Z,July,7,7,17:35:34,Favourite Daughter,Lorde,Virgin
2025-07-07T18:05:57Z,July,7,7,18:05:57,Current Affairs,Lorde,Virgin
2025-07-07T18:09:18Z,July,7,7,18:09:18,Current Affairs,Lorde,Virgin
2025-07-07T18:14:00Z,July,7,7,18:14:00,Shapeshifter,Lorde,Virgin
2025-07-07T18:17:15Z,July,7,7,18:17:15,Hammer,Lorde,Virgin
2025-07-07T18:19:13Z,July,7,7,18:19:13,Clearblue,Lorde,Virgin
2025-07-07T18:22:38Z,July,7,7,18:22:38,David,Lorde,Virgin
2025-07-07T18:25:53Z,July,7,7,18:25:53,Broken Glass,Lorde,Virgin
2025-07-07T18:28:29Z,July,7,7,18:28:29,GRWM,Lorde,Virgin
2025-07-07T21:47:59Z,July,7,7,21:47:59,Frail State Of Mind,The 1975,Notes On A Conditional Form
2025-07-07T21:52:21Z,July,7,7,21:52:21,"The Field (feat. The Durutti Column, Tariq Al-Sabir, Caroline Polachek & Daniel Caesar)",Blood Orange,"The Field (feat. The Durutti Column, Tariq Al-Sabir, Caroline Polachek & Daniel Caesar)"
2025-07-07T21:58:46Z,July,7,7,21:58:46,ict,Oklou,choke enough
2025-07-07T22:02:50Z,July,7,7,22:02:50,Block,Brooke Candy,Block
2025-07-07T22:08:44Z,July,7,7,22:08:44,choke enough (jamesjamesjames remix),Oklou,choke enough (remixes)
2025-07-07T22:13:11Z,July,7,7,22:13:11,Take over Control (feat. Eva Simons),AFROJACK,Take over Control (feat. Eva Simons)
2025-07-07T22:15:41Z,July,7,7,22:15:41,OOH,SOPHIE,OOH
2025-07-07T23:38:02Z,July,7,7,23:38:02,LEMONHEAD,Kim Tee,LEMONHEAD
2025-07-07T23:41:24Z,July,7,7,23:41:24,Hammer,Lorde,Virgin
2025-07-07T23:44:54Z,July,7,7,23:44:54,What Was That,Lorde,Virgin
2025-07-07T23:49:11Z,July,7,7,23:49:11,Shapeshifter,Lorde,Virgin
2025-07-07T23:52:12Z,July,7,7,23:52:12,Man Of The Year,Lorde,Virgin
2025-07-07T23:55:40Z,July,7,7,23:55:40,Favourite Daughter,Lorde,Virgin
2025-07-07T23:58:59Z,July,7,7,23:58:59,Current Affairs,Lorde,Virgin
2025-07-08T00:00:56Z,July,7,8,00:00:56,Clearblue,Lorde,Virgin
2025-07-08T00:03:32Z,July,7,8,00:03:32,GRWM,Lorde,Virgin
2025-07-08T00:06:46Z,July,7,8,00:06:46,Broken Glass,Lorde,Virgin
2025-07-08T00:09:43Z,July,7,8,00:09:43,If She Could See Me Now,Lorde,Virgin
2025-07-08T15:58:05Z,July,7,8,15:58:05,LEMONHEAD,Kim Tee,LEMONHEAD
2025-07-08T16:01:33Z,July,7,8,16:01:33,ict,Oklou,choke enough
2025-07-08T16:05:03Z,July,7,8,16:05:03,"The Field (feat. The Durutti Column, Tariq Al-Sabir, Caroline Polachek & Daniel Caesar)",Blood Orange,"The Field (feat. The Durutti Column, Tariq Al-Sabir, Caroline Polachek & Daniel Caesar)"
2025-07-08T16:09:01Z,July,7,8,16:09:01,Frail State Of Mind,The 1975,Notes On A Conditional Form
2025-07-08T16:13:15Z,July,7,8,16:13:15,Yeah I Know,The 1975,Notes On A Conditional Form
2025-07-08T16:15:39Z,July,7,8,16:15:39,Block,Brooke Candy,Block
2025-07-08T16:25:56Z,July,7,8,16:25:56,OOH,SOPHIE,OOH
2025-07-08T20:16:24Z,July,7,8,20:16:24,BHM - DJ DOMKE contact mix,Kivazdi,ÁNGEL 95: Japan Edition
2025-07-08T20:18:42Z,July,7,8,20:18:42,New York,Addison Rae,Addison
2025-07-08T20:26:18Z,July,7,8,20:26:18,Block,Brooke Candy,Block
2025-07-08T20:30:05Z,July,7,8,20:30:05,Summer Forever,Addison Rae,Addison
2025-07-08T20:34:27Z,July,7,8,20:34:27,Shapeshifter,Lorde,Virgin
2025-07-08T20:36:34Z,July,7,8,20:36:34,Clearblue,Lorde,Virgin
2025-07-08T20:39:49Z,July,7,8,20:39:49,Broken Glass,Lorde,Virgin
2025-07-08T20:45:44Z,July,7,8,20:45:44,BHM - DJ DOMKE contact mix,Kivazdi,ÁNGEL 95: Japan Edition
2025-07-08T21:04:37Z,July,7,8,21:04:37,Take over Control (feat. Eva Simons),AFROJACK,Take over Control (feat. Eva Simons)
2025-07-08T21:08:02Z,July,7,8,21:08:02,Current Affairs,Lorde,Virgin
2025-07-08T21:11:32Z,July,7,8,21:11:32,Hammer,Lorde,Virgin
2025-07-08T21:26:08Z,July,7,8,21:26:08,New York,Addison Rae,Addison
2025-07-08T21:30:22Z,July,7,8,21:30:22,Headphones On,Addison Rae,Addison
2025-07-08T21:30:32Z,July,7,8,21:30:32,David,Lorde,Virgin
2025-07-08T21:34:27Z,July,7,8,21:34:27,Times Like These,Addison Rae,Addison
2025-07-08T21:37:40Z,July,7,8,21:37:40,Hammer,Lorde,Virgin
2025-07-08T21:41:13Z,July,7,8,21:41:13,BHM - DJ DOMKE contact mix,Kivazdi,ÁNGEL 95: Japan Edition
2025-07-08T21:43:31Z,July,7,8,21:43:31,SAOKO,ROSALÍA,MOTOMAMI
2025-07-08T21:46:03Z,July,7,8,21:46:03,OOH,SOPHIE,OOH
2025-07-08T21:49:04Z,July,7,8,21:49:04,GET HIGHER,SOPHIE,PRODUCT
2025-07-08T21:51:36Z,July,7,8,21:51:36,Block,Brooke Candy,Block
2025-07-08T21:55:28Z,July,7,8,21:55:28,"I Got It (feat. Brooke Candy, CupcakKe and Pabllo Vittar)",Charli xcx,Pop 2
2025-07-08T22:07:42Z,July,7,8,22:07:42,Unlock it (Lock It) - feat. Kim Petras and Jay Park,Charli xcx,Pop 2
2025-07-08T22:10:37Z,July,7,8,22:10:37,you and i,wes mills,early days
2025-07-08T22:13:41Z,July,7,8,22:13:41,What You Think About Me,Charli xcx,CRASH
2025-07-08T22:20:14Z,July,7,8,22:20:14,Take over Control (feat. Eva Simons),AFROJACK,Take over Control (feat. Eva Simons)
2025-07-08T22:24:45Z,July,7,8,22:24:45,What Was That,Lorde,Virgin
2025-07-08T22:33:25Z,July,7,8,22:33:25,BHM - DJ DOMKE contact mix,Kivazdi,ÁNGEL 95: Japan Edition
2025-07-08T23:48:17Z,July,7,8,23:48:17,Shapeshifter,Lorde,Virgin
2025-07-08T23:49:50Z,July,7,8,23:49:50,Shapeshifter,Lorde,Virgin
2025-07-08T23:53:16Z,July,7,8,23:53:16,"Girl, so confusing featuring lorde",Charli xcx,Brat and it’s completely different but also still brat
2025-07-08T23:56:31Z,July,7,8,23:56:31,Broken Glass,Lorde,Virgin
2025-07-08T23:59:41Z,July,7,8,23:59:41,Girl of Your Dreams,Eli,Girl of Your Dreams
2025-07-09T00:03:22Z,July,7,9,00:03:22,Take over Control (feat. Eva Simons),AFROJACK,Take over Control (feat. Eva Simons)
2025-07-09T00:06:41Z,July,7,9,00:06:41,"The Field (feat. The Durutti Column, Tariq Al-Sabir, Caroline Polachek & Daniel Caesar)",Blood Orange,"The Field (feat. The Durutti Column, Tariq Al-Sabir, Caroline Polachek & Daniel Caesar)"
2025-07-09T00:16:22Z,July,7,9,00:16:22,BHM - DJ DOMKE contact mix,Kivazdi,ÁNGEL 95: Japan Edition
2025-07-09T00:19:51Z,July,7,9,00:19:51,ict,Oklou,choke enough
2025-07-09T00:23:32Z,July,7,9,00:23:32,Take over Control (feat. Eva Simons),AFROJACK,Take over Control (feat. Eva Simons)
2025-07-09T00:28:22Z,July,7,9,00:28:22,New York,Addison Rae,Addison
2025-07-09T00:30:33Z,July,7,9,00:30:33,Block,Brooke Candy,Block
2025-07-09T00:34:30Z,July,7,9,00:34:30,Out of My Head (feat. Tove Lo and ALMA),Charli xcx,Pop 2
2025-07-09T00:37:02Z,July,7,9,00:37:02,OOH,SOPHIE,OOH
2025-07-09T00:40:03Z,July,7,9,00:40:03,GET HIGHER,SOPHIE,PRODUCT
2025-07-09T00:49:03Z,July,7,9,00:49:03,Immaterial,SOPHIE,OIL OF EVERY PEARL'S UN-INSIDES
2025-07-09T00:52:26Z,July,7,9,00:52:26,Welcome To My Island - George Daniel & Charli XCX Remix,Caroline Polachek,Welcome To My Island
2025-07-09T00:54:37Z,July,7,9,00:54:37,take it offff,horsegiirL,v.i.p. - very important pony
2025-07-09T14:36:15Z,July,7,9,14:36:15,My Barn My Rules,MCR-T,My Barn My Rules
2025-07-09T22:11:26Z,July,7,9,22:11:26,EXTRA,JEON SOMI,EXTRA
2025-07-09T22:14:59Z,July,7,9,22:14:59,BHM - DJ DOMKE contact mix,Kivazdi,ÁNGEL 95: Japan Edition
2025-07-09T22:17:22Z,July,7,9,22:17:22,Machinery,Cortisa Star,Machinery
2025-07-09T22:18:33Z,July,7,9,22:18:33,FUN,Cortisa Star,E.M.O. (EVIL MOTION OVERLOAD)
2025-07-09T22:23:24Z,July,7,9,22:23:24,Fun - Soma Remix,Cortisa Star,Fun (Soma Remix)
2025-07-09T22:27:12Z,July,7,9,22:27:12,Yummy,Ayesha Erotica,Fresh Meat
2025-07-09T22:31:27Z,July,7,9,22:31:27,Cadillacs,Ayesha Erotica,Big Juicy
2025-07-09T22:33:58Z,July,7,9,22:33:58,EXTRA,JEON SOMI,EXTRA
2025-07-09T22:36:30Z,July,7,9,22:36:30,Polo,Kim Petras,Polo
2025-07-09T22:39:21Z,July,7,9,22:39:21,True Religion,Shygirl,True Religion
2025-07-09T22:42:08Z,July,7,9,22:42:08,Kiss & Tell,ITZY,Girls Will Be Girls
2025-07-09T22:43:01Z,July,7,9,22:43:01,Running Free (George Daniel remix),Oscar Farrell,Running Free (George Daniel remix)
2025-07-09T22:59:47Z,July,7,9,22:59:47,Magic Clock,f5ve,SEQUENCE 01
2025-07-09T23:02:43Z,July,7,9,23:02:43,Underground,f5ve,SEQUENCE 01
2025-07-09T23:05:01Z,July,7,9,23:05:01,Television,f5ve,SEQUENCE 01
2025-07-09T23:08:11Z,July,7,9,23:08:11,Hugs & Kisses,JISOO,AMORTAGE
2025-07-09T23:11:16Z,July,7,9,23:11:16,B.E.A.T.,Selena Gomez,Stars Dance
2025-07-09T23:13:41Z,July,7,9,23:13:41,Come Over (Hyperpop Remix),LE SSERAFIM,Come Over (Remixes)
2025-07-09T23:16:56Z,July,7,9,23:16:56,Air,YEJI,AIR
2025-07-09T23:19:44Z,July,7,9,23:19:44,No Doubt,ENHYPEN,ROMANCE : UNTOLD -daydream-
2025-07-09T23:22:20Z,July,7,9,23:22:20,Doe Eyed,Rebecca Black,Let Her Burn
2025-07-10T01:50:48Z,July,7,10,01:50:48,Harajuku Girls,Gwen Stefani,Love. Angel. Music. Baby.
2025-07-10T20:09:03Z,July,7,10,20:09:03,True Religion,Shygirl,True Religion
2025-07-10T20:11:52Z,July,7,10,20:11:52,True Religion,Shygirl,True Religion
2025-07-10T20:17:25Z,July,7,10,20:17:25,BHM - DJ DOMKE contact mix,Kivazdi,ÁNGEL 95: Japan Edition
2025-07-10T20:21:05Z,July,7,10,20:21:05,Starlight,Danny L Harle,Starlight
2025-07-10T20:28:31Z,July,7,10,20:28:31,Demise,Daya,Demise
2025-07-10T20:31:21Z,July,7,10,20:31:21,True Religion,Shygirl,True Religion
2025-07-10T20:37:13Z,July,7,10,20:37:13,Yeah I Know,The 1975,Notes On A Conditional Form
2025-07-10T20:43:18Z,July,7,10,20:43:18,Fuck Me Eyes,Ethel Cain,Fuck Me Eyes
2025-07-10T20:46:14Z,July,7,10,20:46:14,BULERÍAS,ROSALÍA,MOTOMAMI
2025-07-10T20:48:39Z,July,7,10,20:48:39,SAOKO,ROSALÍA,MOTOMAMI
2025-07-10T20:52:16Z,July,7,10,20:52:16,CANDY,ROSALÍA,MOTOMAMI
2025-07-10T20:55:25Z,July,7,10,20:55:25,LA FAMA,ROSALÍA,MOTOMAMI
2025-07-10T20:58:00Z,July,7,10,20:58:00,BULERÍAS,ROSALÍA,MOTOMAMI
2025-07-10T21:00:03Z,July,7,10,21:00:03,CHICKEN TERIYAKI,ROSALÍA,MOTOMAMI
2025-07-10T21:02:46Z,July,7,10,21:02:46,HENTAI,ROSALÍA,MOTOMAMI
2025-07-10T21:04:35Z,July,7,10,21:04:35,BIZCOCHITO,ROSALÍA,MOTOMAMI
2025-07-10T21:08:47Z,July,7,10,21:08:47,G3 N15,ROSALÍA,MOTOMAMI
2025-07-10T21:09:48Z,July,7,10,21:09:48,MOTOMAMI,ROSALÍA,MOTOMAMI
2025-07-10T21:12:34Z,July,7,10,21:12:34,DIABLO,ROSALÍA,MOTOMAMI
2025-07-10T21:15:09Z,July,7,10,21:15:09,DELIRIO DE GRANDEZA,ROSALÍA,MOTOMAMI
2025-07-10T21:17:40Z,July,7,10,21:17:40,CUUUUuuuuuute,ROSALÍA,MOTOMAMI
2025-07-10T21:22:02Z,July,7,10,21:22:02,COMO UN G,ROSALÍA,MOTOMAMI
2025-07-10T21:23:08Z,July,7,10,21:23:08,Abcdefg,ROSALÍA,MOTOMAMI
2025-07-10T21:25:49Z,July,7,10,21:25:49,LA COMBI VERSACE,ROSALÍA,MOTOMAMI
2025-07-10T21:29:51Z,July,7,10,21:29:51,Current Affairs,Lorde,Virgin
2025-07-10T21:31:49Z,July,7,10,21:31:49,Clearblue,Lorde,Virgin
2025-07-10T21:34:24Z,July,7,10,21:34:24,GRWM,Lorde,Virgin
2025-07-10T21:37:38Z,July,7,10,21:37:38,Broken Glass,Lorde,Virgin
2025-07-10T21:40:35Z,July,7,10,21:40:35,If She Could See Me Now,Lorde,Virgin
2025-07-10T21:44:00Z,July,7,10,21:44:00,David,Lorde,Virgin
2025-07-10T21:47:14Z,July,7,10,21:47:14,Hammer,Lorde,Virgin
2025-07-10T21:52:17Z,July,7,10,21:52:17,What Was That,Lorde,Virgin
2025-07-10T21:58:05Z,July,7,10,21:58:05,Shapeshifter,Lorde,Virgin
2025-07-10T22:01:05Z,July,7,10,22:01:05,Man Of The Year,Lorde,Virgin
2025-07-10T22:04:34Z,July,7,10,22:04:34,Favourite Daughter,Lorde,Virgin
2025-07-10T22:10:50Z,July,7,10,22:10:50,True Religion,Shygirl,True Religion
2025-07-10T22:16:08Z,July,7,10,22:16:08,EXTRA,JEON SOMI,EXTRA
2025-07-10T22:19:41Z,July,7,10,22:19:41,BHM - DJ DOMKE contact mix,Kivazdi,ÁNGEL 95: Japan Edition
2025-07-10T22:22:34Z,July,7,10,22:22:34,New York,Addison Rae,Addison
2025-07-10T22:26:00Z,July,7,10,22:26:00,Fame is a Gun,Addison Rae,Addison
2025-07-10T22:29:59Z,July,7,10,22:29:59,Times Like These,Addison Rae,Addison
2025-07-10T22:37:38Z,July,7,10,22:37:38,B2b featuring tinashe,Charli xcx,Brat and it’s completely different but also still brat
2025-07-10T22:41:09Z,July,7,10,22:41:09,Everything is romantic featuring caroline polachek,Charli xcx,Brat and it’s completely different but also still brat
2025-07-10T22:44:02Z,July,7,10,22:44:02,Von dutch a. g. cook remix featuring addison rae,Charli xcx,Brat and it’s completely different but also still brat
2025-07-10T22:48:21Z,July,7,10,22:48:21,I might say something stupid featuring the 1975 & jon hopkins,Charli xcx,Brat and it’s completely different but also still brat
2025-07-10T22:54:22Z,July,7,10,22:54:22,Club classics featuring bb trickz,Charli xcx,Brat and it’s completely different but also still brat
2025-07-10T22:57:15Z,July,7,10,22:57:15,Talk talk featuring troye sivan,Charli xcx,Brat and it’s completely different but also still brat
2025-07-10T23:00:17Z,July,7,10,23:00:17,Club classics,Charli xcx,BRAT
2025-07-11T01:16:48Z,July,7,11,01:16:48,True Religion,Shygirl,True Religion
2025-07-11T01:21:46Z,July,7,11,01:21:46,Toy Soldier,Britney Spears,Blackout
2025-07-11T03:07:51Z,July,7,11,03:07:51,Starlight,Danny L Harle,Starlight
2025-07-11T03:11:23Z,July,7,11,03:11:23,True Religion,Shygirl,True Religion
2025-07-11T03:15:37Z,July,7,11,03:15:37,"I Got It (feat. Brooke Candy, CupcakKe and Pabllo Vittar)",Charli xcx,Pop 2
2025-07-11T03:15:40Z,July,7,11,03:15:40,Sympathy is a knife,Charli xcx,BRAT
2025-07-11T03:19:39Z,July,7,11,03:19:39,Unlock it (Lock It) - feat. Kim Petras and Jay Park,Charli xcx,Pop 2
2025-07-11T03:23:06Z,July,7,11,03:23:06,Porsche (feat. MØ),Charli xcx,Pop 2
2025-07-11T03:29:03Z,July,7,11,03:29:03,Backseat (feat. Carly Rae Jepsen),Charli xcx,Pop 2
2025-07-11T03:32:59Z,July,7,11,03:32:59,Out of My Head (feat. Tove Lo and ALMA),Charli xcx,Pop 2
2025-07-11T03:34:01Z,July,7,11,03:34:01,MOTOMAMI,ROSALÍA,MOTOMAMI
2025-07-11T03:37:36Z,July,7,11,03:37:36,What Was That,Lorde,Virgin
2025-07-11T03:40:37Z,July,7,11,03:40:37,GET HIGHER,SOPHIE,GET HIGHER
2025-07-11T03:47:51Z,July,7,11,03:47:51,BHM - DJ DOMKE contact mix,Kivazdi,ÁNGEL 95: Japan Edition
2025-07-11T03:54:21Z,July,7,11,03:54:21,OOH,SOPHIE,OOH
2025-07-11T04:00:06Z,July,7,11,04:00:06,choke enough (jamesjamesjames remix),Oklou,choke enough (remixes)
2025-07-11T04:03:43Z,July,7,11,04:03:43,JUMP,BLACKPINK,JUMP
2025-07-11T04:05:29Z,July,7,11,04:05:29,FOUR,TWICE,THIS IS FOR
2025-07-11T04:07:40Z,July,7,11,04:07:40,THIS IS FOR,TWICE,THIS IS FOR
2025-07-11T04:13:06Z,July,7,11,04:13:06,OPTIONS,TWICE,THIS IS FOR
2025-07-11T04:16:43Z,July,7,11,04:16:43,MARS,TWICE,THIS IS FOR
2025-07-11T04:19:21Z,July,7,11,04:19:21,RIGHT HAND GIRL,TWICE,THIS IS FOR
2025-07-11T18:47:51Z,July,7,11,18:47:51,Ribs,Lorde,Pure Heroine
2025-07-11T19:39:48Z,July,7,11,19:39:48,Supercut,Lorde,Melodrama
2025-07-11T19:42:42Z,July,7,11,19:42:42,JUMP,BLACKPINK,JUMP
2025-07-11T20:01:34Z,July,7,11,20:01:34,LA COMBI VERSACE,ROSALÍA,MOTOMAMI
2025-07-11T20:04:07Z,July,7,11,20:04:07,LA COMBI VERSACE,ROSALÍA,MOTOMAMI
2025-07-11T20:07:26Z,July,7,11,20:07:26,Current Affairs,Lorde,Virgin
2025-07-11T20:10:23Z,July,7,11,20:10:23,If She Could See Me Now,Lorde,Virgin
2025-07-11T20:14:14Z,July,7,11,20:14:14,Times Like These,Addison Rae,Addison
2025-07-11T20:54:45Z,July,7,11,20:54:45,Broken Glass,Lorde,Virgin
2025-07-11T21:10:44Z,July,7,11,21:10:44,Broken Glass,Lorde,Virgin
2025-07-11T21:13:49Z,July,7,11,21:13:49,OPTIONS,TWICE,THIS IS FOR
2025-07-11T21:16:41Z,July,7,11,21:16:41,True Religion,Shygirl,True Religion
2025-07-11T21:17:30Z,July,7,11,21:17:30,Lemon Drop,ATEEZ,GOLDEN HOUR : Part.3 'In Your Fantasy Edition'
2025-07-11T21:19:01Z,July,7,11,21:19:01,Bridge : The Edge of Reality,ATEEZ,GOLDEN HOUR : Part.3 'In Your Fantasy Edition'
2025-07-11T21:22:14Z,July,7,11,21:22:14,In Your Fantasy,ATEEZ,GOLDEN HOUR : Part.3 'In Your Fantasy Edition'
2025-07-11T21:24:47Z,July,7,11,21:24:47,NO1,ATEEZ,GOLDEN HOUR : Part.3 'In Your Fantasy Edition'
2025-07-11T21:28:08Z,July,7,11,21:28:08,Skin,ATEEZ,GOLDEN HOUR : Part.3 'In Your Fantasy Edition'
2025-07-12T00:18:40Z,July,7,12,00:18:40,Slide to me,ATEEZ,GOLDEN HOUR : Part.3 'In Your Fantasy Edition'
2025-07-12T00:20:05Z,July,7,12,00:20:05,Slide to me,ATEEZ,GOLDEN HOUR : Part.3 'In Your Fantasy Edition'
2025-07-12T00:44:28Z,July,7,12,00:44:28,Legacy,ATEEZ,GOLDEN HOUR : Part.3 'In Your Fantasy Edition'
2025-07-12T00:47:39Z,July,7,12,00:47:39,Creep,ATEEZ,GOLDEN HOUR : Part.3 'In Your Fantasy Edition'
2025-07-12T00:50:13Z,July,7,12,00:50:13,ROAR,ATEEZ,GOLDEN HOUR : Part.3 'In Your Fantasy Edition'
2025-07-12T00:53:02Z,July,7,12,00:53:02,Sagittarius,ATEEZ,GOLDEN HOUR : Part.3 'In Your Fantasy Edition'
2025-07-12T00:56:33Z,July,7,12,00:56:33,To be your light,ATEEZ,GOLDEN HOUR : Part.3 'In Your Fantasy Edition'
2025-07-12T01:06:20Z,July,7,12,01:06:20,In Your Fantasy (Korean Ver.),ATEEZ,GOLDEN HOUR : Part.3 'In Your Fantasy Edition'
2025-07-12T01:16:56Z,July,7,12,01:16:56,JUMP,BLACKPINK,JUMP
2025-07-12T01:19:47Z,July,7,12,01:19:47,True Religion,Shygirl,True Religion
2025-07-12T01:23:21Z,July,7,12,01:23:21,BHM - DJ DOMKE contact mix,Kivazdi,ÁNGEL 95: Japan Edition
2025-07-12T01:27:28Z,July,7,12,01:27:28,I'm Not Alone - 2009 Remaster,Calvin Harris,I'm Not Alone 2019
2025-07-12T01:30:00Z,July,7,12,01:30:00,New York,Addison Rae,Addison
2025-07-12T01:41:25Z,July,7,12,01:41:25,Hammer,Lorde,Virgin
2025-07-12T01:44:43Z,July,7,12,01:44:43,Current Affairs,Lorde,Virgin
2025-07-12T01:49:00Z,July,7,12,01:49:00,Shapeshifter,Lorde,Virgin
2025-07-12T01:59:45Z,July,7,12,01:59:45,Von dutch a. g. cook remix featuring addison rae,Charli xcx,Brat and it’s completely different but also still brat
2025-07-12T02:04:14Z,July,7,12,02:04:14,ZEN,JENNIE,Ruby
2025-07-12T02:07:58Z,July,7,12,02:07:58,Warm (feat. HAIM),Charli xcx,Charli
2025-07-12T02:11:32Z,July,7,12,02:11:32,3,Britney Spears,The Singles Collection
2025-07-12T19:42:32Z,July,7,12,19:42:32,Hold It Against Me,Britney Spears,Femme Fatale (Deluxe Version)
2025-07-12T19:44:25Z,July,7,12,19:44:25,Hold It Against Me,Britney Spears,Femme Fatale (Deluxe Version)
2025-07-12T19:46:52Z,July,7,12,19:46:52,"BATTITUDE (NAYEON, JEONGYEON, MOMO, MINA)",TWICE,THIS IS FOR
2025-07-12T19:57:48Z,July,7,12,19:57:48,EXTRA,JEON SOMI,EXTRA
2025-07-12T20:01:21Z,July,7,12,20:01:21,BHM - DJ DOMKE contact mix,Kivazdi,ÁNGEL 95: Japan Edition
2025-07-12T20:05:02Z,July,7,12,20:05:02,Take over Control (feat. Eva Simons),AFROJACK,Take over Control (feat. Eva Simons)
2025-07-12T20:07:13Z,July,7,12,20:07:13,Block,Brooke Candy,Block
2025-07-12T20:10:42Z,July,7,12,20:10:42,ict,Oklou,choke enough
2025-07-12T22:08:26Z,July,7,12,22:08:26,"The Field (feat. The Durutti Column, Tariq Al-Sabir, Caroline Polachek & Daniel Caesar)",Blood Orange,"The Field (feat. The Durutti Column, Tariq Al-Sabir, Caroline Polachek & Daniel Caesar)"
2025-07-13T02:29:34Z,July,7,13,02:29:34,JUMP,BLACKPINK,JUMP
2025-07-13T02:33:04Z,July,7,13,02:33:04,ZEN,JENNIE,Ruby
2025-07-13T02:35:54Z,July,7,13,02:35:54,True Religion,Shygirl,True Religion
2025-07-13T02:38:26Z,July,7,13,02:38:26,EXTRA,JEON SOMI,EXTRA
2025-07-13T02:41:59Z,July,7,13,02:41:59,BHM - DJ DOMKE contact mix,Kivazdi,ÁNGEL 95: Japan Edition
2025-07-13T02:45:13Z,July,7,13,02:45:13,Hammer,Lorde,Virgin
2025-07-13T02:48:42Z,July,7,13,02:48:42,What Was That,Lorde,Virgin
2025-07-13T02:57:06Z,July,7,13,02:57:06,Shapeshifter,Lorde,Virgin
2025-07-13T03:00:33Z,July,7,13,03:00:33,Current Affairs,Lorde,Virgin
2025-07-13T03:02:30Z,July,7,13,03:02:30,Clearblue,Lorde,Virgin
2025-07-13T03:05:06Z,July,7,13,03:05:06,GRWM,Lorde,Virgin
2025-07-13T03:08:20Z,July,7,13,03:08:20,Broken Glass,Lorde,Virgin
2025-07-13T03:11:17Z,July,7,13,03:11:17,If She Could See Me Now,Lorde,Virgin
2025-07-13T03:14:42Z,July,7,13,03:14:42,David,Lorde,Virgin
2025-07-13T04:52:56Z,July,7,13,04:52:56,Yeah I Know,The 1975,Notes On A Conditional Form
2025-07-13T04:55:27Z,July,7,13,04:55:27,OOH,SOPHIE,OOH
2025-07-13T04:58:06Z,July,7,13,04:58:06,New York,Addison Rae,Addison
2025-07-13T05:19:42Z,July,7,13,05:19:42,What Was That,Lorde,Virgin
2025-07-13T05:23:59Z,July,7,13,05:23:59,Shapeshifter,Lorde,Virgin
2025-07-13T05:27:18Z,July,7,13,05:27:18,Current Affairs,Lorde,Virgin
2025-07-13T05:30:55Z,July,7,13,05:30:55,Broken Glass,Lorde,Virgin
2025-07-13T05:48:32Z,July,7,13,05:48:32,Broken Glass,Lorde,Virgin
2025-07-13T05:52:03Z,July,7,13,05:52:03,Niño,Belanova,Gran Disco Mini Precio - Dulce Beat
2025-07-13T21:15:14Z,July,7,13,21:15:14,Good Thing,i-dle,We are
2025-07-13T21:18:49Z,July,7,13,21:18:49,New Shapes (feat. Christine and the Queens and Caroline Polachek),Charli xcx,CRASH
2025-07-13T21:22:50Z,July,7,13,21:22:50,Beautiful,A. G. Cook,"PC Music, Vol. 1"
2025-07-13T21:25:32Z,July,7,13,21:25:32,Sorry if I Hurt You,Charli xcx,CRASH
2025-07-13T21:25:39Z,July,7,13,21:25:39,I'm Not Alone - 2009 Remaster,Calvin Harris,I'm Not Alone 2019
2025-07-13T21:28:22Z,July,7,13,21:28:22,Von dutch a. g. cook remix featuring addison rae,Charli xcx,Brat and it’s completely different but also still brat
2025-07-13T21:32:30Z,July,7,13,21:32:30,The Steps,HAIM,Women In Music Pt. III
2025-07-13T21:35:12Z,July,7,13,21:35:12,Apple featuring the japanese house,Charli xcx,Brat and it’s completely different but also still brat
2025-07-13T21:39:17Z,July,7,13,21:39:17,Diet Pepsi,Addison Rae,Aquamarine
2025-07-13T21:41:47Z,July,7,13,21:41:47,Sympathy is a knife,Charli xcx,BRAT
2025-07-13T21:45:43Z,July,7,13,21:45:43,ZEN,JENNIE,Ruby
2025-07-13T21:48:29Z,July,7,13,21:48:29,JUMP,BLACKPINK,JUMP
2025-07-13T21:53:13Z,July,7,13,21:53:13,On The Beach (from DEATH STRANDING 2: ON THE BEACH),Caroline Polachek,On The Beach
2025-07-13T21:56:27Z,July,7,13,21:56:27,Hammer,Lorde,Virgin
2025-07-13T22:01:11Z,July,7,13,22:01:11,Room Of Fools,FKA twigs,EUSEXUA
2025-07-13T22:04:23Z,July,7,13,22:04:23,Drums of Death,FKA twigs,EUSEXUA
2025-07-13T22:07:41Z,July,7,13,22:07:41,Perfect Stranger,FKA twigs,EUSEXUA
2025-07-13T22:10:52Z,July,7,13,22:10:52,earthquake,JISOO,AMORTAGE
2025-07-13T22:13:52Z,July,7,13,22:13:52,So Cynical (Badum),LE SSERAFIM,HOT
2025-07-13T22:17:16Z,July,7,13,22:17:16,Ash,LE SSERAFIM,HOT
2025-07-13T22:20:38Z,July,7,13,22:20:38,Air,YEJI,AIR
2025-07-13T22:39:41Z,July,7,13,22:39:41,Welcome To My Island,Caroline Polachek,"Desire, I Want To Turn Into You"
2025-07-13T22:44:18Z,July,7,13,22:44:18,Bunny Is A Rider,Caroline Polachek,"Desire, I Want To Turn Into You"
2025-07-13T22:48:26Z,July,7,13,22:48:26,I Believe,Caroline Polachek,"Desire, I Want To Turn Into You"
2025-07-13T22:53:06Z,July,7,13,22:53:06,HENTAI,ROSALÍA,MOTOMAMI
2025-07-13T22:54:40Z,July,7,13,22:54:40,COMO UN G,ROSALÍA,MOTOMAMI
2025-07-13T23:07:46Z,July,7,13,23:07:46,COMO UN G,ROSALÍA,MOTOMAMI
2025-07-13T23:08:19Z,July,7,13,23:08:19,Abcdefg,ROSALÍA,MOTOMAMI
2025-07-13T23:09:19Z,July,7,13,23:09:19,MOTOMAMI,ROSALÍA,MOTOMAMI
2025-07-13T23:12:01Z,July,7,13,23:12:01,DIABLO,ROSALÍA,MOTOMAMI
2025-07-13T23:17:20Z,July,7,13,23:17:20,DELIRIO DE GRANDEZA,ROSALÍA,MOTOMAMI
2025-07-13T23:19:30Z,July,7,13,23:19:30,360 featuring robyn & yung lean,Charli xcx,Brat and it’s completely different but also still brat
2025-07-13T23:23:38Z,July,7,13,23:23:38,Emotions,Mariah Carey,Emotions
2025-07-13T23:26:43Z,July,7,13,23:26:43,Superlove,Tinashe,Superlove
2025-07-13T23:30:20Z,July,7,13,23:30:20,Drop That Kitty (feat. Charli XCX & Tinashe),Ty Dolla $ign,Drop That Kitty (feat. Charli XCX & Tinashe)
2025-07-14T00:05:56Z,July,7,14,00:05:56,2 On (feat. ScHoolboy Q),Tinashe,Aquarius
2025-07-14T00:06:32Z,July,7,14,00:06:32,2 On (feat. ScHoolboy Q),Tinashe,Aquarius
2025-07-14T00:09:06Z,July,7,14,00:09:06,B2b featuring tinashe,Charli xcx,Brat and it’s completely different but also still brat
2025-07-14T00:12:39Z,July,7,14,00:12:39,Image,Magdalena Bay,Imaginal Disk
2025-07-14T00:15:32Z,July,7,14,00:15:32,MEOW,MEOVV,MEOW
2025-07-14T00:18:45Z,July,7,14,00:18:45,HANDS UP,MEOVV,HANDS UP
2025-07-14T00:21:13Z,July,7,14,00:21:13,Don't Lie,The Chainsmokers,Don't Lie
2025-07-14T00:23:46Z,July,7,14,00:23:46,Click (feat. Kim Petras and Tommy Cash),Charli xcx,Charli
2025-07-14T04:16:31Z,July,7,14,04:16:31,Je T'Adore,Kim Petras,Problématique
2025-07-14T04:20:50Z,July,7,14,04:20:50,FAKE LOVE,BTS,Love Yourself 轉 'Tear'
2025-07-14T04:24:07Z,July,7,14,04:24:07,Save Me,BTS,The Most Beautiful Moment in Life: Young Forever
2025-07-14T04:28:00Z,July,7,14,04:28:00,Anpanman,BTS,Love Yourself 結 'Answer'
2025-07-14T04:31:52Z,July,7,14,04:31:52,CROWN,TOMORROW X TOGETHER,The Dream Chapter: STAR
2025-07-14T04:50:32Z,July,7,14,04:50:32,Can't We Just Leave the Monster Alive?,TOMORROW X TOGETHER,The Dream Chapter: MAGIC
2025-07-14T04:55:10Z,July,7,14,04:55:10,Deep Down,TOMORROW X TOGETHER,The Name Chapter: FREEFALL
2025-07-14T04:57:27Z,July,7,14,04:57:27,Mantra,JENNIE,Mantra
2025-07-14T05:00:42Z,July,7,14,05:00:42,Air,YEJI,AIR
2025-07-14T05:03:30Z,July,7,14,05:03:30,Invasion,YEJI,AIR
2025-07-14T05:06:29Z,July,7,14,05:06:29,"Can’t Slow Me, No",YEJI,AIR
2025-07-14T18:05:50Z,July,7,14,18:05:50,258,YEJI,AIR
2025-07-14T22:29:57Z,July,7,14,22:29:57,MISIDENTIFY,Cortisa Star,MISIDENTIFY
2025-07-14T22:33:12Z,July,7,14,22:33:12,Sugar (feat. Shygirl),SG Lewis,Sugar (feat. Shygirl)
2025-07-14T22:35:57Z,July,7,14,22:35:57,DELIRIO DE GRANDEZA,ROSALÍA,MOTOMAMI
2025-07-14T22:38:42Z,July,7,14,22:38:42,JUMP,BLACKPINK,JUMP
2025-07-14T22:41:36Z,July,7,14,22:41:36,ALAMBRE PúA,Bad Bunny,ALAMBRE PúA
2025-07-14T22:45:01Z,July,7,14,22:45:01,Hammer,Lorde,Virgin
2025-07-14T22:48:30Z,July,7,14,22:48:30,What Was That,Lorde,Virgin
2025-07-14T22:52:47Z,July,7,14,22:52:47,Shapeshifter,Lorde,Virgin
2025-07-14T22:55:48Z,July,7,14,22:55:48,Man Of The Year,Lorde,Virgin
2025-07-14T22:59:16Z,July,7,14,22:59:16,Favourite Daughter,Lorde,Virgin
2025-07-14T23:02:35Z,July,7,14,23:02:35,Current Affairs,Lorde,Virgin
2025-07-14T23:04:32Z,July,7,14,23:04:32,Clearblue,Lorde,Virgin
2025-07-14T23:12:42Z,July,7,14,23:12:42,GRWM,Lorde,Virgin
2025-07-14T23:15:56Z,July,7,14,23:15:56,Broken Glass,Lorde,Virgin
2025-07-14T23:18:53Z,July,7,14,23:18:53,If She Could See Me Now,Lorde,Virgin
2025-07-14T23:22:18Z,July,7,14,23:22:18,David,Lorde,Virgin
2025-07-14T23:57:14Z,July,7,14,23:57:14,Welcome To My Island,Caroline Polachek,"Desire, I Want To Turn Into You"
2025-07-15T00:00:55Z,July,7,15,00:00:55,Pretty In Possible,Caroline Polachek,"Desire, I Want To Turn Into You"
2025-07-15T00:04:09Z,July,7,15,00:04:09,Bunny Is A Rider,Caroline Polachek,"Desire, I Want To Turn Into You"
2025-07-15T00:09:31Z,July,7,15,00:09:31,Sunset,Caroline Polachek,"Desire, I Want To Turn Into You"
2025-07-15T00:13:43Z,July,7,15,00:13:43,Crude Drawing Of An Angel,Caroline Polachek,"Desire, I Want To Turn Into You"
2025-07-15T01:03:40Z,July,7,15,01:03:40,I Believe,Caroline Polachek,"Desire, I Want To Turn Into You"
2025-07-15T01:07:45Z,July,7,15,01:07:45,Fly To You (feat. Grimes and Dido),Caroline Polachek,"Desire, I Want To Turn Into You"
2025-07-15T01:10:54Z,July,7,15,01:10:54,360,Charli xcx,BRAT
2025-07-15T01:13:30Z,July,7,15,01:13:30,Club classics,Charli xcx,BRAT
2025-07-15T01:16:02Z,July,7,15,01:16:02,Sympathy is a knife,Charli xcx,BRAT
2025-07-15T01:20:04Z,July,7,15,01:20:04,I might say something stupid,Charli xcx,BRAT
2025-07-15T01:33:03Z,July,7,15,01:33:03,Talk talk,Charli xcx,BRAT
2025-07-15T01:35:47Z,July,7,15,01:35:47,Von dutch,Charli xcx,BRAT
2025-07-15T01:39:11Z,July,7,15,01:39:11,Sugar (feat. Shygirl),SG Lewis,Sugar (feat. Shygirl)
2025-07-15T01:42:37Z,July,7,15,01:42:37,Twist The Knife,Rebecca Black,SALVATION
2025-07-15T01:45:35Z,July,7,15,01:45:35,Tears In My Pocket,Rebecca Black,SALVATION
2025-07-15T02:01:14Z,July,7,15,02:01:14,JUMP,BLACKPINK,JUMP
2025-07-15T02:04:18Z,July,7,15,02:04:18,Sugar (feat. Shygirl),SG Lewis,Sugar (feat. Shygirl)
2025-07-15T02:04:55Z,July,7,15,02:04:55,MISIDENTIFY,Cortisa Star,MISIDENTIFY
2025-07-15T02:07:30Z,July,7,15,02:07:30,DELIRIO DE GRANDEZA,ROSALÍA,MOTOMAMI
2025-07-15T02:10:15Z,July,7,15,02:10:15,JUMP,BLACKPINK,JUMP
2025-07-15T02:12:33Z,July,7,15,02:12:33,SAOKO,ROSALÍA,MOTOMAMI
2025-07-15T02:15:26Z,July,7,15,02:15:26,True Religion,Shygirl,True Religion
2025-07-15T02:19:19Z,July,7,15,02:19:19,BHM - DJ DOMKE contact mix,Kivazdi,ÁNGEL 95: Japan Edition
2025-07-15T02:25:29Z,July,7,15,02:25:29,Hammer,Lorde,Virgin
2025-07-15T02:31:20Z,July,7,15,02:31:20,Nothing More to Say - Vox,SOPHIE,Nothing More to Say
2025-07-15T02:33:53Z,July,7,15,02:33:53,New York,Addison Rae,Addison
2025-07-15T02:38:19Z,July,7,15,02:38:19,My Barn My Rules,MCR-T,My Barn My Rules
2025-07-16T02:38:42Z,July,7,16,02:38:42,What Was That,Lorde,Virgin
2025-07-16T02:41:35Z,July,7,16,02:41:35,New York,Addison Rae,Addison
2025-07-16T02:45:18Z,July,7,16,02:45:18,Diet Pepsi,Addison Rae,Addison
2025-07-16T02:47:21Z,July,7,16,02:47:21,Money is Everything,Addison Rae,Addison
2025-07-16T02:50:04Z,July,7,16,02:50:04,Aquamarine,Addison Rae,Addison
2025-07-16T02:50:52Z,July,7,16,02:50:52,Lost & Found,Addison Rae,Addison
2025-07-16T03:00:15Z,July,7,16,03:00:15,High Fashion,Addison Rae,Addison
2025-07-16T03:04:18Z,July,7,16,03:04:18,Summer Forever,Addison Rae,Addison
2025-07-16T03:07:52Z,July,7,16,03:07:52,In The Rain,Addison Rae,Addison
2025-07-16T03:10:55Z,July,7,16,03:10:55,Fame is a Gun,Addison Rae,Addison
2025-07-16T03:14:48Z,July,7,16,03:14:48,Times Like These,Addison Rae,Addison
2025-07-16T03:15:45Z,July,7,16,03:15:45,Life's No Fun Through Clear Waters,Addison Rae,Addison
2025-07-16T03:19:45Z,July,7,16,03:19:45,Headphones On,Addison Rae,Addison
2025-07-16T04:59:06Z,July,7,16,04:59:06,Money is Everything,Addison Rae,Addison
2025-07-16T05:02:55Z,July,7,16,05:02:55,Summer Forever,Addison Rae,Addison
2025-07-16T05:06:57Z,July,7,16,05:06:57,Times Like These,Addison Rae,Addison
2025-07-16T05:10:11Z,July,7,16,05:10:11,Broken Glass,Lorde,Virgin
2025-07-16T05:13:13Z,July,7,16,05:13:13,If She Could See Me Now,Lorde,Virgin
2025-07-16T05:16:32Z,July,7,16,05:16:32,Current Affairs,Lorde,Virgin
2025-07-16T05:20:50Z,July,7,16,05:20:50,Shapeshifter,Lorde,Virgin
2025-07-16T05:24:19Z,July,7,16,05:24:19,Favourite Daughter,Lorde,Virgin
2025-07-16T05:27:45Z,July,7,16,05:27:45,David,Lorde,Virgin
2025-07-16T05:41:18Z,July,7,16,05:41:18,Sugar (feat. Shygirl),SG Lewis,Sugar (feat. Shygirl)
2025-07-16T05:54:58Z,July,7,16,05:54:58,Back Of My Mind,SG Lewis,Sugar (feat. Shygirl)
2025-07-16T06:11:46Z,July,7,16,06:11:46,Sugar (feat. Shygirl),SG Lewis,Sugar (feat. Shygirl)
2025-07-16T06:14:35Z,July,7,16,06:14:35,Diet Pepsi,Addison Rae,Addison
2025-07-16T06:26:05Z,July,7,16,06:26:05,Times Like These,Addison Rae,Addison
2025-07-16T06:29:52Z,July,7,16,06:29:52,In The Rain,Addison Rae,Addison
2025-07-16T06:32:55Z,July,7,16,06:32:55,Fame is a Gun,Addison Rae,Addison
2025-07-16T06:33:13Z,July,7,16,06:33:13,Summer Forever,Addison Rae,Addison
2025-07-16T06:35:05Z,July,7,16,06:35:05,Lost & Found,Addison Rae,Addison
2025-07-16T06:37:56Z,July,7,16,06:37:56,Aquamarine,Addison Rae,Addison
2025-07-16T06:41:40Z,July,7,16,06:41:40,Lost & Found,Addison Rae,Addison
2025-07-16T21:23:36Z,July,7,16,21:23:36,So Cynical (Badum),LE SSERAFIM,HOT
2025-07-16T21:26:53Z,July,7,16,21:26:53,Ash,LE SSERAFIM,HOT
2025-07-16T21:29:10Z,July,7,16,21:29:10,Come Over,LE SSERAFIM,HOT
2025-07-16T21:31:34Z,July,7,16,21:31:34,HOT,LE SSERAFIM,HOT
2025-07-16T21:34:59Z,July,7,16,21:34:59,Sugar (feat. Shygirl),SG Lewis,Sugar (feat. Shygirl)
2025-07-16T21:37:34Z,July,7,16,21:37:34,DELIRIO DE GRANDEZA,ROSALÍA,MOTOMAMI
2025-07-16T21:40:18Z,July,7,16,21:40:18,HENTAI,ROSALÍA,MOTOMAMI
2025-07-16T21:42:11Z,July,7,16,21:42:11,New York,Addison Rae,Addison
2025-07-16T21:42:52Z,July,7,16,21:42:52,CUUUUuuuuuute,ROSALÍA,MOTOMAMI
2025-07-16T21:43:54Z,July,7,16,21:43:54,MOTOMAMI,ROSALÍA,MOTOMAMI
2025-07-16T21:46:53Z,July,7,16,21:46:53,True Religion,Shygirl,True Religion
2025-07-16T21:50:53Z,July,7,16,21:50:53,"I Got It (feat. Brooke Candy, CupcakKe and Pabllo Vittar)",Charli xcx,Pop 2
2025-07-16T22:38:58Z,July,7,16,22:38:58,FOUR,TWICE,THIS IS FOR
2025-07-16T22:41:09Z,July,7,16,22:41:09,THIS IS FOR,TWICE,THIS IS FOR
2025-07-16T22:44:15Z,July,7,16,22:44:15,OPTIONS,TWICE,THIS IS FOR
2025-07-16T22:46:36Z,July,7,16,22:46:36,MARS,TWICE,THIS IS FOR
2025-07-16T22:49:08Z,July,7,16,22:49:08,RIGHT HAND GIRL,TWICE,THIS IS FOR
2025-07-16T22:51:26Z,July,7,16,22:51:26,PEACH GELATO,TWICE,THIS IS FOR
2025-07-16T22:53:33Z,July,7,16,22:53:33,HI HELLO,TWICE,THIS IS FOR
2025-07-16T22:56:00Z,July,7,16,22:56:00,"BATTITUDE (NAYEON, JEONGYEON, MOMO, MINA)",TWICE,THIS IS FOR
2025-07-16T23:01:05Z,July,7,16,23:01:05,"DAT AHH DAT OOH (SANA, JIHYO, DAHYUN, CHAEYOUNG, TZUYU)",TWICE,THIS IS FOR
2025-07-16T23:04:03Z,July,7,16,23:04:03,"LET LOVE GO (JEONGYEON, MOMO, SANA, TZUYU)",TWICE,THIS IS FOR
2025-07-16T23:41:34Z,July,7,16,23:41:34,"G.O.A.T. (MINA, DAHYUN, CHAEYOUNG)",TWICE,THIS IS FOR
2025-07-16T23:45:46Z,July,7,16,23:45:46,Perfectly,FKA twigs,Perfectly
2025-07-16T23:48:13Z,July,7,16,23:48:13,"BATTITUDE (NAYEON, JEONGYEON, MOMO, MINA)",TWICE,THIS IS FOR
2025-07-16T23:51:33Z,July,7,16,23:51:33,ALAMBRE PúA,Bad Bunny,ALAMBRE PúA
2025-07-16T23:54:11Z,July,7,16,23:54:11,MISIDENTIFY,Cortisa Star,MISIDENTIFY
2025-07-16T23:56:43Z,July,7,16,23:56:43,Fun - Soma Remix,Cortisa Star,Fun (Soma Remix)
2025-07-16T23:59:29Z,July,7,16,23:59:29,JUMP,BLACKPINK,JUMP
2025-07-17T18:28:55Z,July,7,17,18:28:55,Perfectly,FKA twigs,Perfectly
2025-07-17T18:31:37Z,July,7,17,18:31:37,"BATTITUDE (NAYEON, JEONGYEON, MOMO, MINA)",TWICE,THIS IS FOR
2025-07-17T18:34:05Z,July,7,17,18:34:05,"DAT AHH DAT OOH (SANA, JIHYO, DAHYUN, CHAEYOUNG, TZUYU)",TWICE,THIS IS FOR
2025-07-17T18:39:12Z,July,7,17,18:39:12,YES,HYO,YES
2025-07-17T18:55:29Z,July,7,17,18:55:29,"Mind Loaded (feat. Caroline Polachek, Lorde & Mustafa)",Blood Orange,"Mind Loaded (feat. Caroline Polachek, Lorde & Mustafa)"
2025-07-17T18:58:01Z,July,7,17,18:58:01,OOH,SOPHIE,OOH
2025-07-17T19:01:15Z,July,7,17,19:01:15,Hammer,Lorde,Virgin
2025-07-17T19:05:54Z,July,7,17,19:05:54,Unlock it (Lock It) - feat. Kim Petras and Jay Park,Charli xcx,Pop 2
2025-07-17T19:09:51Z,July,7,17,19:09:51,Backseat (feat. Carly Rae Jepsen),Charli xcx,Pop 2
2025-07-17T19:14:02Z,July,7,17,19:14:02,Summer Forever,Addison Rae,Addison
2025-07-17T19:17:24Z,July,7,17,19:17:24,Apple,Charli xcx,BRAT
2025-07-17T19:19:42Z,July,7,17,19:19:42,I think about it all the time,Charli xcx,BRAT
2025-07-17T19:23:06Z,July,7,17,19:23:06,365,Charli xcx,BRAT
2025-07-17T19:23:50Z,July,7,17,19:23:50,360,Charli xcx,BRAT
2025-07-17T19:25:59Z,July,7,17,19:25:59,360 featuring robyn & yung lean,Charli xcx,Brat and it’s completely different but also still brat
2025-07-17T19:29:11Z,July,7,17,19:29:11,Club classics featuring bb trickz,Charli xcx,Brat and it’s completely different but also still brat
2025-07-17T19:31:43Z,July,7,17,19:31:43,B2b featuring tinashe,Charli xcx,Brat and it’s completely different but also still brat
2025-07-17T19:36:23Z,July,7,17,19:36:23,What Was That,Lorde,Virgin
2025-07-17T19:50:57Z,July,7,17,19:50:57,If She Could See Me Now,Lorde,Virgin
2025-07-17T19:55:17Z,July,7,17,19:55:17,Shapeshifter,Lorde,Virgin
2025-07-17T19:59:24Z,July,7,17,19:59:24,Perfectly,FKA twigs,Perfectly
2025-07-17T20:02:39Z,July,7,17,20:02:39,Sugar (feat. Shygirl),SG Lewis,Sugar (feat. Shygirl)
2025-07-17T20:07:44Z,July,7,17,20:07:44,MISIDENTIFY,Cortisa Star,MISIDENTIFY
2025-07-17T20:11:32Z,July,7,17,20:11:32,2 On (feat. ScHoolboy Q),Tinashe,Aquarius
2025-07-17T20:14:37Z,July,7,17,20:14:37,Sugar (feat. Shygirl),SG Lewis,Sugar (feat. Shygirl)
2025-07-17T20:18:28Z,July,7,17,20:18:28,Perfectly,FKA twigs,Perfectly
2025-07-17T20:21:13Z,July,7,17,20:21:13,JUMP,BLACKPINK,JUMP
2025-07-17T20:23:31Z,July,7,17,20:23:31,SAOKO,ROSALÍA,MOTOMAMI
2025-07-17T20:26:23Z,July,7,17,20:26:23,True Religion,Shygirl,True Religion
2025-07-17T20:28:50Z,July,7,17,20:28:50,"BATTITUDE (NAYEON, JEONGYEON, MOMO, MINA)",TWICE,THIS IS FOR
2025-07-17T20:32:20Z,July,7,17,20:32:20,ALAMBRE PúA,Bad Bunny,ALAMBRE PúA
2025-07-17T20:37:13Z,July,7,17,20:37:13,BHM - DJ DOMKE contact mix,Kivazdi,ÁNGEL 95: Japan Edition
2025-07-17T21:57:52Z,July,7,17,21:57:52,"DAT AHH DAT OOH (SANA, JIHYO, DAHYUN, CHAEYOUNG, TZUYU)",TWICE,THIS IS FOR
2025-07-17T21:59:07Z,July,7,17,21:59:07,"DAT AHH DAT OOH (SANA, JIHYO, DAHYUN, CHAEYOUNG, TZUYU)",TWICE,THIS IS FOR
2025-07-17T22:01:23Z,July,7,17,22:01:23,Block,Brooke Candy,Block
2025-07-17T22:05:04Z,July,7,17,22:05:04,Take over Control (feat. Eva Simons),AFROJACK,Take over Control (feat. Eva Simons)
2025-07-17T22:07:36Z,July,7,17,22:07:36,OOH,SOPHIE,OOH
2025-07-17T22:10:09Z,July,7,17,22:10:09,New York,Addison Rae,Addison
2025-07-17T22:13:47Z,July,7,17,22:13:47,I'm Not Alone - 2009 Remaster,Calvin Harris,I'm Not Alone 2019
2025-07-17T22:18:00Z,July,7,17,22:18:00,Yeah I Know,The 1975,Notes On A Conditional Form
2025-07-17T22:20:44Z,July,7,17,22:20:44,Bluest Flame,Selena Gomez,I Said I Love You First
2025-07-17T22:33:49Z,July,7,17,22:33:49,Moscow Mule,Bad Bunny,Un Verano Sin Ti
2025-07-17T22:37:07Z,July,7,17,22:37:07,LEMONHEAD (feat. JDM Global),Kim Tee,LEMONHEAD (feat. JDM Global)
2025-07-17T22:40:57Z,July,7,17,22:40:57,visions,Charli xcx,how i'm feeling now
2025-07-17T22:44:46Z,July,7,17,22:44:46,Get Back,Britney Spears,Blackout
2025-07-17T22:49:14Z,July,7,17,22:49:14,Gimme More,Britney Spears,Blackout
2025-07-17T22:51:27Z,July,7,17,22:51:27,Talk,Selena Gomez,I Said I Love You First... And You Said It Back
2025-07-17T22:54:07Z,July,7,17,22:54:07,Chill,LISA,Alter Ego
2025-07-17T22:58:34Z,July,7,17,22:58:34,My Barn My Rules,MCR-T,My Barn My Rules
2025-07-17T23:00:45Z,July,7,17,23:00:45,take it offff,horsegiirL,v.i.p. - very important pony
2025-07-17T23:03:19Z,July,7,17,23:03:19,Club classics,Charli xcx,BRAT
2025-07-17T23:06:21Z,July,7,17,23:06:21,Rhyme Dust,MK,Rhyme Dust
2025-07-17T23:09:06Z,July,7,17,23:09:06,JUMP,BLACKPINK,JUMP
2025-07-17T23:11:16Z,July,7,17,23:11:16,I like u (Extended),Tove Lo,I like u (Remixes)
2025-07-18T08:11:41Z,July,7,18,08:11:41,Hammer,Lorde,Virgin
2025-07-18T08:15:11Z,July,7,18,08:15:11,What Was That,Lorde,Virgin
2025-07-18T21:16:24Z,July,7,18,21:16:24,Shapeshifter,Lorde,Virgin
2025-07-18T21:19:36Z,July,7,18,21:19:36,YES,HYO,YES
2025-07-18T21:44:30Z,July,7,18,21:44:30,Lion Heart,Girls' Generation,Lion Heart - The 5th Album
2025-07-18T21:51:04Z,July,7,18,21:51:04,PARTY,Girls' Generation,Lion Heart - The 5th Album
2025-07-18T21:53:59Z,July,7,18,21:53:59,"BATTITUDE (NAYEON, JEONGYEON, MOMO, MINA)",TWICE,THIS IS FOR
2025-07-18T21:58:49Z,July,7,18,21:58:49,Back Of My Mind,SG Lewis,Back Of My Mind
2025-07-18T22:02:40Z,July,7,18,22:02:40,Perfectly,FKA twigs,Perfectly
2025-07-18T22:05:24Z,July,7,18,22:05:24,HENTAI,ROSALÍA,MOTOMAMI
2025-07-18T22:08:37Z,July,7,18,22:08:37,HANDS UP,MEOVV,HANDS UP
2025-07-18T22:30:44Z,July,7,18,22:30:44,MEOW,MEOVV,MEOW
2025-07-18T22:33:08Z,July,7,18,22:33:08,MEOW,MEOVV,MEOW
2025-07-18T22:35:36Z,July,7,18,22:35:36,Cool With You,NewJeans,NewJeans 2nd EP 'Get Up'
2025-07-18T22:37:26Z,July,7,18,22:37:26,New Jeans,NewJeans,NewJeans 2nd EP 'Get Up'
2025-07-18T22:39:58Z,July,7,18,22:39:58,GGUM,YEONJUN,GGUM
2025-07-18T22:42:45Z,July,7,18,22:42:45,Smart,LE SSERAFIM,EASY
2025-07-18T22:45:34Z,July,7,18,22:45:34,FEARLESS (2023 Ver.),LE SSERAFIM,UNFORGIVEN
2025-07-18T22:48:38Z,July,7,18,22:48:38,ANTIFRAGILE,LE SSERAFIM,UNFORGIVEN
2025-07-18T22:51:41Z,July,7,18,22:51:41,UNFORGIVEN (feat. Nile Rodgers),LE SSERAFIM,UNFORGIVEN
2025-07-18T22:53:59Z,July,7,18,22:53:59,Gnarly,KATSEYE,Gnarly
2025-07-18T22:56:58Z,July,7,18,22:56:58,Yeah Yeah Yeah,BLACKPINK,BORN PINK
2025-07-19T21:03:34Z,July,7,19,21:03:34,Pretty Savage,BLACKPINK,THE ALBUM
2025-07-19T22:34:14Z,July,7,19,22:34:14,Perfectly,FKA twigs,Perfectly
2025-07-19T22:37:19Z,July,7,19,22:37:19,Sugar (feat. Shygirl),SG Lewis,Sugar (feat. Shygirl)
2025-07-19T22:45:28Z,July,7,19,22:45:28,Back Of My Mind,SG Lewis,Sugar (feat. Shygirl)
2025-07-21T21:14:33Z,July,7,21,21:14:33,Upside Down Kiss,TOMORROW X TOGETHER,The Star Chapter: TOGETHER
2025-07-21T21:16:51Z,July,7,21,21:16:51,Beautiful Strangers,TOMORROW X TOGETHER,The Star Chapter: TOGETHER
2025-07-21T21:19:58Z,July,7,21,21:19:58,Ghost Girl,TOMORROW X TOGETHER,The Star Chapter: TOGETHER
2025-07-21T21:22:45Z,July,7,21,21:22:45,Sunday Driver,TOMORROW X TOGETHER,The Star Chapter: TOGETHER
2025-07-21T21:25:06Z,July,7,21,21:25:06,Dance With You,TOMORROW X TOGETHER,The Star Chapter: TOGETHER
2025-07-23T00:11:05Z,July,7,23,00:11:05,Take My Half,TOMORROW X TOGETHER,The Star Chapter: TOGETHER
2025-07-23T01:15:40Z,July,7,23,01:15:40,"Mind Loaded (feat. Caroline Polachek, Lorde & Mustafa)",Blood Orange,"Mind Loaded (feat. Caroline Polachek, Lorde & Mustafa)"
2025-07-23T01:22:30Z,July,7,23,01:22:30,YES,HYO,YES
2025-07-23T01:26:21Z,July,7,23,01:26:21,Perfectly,FKA twigs,Perfectly
2025-07-23T01:29:43Z,July,7,23,01:29:43,Sugar (feat. Shygirl),SG Lewis,Sugar (feat. Shygirl)
2025-07-23T01:32:20Z,July,7,23,01:32:20,MISIDENTIFY,Cortisa Star,MISIDENTIFY
2025-07-23T01:36:08Z,July,7,23,01:36:08,2 On (feat. ScHoolboy Q),Tinashe,Aquarius
2025-07-23T01:38:44Z,July,7,23,01:38:44,DELIRIO DE GRANDEZA,ROSALÍA,MOTOMAMI
2025-07-23T01:41:33Z,July,7,23,01:41:33,JUMP,BLACKPINK,JUMP
2025-07-23T05:37:32Z,July,7,23,05:37:32,"Mind Loaded (feat. Caroline Polachek, Lorde & Mustafa)",Blood Orange,"Mind Loaded (feat. Caroline Polachek, Lorde & Mustafa)"
2025-07-23T05:46:24Z,July,7,23,05:46:24,LA COMBI VERSACE,ROSALÍA,MOTOMAMI
2025-07-23T18:42:00Z,July,7,23,18:42:00,YES,HYO,YES
2025-07-23T18:45:46Z,July,7,23,18:45:46,"Mind Loaded (feat. Caroline Polachek, Lorde & Mustafa)",Blood Orange,"Mind Loaded (feat. Caroline Polachek, Lorde & Mustafa)"
2025-07-23T18:49:11Z,July,7,23,18:49:11,David,Lorde,Virgin
2025-07-23T18:52:25Z,July,7,23,18:52:25,Hammer,Lorde,Virgin
2025-07-23T18:55:54Z,July,7,23,18:55:54,What Was That,Lorde,Virgin
2025-07-23T19:00:11Z,July,7,23,19:00:11,Shapeshifter,Lorde,Virgin
2025-07-23T19:03:30Z,July,7,23,19:03:30,Current Affairs,Lorde,Virgin
2025-07-23T19:05:28Z,July,7,23,19:05:28,Clearblue,Lorde,Virgin
2025-07-23T19:08:30Z,July,7,23,19:08:30,If She Could See Me Now,Lorde,Virgin
2025-07-23T19:11:45Z,July,7,23,19:11:45,Broken Glass,Lorde,Virgin
2025-07-23T19:15:48Z,July,7,23,19:15:48,Times Like These,Addison Rae,Addison
2025-07-23T19:47:05Z,July,7,23,19:47:05,Perfectly,FKA twigs,Perfectly
2025-07-23T19:51:55Z,July,7,23,19:51:55,YES,HYO,YES
2025-07-23T19:54:35Z,July,7,23,19:54:35,"BATTITUDE (NAYEON, JEONGYEON, MOMO, MINA)",TWICE,THIS IS FOR
2025-07-23T19:57:36Z,July,7,23,19:57:36,JUMP,BLACKPINK,JUMP
2025-07-23T20:00:17Z,July,7,23,20:00:17,LA COMBI VERSACE,ROSALÍA,MOTOMAMI
2025-07-23T20:01:19Z,July,7,23,20:01:19,MOTOMAMI,ROSALÍA,MOTOMAMI
2025-07-23T20:07:06Z,July,7,23,20:07:06,HENTAI,ROSALÍA,MOTOMAMI
2025-07-23T20:09:24Z,July,7,23,20:09:24,SAOKO,ROSALÍA,MOTOMAMI
2025-07-23T20:12:00Z,July,7,23,20:12:00,BULERÍAS,ROSALÍA,MOTOMAMI
2025-07-23T20:14:32Z,July,7,23,20:14:32,Polo,Kim Petras,Polo
2025-07-23T20:18:12Z,July,7,23,20:18:12,Starlight,Danny L Harle,Starlight
2025-07-23T20:23:32Z,July,7,23,20:23:32,True Religion,Shygirl,True Religion
2025-07-23T20:26:03Z,July,7,23,20:26:03,EXTRA,JEON SOMI,EXTRA
2025-07-23T20:29:36Z,July,7,23,20:29:36,BHM - DJ DOMKE contact mix,Kivazdi,ÁNGEL 95: Japan Edition
2025-07-23T20:33:17Z,July,7,23,20:33:17,Take over Control (feat. Eva Simons),AFROJACK,Take over Control (feat. Eva Simons)
2025-07-23T20:36:55Z,July,7,23,20:36:55,I'm Not Alone - 2009 Remaster,Calvin Harris,I'm Not Alone 2019
2025-07-23T21:01:35Z,July,7,23,21:01:35,Block,Brooke Candy,Block
2025-07-23T21:07:43Z,July,7,23,21:07:43,gossip,Confidence Man,gossip
2025-07-23T21:11:11Z,July,7,23,21:11:11,ict,Oklou,choke enough
2025-07-23T21:14:31Z,July,7,23,21:14:31,gossip,Confidence Man,gossip
2025-07-23T21:17:01Z,July,7,23,21:17:01,EXTRA,JEON SOMI,EXTRA
2025-07-23T21:19:33Z,July,7,23,21:19:33,OOH,SOPHIE,OOH
2025-07-23T22:06:36Z,July,7,23,22:06:36,LEMONHEAD (feat. JDM Global),Kim Tee,LEMONHEAD (feat. JDM Global)
2025-07-23T22:07:45Z,July,7,23,22:07:45,LEMONHEAD (feat. JDM Global),Kim Tee,LEMONHEAD (feat. JDM Global)
2025-07-23T22:13:57Z,July,7,23,22:13:57,YES,HYO,YES
2025-07-23T22:17:50Z,July,7,23,22:17:50,Summer Forever,Addison Rae,Addison
2025-07-23T22:19:53Z,July,7,23,22:19:53,Money is Everything,Addison Rae,Addison
2025-07-23T22:22:26Z,July,7,23,22:22:26,New York,Addison Rae,Addison
2025-07-23T22:25:40Z,July,7,23,22:25:40,Hammer,Lorde,Virgin
2025-07-23T22:29:09Z,July,7,23,22:29:09,What Was That,Lorde,Virgin
2025-07-23T22:41:00Z,July,7,23,22:41:00,Shapeshifter,Lorde,Virgin
2025-07-23T22:44:19Z,July,7,23,22:44:19,Current Affairs,Lorde,Virgin
2025-07-23T22:47:20Z,July,7,23,22:47:20,GET HIGHER,SOPHIE,PRODUCT
2025-07-23T22:49:38Z,July,7,23,22:49:38,Gnarly,KATSEYE,Gnarly
2025-07-23T22:53:18Z,July,7,23,22:53:18,TING TING TING (with Oliver Heldens),ITZY,IT'z ME
2025-07-23T22:55:25Z,July,7,23,22:55:25,24HRS,ITZY,IT'z ME
2025-07-23T22:58:12Z,July,7,23,22:58:12,Kiss & Tell,ITZY,Girls Will Be Girls
2025-07-23T23:01:16Z,July,7,23,23:01:16,Fame is a Gun,Addison Rae,Fame is a Gun
2025-07-24T19:14:45Z,July,7,24,19:14:45,Good Thing,i-dle,We are
2025-07-24T19:37:55Z,July,7,24,19:37:55,White cat,Yves,White cat
2025-07-24T19:42:12Z,July,7,24,19:42:12,Shapeshifter,Lorde,Virgin
2025-07-24T19:46:31Z,July,7,24,19:46:31,The Steps,HAIM,Women In Music Pt. III
2025-07-24T20:22:42Z,July,7,24,20:22:42,Noticed I Cried,PinkPantheress,to hell with it
2025-07-24T20:26:25Z,July,7,24,20:26:25,White cat,Yves,White cat
2025-07-24T20:29:45Z,July,7,24,20:29:45,gossip,Confidence Man,gossip
2025-07-24T20:33:24Z,July,7,24,20:33:24,"Mind Loaded (feat. Caroline Polachek, Lorde & Mustafa)",Blood Orange,"Mind Loaded (feat. Caroline Polachek, Lorde & Mustafa)"
2025-07-24T20:36:22Z,July,7,24,20:36:22,YES,HYO,YES
2025-07-24T20:40:14Z,July,7,24,20:40:14,Perfectly,FKA twigs,Perfectly
2025-07-24T20:42:43Z,July,7,24,20:42:43,"DAT AHH DAT OOH (SANA, JIHYO, DAHYUN, CHAEYOUNG, TZUYU)",TWICE,THIS IS FOR
2025-07-24T21:33:51Z,July,7,24,21:33:51,White cat,Yves,White cat
2025-07-24T22:00:33Z,July,7,24,22:00:33,gossip,Confidence Man,gossip
2025-07-25T00:54:21Z,July,7,25,00:54:21,OOH,SOPHIE,OOH
2025-07-25T00:58:37Z,July,7,25,00:58:37,Shapeshifter,Lorde,Virgin
2025-07-25T01:02:20Z,July,7,25,01:02:20,Broken Glass,Lorde,Virgin
2025-07-25T01:06:04Z,July,7,25,01:06:04,Favourite Daughter,Lorde,Virgin
2025-07-25T01:09:52Z,July,7,25,01:09:52,HENTAI,ROSALÍA,MOTOMAMI
2025-07-25T01:14:21Z,July,7,25,01:14:21,Welcome To My Island,Caroline Polachek,"Desire, I Want To Turn Into You"
2025-07-25T01:17:21Z,July,7,25,01:17:21,Sunset,Caroline Polachek,"Desire, I Want To Turn Into You"
2025-07-25T01:20:53Z,July,7,25,01:20:53,Piece of Me,Britney Spears,Blackout
2025-07-25T01:26:07Z,July,7,25,01:26:07,Striptease,FKA twigs,EUSEXUA
2025-07-25T01:27:45Z,July,7,25,01:27:45,materiaL hor$e,horsegiirL,v.i.p. - very important pony
2025-07-25T01:39:17Z,July,7,25,01:39:17,New York,Addison Rae,Addison
2025-07-25T01:42:10Z,July,7,25,01:42:10,Diet Pepsi,Addison Rae,Addison
2025-07-25T01:44:13Z,July,7,25,01:44:13,Money is Everything,Addison Rae,Addison
2025-07-25T01:47:17Z,July,7,25,01:47:17,Fame is a Gun,Addison Rae,Addison
2025-07-25T01:51:10Z,July,7,25,01:51:10,Times Like These,Addison Rae,Addison
2025-07-25T02:25:09Z,July,7,25,02:25:09,Headphones On,Addison Rae,Addison
2025-07-25T02:31:47Z,July,7,25,02:31:47,White cat,Yves,White cat
2025-07-25T02:34:03Z,July,7,25,02:34:03,Upside Down Kiss,TOMORROW X TOGETHER,The Star Chapter: TOGETHER
2025-07-25T02:36:21Z,July,7,25,02:36:21,Beautiful Strangers,TOMORROW X TOGETHER,The Star Chapter: TOGETHER
2025-07-25T02:39:27Z,July,7,25,02:39:27,Ghost Girl,TOMORROW X TOGETHER,The Star Chapter: TOGETHER
2025-07-25T02:40:50Z,July,7,25,02:40:50,Sunday Driver,TOMORROW X TOGETHER,The Star Chapter: TOGETHER
2025-07-25T03:07:15Z,July,7,25,03:07:15,White cat,Yves,White cat
2025-07-25T03:10:30Z,July,7,25,03:10:30,YES,HYO,YES
2025-07-25T03:14:21Z,July,7,25,03:14:21,Perfectly,FKA twigs,Perfectly
2025-07-25T03:16:51Z,July,7,25,03:16:51,"DAT AHH DAT OOH (SANA, JIHYO, DAHYUN, CHAEYOUNG, TZUYU)",TWICE,THIS IS FOR
2025-07-25T03:19:18Z,July,7,25,03:19:18,"BATTITUDE (NAYEON, JEONGYEON, MOMO, MINA)",TWICE,THIS IS FOR
2025-07-25T03:21:44Z,July,7,25,03:21:44,ALAMBRE PúA,Bad Bunny,ALAMBRE PúA
2025-07-25T03:24:50Z,July,7,25,03:24:50,Sugar (feat. Shygirl),SG Lewis,Sugar (feat. Shygirl)
2025-07-25T03:30:33Z,July,7,25,03:30:33,MISIDENTIFY,Cortisa Star,MISIDENTIFY
2025-07-25T03:33:24Z,July,7,25,03:33:24,True Religion,Shygirl,True Religion
2025-07-25T03:36:44Z,July,7,25,03:36:44,gossip,Confidence Man,gossip
2025-07-25T03:41:35Z,July,7,25,03:41:35,Room Of Fools,FKA twigs,EUSEXUA
2025-07-25T03:44:09Z,July,7,25,03:44:09,Club classics,Charli xcx,BRAT
2025-07-25T19:42:05Z,July,7,25,19:42:05,New York,Addison Rae,Addison
2025-07-25T19:46:54Z,July,7,25,19:46:54,Freak It,Kim Petras,Freak It
2025-07-25T19:50:17Z,July,7,25,19:50:17,White cat,Yves,White cat
2025-07-25T19:52:48Z,July,7,25,19:52:48,EXTRA,JEON SOMI,EXTRA
2025-07-25T19:55:23Z,July,7,25,19:55:23,Good Thing,i-dle,We are
2025-07-25T19:59:19Z,July,7,25,19:59:19,Cookie,NewJeans,NewJeans 1st EP 'New Jeans'
2025-07-25T20:17:10Z,July,7,25,20:17:10,STAY,BLACKPINK,SQUARE TWO
2025-07-25T20:20:18Z,July,7,25,20:20:18,Something,NAYEON,NA
2025-07-25T20:22:58Z,July,7,25,20:22:58,Chill,LISA,Alter Ego
2025-07-25T20:50:45Z,July,7,25,20:50:45,Rapunzel (Kiki Solo Version),LISA,Alter Ego
2025-07-25T20:52:05Z,July,7,25,20:52:05,Rapunzel (Kiki Solo Version),LISA,Alter Ego
2025-07-26T03:09:44Z,July,7,26,03:09:44,Freak It,Kim Petras,Freak It
2025-07-26T21:39:13Z,July,7,26,21:39:13,End Of Summer,Tame Impala,End Of Summer
2025-07-26T21:41:06Z,July,7,26,21:41:06,B Rocka Intro,Brandy,Full Moon
2025-07-26T21:45:07Z,July,7,26,21:45:07,All in Me,Brandy,Full Moon
2025-07-26T21:50:00Z,July,7,26,21:50:00,Heaven On Earth,Britney Spears,Blackout
2025-07-26T21:53:22Z,July,7,26,21:53:22,Toy Soldier,Britney Spears,Blackout
2025-07-27T00:22:19Z,July,7,27,00:22:19,Ooh Ooh Baby,Britney Spears,Blackout
2025-07-27T00:25:55Z,July,7,27,00:25:55,White cat,Yves,White cat
2025-07-27T00:28:25Z,July,7,27,00:28:25,Sympathy is a knife,Charli xcx,BRAT
2025-07-27T01:18:48Z,July,7,27,01:18:48,End Of Summer,Tame Impala,End Of Summer
2025-07-27T22:25:24Z,July,7,27,22:25:24,harvest sky,Oklou,choke enough
2025-07-27T22:36:45Z,July,7,27,22:36:45,blade bird,Oklou,choke enough
2025-07-27T22:40:14Z,July,7,27,22:40:14,ict,Oklou,choke enough
2025-07-27T22:42:58Z,July,7,27,22:42:58,supernatural,Ariana Grande,eternal sunshine
2025-07-27T22:46:58Z,July,7,27,22:46:58,All in Me,Brandy,Full Moon
2025-07-27T22:57:19Z,July,7,27,22:57:19,"Independent Women, Pt. 1",Destiny's Child,Survivor
2025-07-27T22:58:39Z,July,7,27,22:58:39,Independent Women Pt. II,Destiny's Child,Survivor
2025-07-27T23:02:17Z,July,7,27,23:02:17,"Bills, Bills, Bills",Destiny's Child,The Writing's On The Wall
2025-07-27T23:06:56Z,July,7,27,23:06:56,Rock The Boat,Aaliyah,Aaliyah
2025-07-27T23:08:17Z,July,7,27,23:08:17,B Rocka Intro,Brandy,Full Moon
2025-07-27T23:22:14Z,July,7,27,23:22:14,gossip,Confidence Man,gossip
2025-07-28T00:26:43Z,July,7,28,00:26:43,White cat,Yves,White cat
2025-07-28T00:29:29Z,July,7,28,00:29:29,JUMP,BLACKPINK,JUMP
2025-07-28T00:33:02Z,July,7,28,00:33:02,Work,P1Harmony,DUH!
2025-07-28T00:37:29Z,July,7,28,00:37:29,Change Your Ticket,One Direction,FOUR
2025-07-28T00:40:23Z,July,7,28,00:40:23,Your Love,JISOO,AMORTAGE
2025-07-28T00:55:09Z,July,7,28,00:55:09,Ash,LE SSERAFIM,HOT
2025-07-28T00:58:43Z,July,7,28,00:58:43,Save Me,BTS,The Most Beautiful Moment in Life: Young Forever
2025-07-28T01:02:48Z,July,7,28,01:02:48,choke enough,Oklou,choke enough
2025-07-28T01:05:42Z,July,7,28,01:05:42,Know Who You Are,Finn Keane,ELECTRIC
2025-07-28T01:08:44Z,July,7,28,01:08:44,Xcxoplex (with Charli XCX),A. G. Cook,Apple vs. 7G
2025-07-28T01:10:42Z,July,7,28,01:10:42,too late to cry,Carlie Hanson,too late to cry
2025-07-28T01:14:25Z,July,7,28,01:14:25,I Really Like You,Carly Rae Jepsen,Emotion
2025-07-28T01:17:48Z,July,7,28,01:17:48,Roll Up,BLACKSWAN,Roll Up
2025-07-28T01:21:59Z,July,7,28,01:21:59,Out of My Head (feat. Tove Lo and ALMA),Charli xcx,Pop 2
2025-07-28T01:25:51Z,July,7,28,01:25:51,"I Got It (feat. Brooke Candy, CupcakKe and Pabllo Vittar)",Charli xcx,Pop 2
2025-07-28T01:28:23Z,July,7,28,01:28:23,OOH,SOPHIE,OOH
2025-07-28T01:31:37Z,July,7,28,01:31:37,Hammer,Lorde,Virgin
2025-07-28T01:46:11Z,July,7,28,01:46:11,Nice to meet you (feat. Central Cee),PinkPantheress,Heaven knows
2025-07-28T01:49:04Z,July,7,28,01:49:04,New York,Addison Rae,Addison
2025-07-28T01:52:35Z,July,7,28,01:52:35,Little Molly,Tommy Cash,Little Molly
2025-07-28T01:56:00Z,July,7,28,01:56:00,Me4U,Danny L Harle,Me4U
2025-07-28T02:00:07Z,July,7,28,02:00:07,I'm Not Alone - 2009 Remaster,Calvin Harris,I'm Not Alone 2019
2025-07-28T02:05:37Z,July,7,28,02:05:37,Fame is a Gun,Addison Rae,Fame is a Gun
2025-07-28T02:09:31Z,July,7,28,02:09:31,you'll come back,jigitz,don't come back
2025-07-28T02:12:03Z,July,7,28,02:12:03,CUUUUuuuuuute,ROSALÍA,MOTOMAMI
2025-07-28T02:16:04Z,July,7,28,02:16:04,Headphones On,Addison Rae,Headphones On
2025-07-28T02:19:30Z,July,7,28,02:19:30,Broken Glass,Lorde,Virgin
2025-07-28T02:23:00Z,July,7,28,02:23:00,If She Could See Me Now,Lorde,Virgin
2025-07-28T21:10:31Z,July,7,28,21:10:31,David,Lorde,Virgin
2025-07-28T21:14:03Z,July,7,28,21:14:03,Save Me,BTS,The Most Beautiful Moment in Life: Young Forever
2025-07-28T21:23:19Z,July,7,28,21:23:19,End Of Summer,Tame Impala,End Of Summer
2025-07-28T21:26:24Z,July,7,28,21:26:24,Freak It,Kim Petras,Freak It
2025-07-28T21:42:04Z,July,7,28,21:42:04,Get Up,NewJeans,NewJeans 2nd EP 'Get Up'
2025-07-28T21:44:46Z,July,7,28,21:44:46,Super Shy,NewJeans,NewJeans 2nd EP 'Get Up'
2025-07-28T22:18:14Z,July,7,28,22:18:14,True Religion,Shygirl,True Religion
2025-07-28T22:21:38Z,July,7,28,22:21:38,Fame is a Gun,Addison Rae,Fame is a Gun
2025-07-28T22:24:52Z,July,7,28,22:24:52,Broken Glass,Lorde,Virgin
2025-07-29T00:19:44Z,July,7,29,00:19:44,If She Could See Me Now,Lorde,Virgin
2025-07-29T00:24:05Z,July,7,29,00:24:05,Shapeshifter,Lorde,Virgin
2025-07-29T00:26:12Z,July,7,29,00:26:12,Money is Everything,Addison Rae,Addison
2025-07-29T01:22:19Z,July,7,29,01:22:19,B2b featuring tinashe,Charli xcx,Brat and it’s completely different but also still brat
2025-07-29T01:25:47Z,July,7,29,01:25:47,Save Me,BTS,The Most Beautiful Moment in Life: Young Forever
2025-07-29T02:35:46Z,July,7,29,02:35:46,Underground,f5ve,SEQUENCE 01
2025-07-29T02:39:19Z,July,7,29,02:39:19,Work,P1Harmony,DUH!
2025-07-29T02:41:33Z,July,7,29,02:41:33,Magic Clock,f5ve,SEQUENCE 01
2025-07-29T02:45:03Z,July,7,29,02:45:03,What Was That,Lorde,Virgin
2025-07-29T02:47:51Z,July,7,29,02:47:51,Sunset Blvd,Selena Gomez,I Said I Love You First
2025-07-29T21:40:09Z,July,7,29,21:40:09,Skin,Madonna,Ray of Light
2025-07-29T21:44:47Z,July,7,29,21:44:47,Shapeshifter,Lorde,Virgin
2025-07-29T21:48:01Z,July,7,29,21:48:01,Broken Glass,Lorde,Virgin
2025-07-29T21:50:55Z,July,7,29,21:50:55,New York,Addison Rae,Addison
2025-07-29T21:53:45Z,July,7,29,21:53:45,Diet Pepsi,Addison Rae,Addison
2025-07-29T21:58:01Z,July,7,29,21:58:01,Headphones On,Addison Rae,Addison
2025-07-29T22:11:27Z,July,7,29,22:11:27,Times Like These,Addison Rae,Addison
2025-07-29T22:13:17Z,July,7,29,22:13:17,Life's No Fun Through Clear Waters,Addison Rae,Addison
2025-07-29T22:17:17Z,July,7,29,22:17:17,White cat,Yves,White cat
2025-07-29T22:20:37Z,July,7,29,22:20:37,gossip,Confidence Man,gossip
2025-07-29T22:31:00Z,July,7,29,22:31:00,"Mind Loaded (feat. Caroline Polachek, Lorde & Mustafa)",Blood Orange,"Mind Loaded (feat. Caroline Polachek, Lorde & Mustafa)"
2025-07-29T22:34:52Z,July,7,29,22:34:52,"Mind Loaded (feat. Caroline Polachek, Lorde & Mustafa)",Blood Orange,"Mind Loaded (feat. Caroline Polachek, Lorde & Mustafa)"
2025-07-29T22:40:22Z,July,7,29,22:40:22,Perfectly,FKA twigs,Perfectly
2025-07-29T22:42:51Z,July,7,29,22:42:51,"DAT AHH DAT OOH (SANA, JIHYO, DAHYUN, CHAEYOUNG, TZUYU)",TWICE,THIS IS FOR
2025-07-29T22:45:18Z,July,7,29,22:45:18,"BATTITUDE (NAYEON, JEONGYEON, MOMO, MINA)",TWICE,THIS IS FOR
2025-07-29T22:49:42Z,July,7,29,22:49:42,Yeah I Know,The 1975,Notes On A Conditional Form
2025-07-29T22:56:01Z,July,7,29,22:56:01,Fuck Me Eyes,Ethel Cain,Fuck Me Eyes
2025-07-29T22:59:00Z,July,7,29,22:59:00,JUMP,BLACKPINK,JUMP
2025-07-29T23:01:30Z,July,7,29,23:01:30,OOH,SOPHIE,OOH
2025-07-29T23:05:39Z,July,7,29,23:05:39,Reason Why (feat. Kim Petras and BC Kingdom),SOPHIE,Reason Why (feat. Kim Petras and BC Kingdom)
2025-07-29T23:22:39Z,July,7,29,23:22:39,Exhilarate (feat. Bibi Bourelly),SOPHIE,Exhilarate (feat. Bibi Bourelly)
2025-07-29T23:25:48Z,July,7,29,23:25:48,Hugs & Kisses,JISOO,AMORTAGE
2025-07-29T23:28:50Z,July,7,29,23:28:50,TEARS,JISOO,AMORTAGE
2025-07-29T23:31:37Z,July,7,29,23:31:37,Smart,LE SSERAFIM,Smart (Remixes)
2025-07-29T23:34:13Z,July,7,29,23:34:13,So Cynical (Badum),LE SSERAFIM,HOT
2025-07-29T23:37:17Z,July,7,29,23:37:17,Shooting Star,Kep1er,Kep1going On
2025-07-30T20:27:34Z,July,7,30,20:27:34,Supersonic,fromis_9,Supersonic
2025-07-30T20:28:54Z,July,7,30,20:28:54,White cat,Yves,White cat
2025-07-30T20:33:36Z,July,7,30,20:33:36,Perfectly,FKA twigs,Perfectly
2025-07-30T20:37:07Z,July,7,30,20:37:07,Perfect Stranger,FKA twigs,EUSEXUA
2025-07-30T20:41:52Z,July,7,30,20:41:52,Striptease,FKA twigs,EUSEXUA
2025-07-30T20:44:27Z,July,7,30,20:44:27,Childlike Things,FKA twigs,EUSEXUA
2025-07-30T21:50:52Z,July,7,30,21:50:52,Striptease,FKA twigs,EUSEXUA
2025-07-30T21:54:10Z,July,7,30,21:54:10,Perfect Stranger,FKA twigs,EUSEXUA
2025-07-30T21:56:54Z,July,7,30,21:56:54,Childlike Things,FKA twigs,EUSEXUA
2025-07-30T22:01:03Z,July,7,30,22:01:03,Perfectly,FKA twigs,Perfectly
2025-07-30T22:04:14Z,July,7,30,22:04:14,Drums of Death,FKA twigs,EUSEXUA
2025-07-30T22:19:15Z,July,7,30,22:19:15,Room Of Fools,FKA twigs,EUSEXUA
2025-07-30T22:23:42Z,July,7,30,22:23:42,Room Of Fools,FKA twigs,EUSEXUA
2025-07-30T22:28:15Z,July,7,30,22:28:15,"Keep It, Hold It",FKA twigs,EUSEXUA
2025-07-30T22:32:39Z,July,7,30,22:32:39,Eusexua,FKA twigs,EUSEXUA
2025-07-30T22:36:36Z,July,7,30,22:36:36,Girl Feels Good,FKA twigs,EUSEXUA
2025-07-30T22:41:18Z,July,7,30,22:41:18,24hr Dog,FKA twigs,EUSEXUA
2025-07-30T22:45:16Z,July,7,30,22:45:16,Girl Feels Good,FKA twigs,EUSEXUA
2025-07-31T00:32:06Z,July,7,31,00:32:06,Skin,Madonna,Ray of Light
2025-07-31T00:36:16Z,July,7,31,00:36:16,Girl Feels Good,FKA twigs,EUSEXUA
2025-07-31T00:39:33Z,July,7,31,00:39:33,Perfect Stranger,FKA twigs,EUSEXUA
2025-07-31T00:42:45Z,July,7,31,00:42:45,Drums of Death,FKA twigs,EUSEXUA
2025-07-31T00:45:16Z,July,7,31,00:45:16,Childlike Things,FKA twigs,EUSEXUA
2025-07-31T00:49:37Z,July,7,31,00:49:37,Perfectly,FKA twigs,Perfectly
2025-07-31T00:52:06Z,July,7,31,00:52:06,"DAT AHH DAT OOH (SANA, JIHYO, DAHYUN, CHAEYOUNG, TZUYU)",TWICE,THIS IS FOR
2025-07-31T00:56:11Z,July,7,31,00:56:11,Girl Feels Good,FKA twigs,EUSEXUA
2025-07-31T00:59:33Z,July,7,31,00:59:33,White cat,Yves,White cat
2025-07-31T01:02:05Z,July,7,31,01:02:05,OOH,SOPHIE,OOH
2025-07-31T01:05:19Z,July,7,31,01:05:19,Hammer,Lorde,Virgin
2025-07-31T01:09:44Z,July,7,31,01:09:44,Eusexua,FKA twigs,EUSEXUA
2025-07-31T01:10:37Z,July,7,31,01:10:37,"Keep It, Hold It",FKA twigs,EUSEXUA
2025-07-31T01:13:13Z,July,7,31,01:13:13,New York,Addison Rae,Addison
2025-07-31T01:16:03Z,July,7,31,01:16:03,Little Molly,Tommy Cash,Little Molly
2025-07-31T01:19:28Z,July,7,31,01:19:28,Me4U,Danny L Harle,Me4U
2025-07-31T01:23:52Z,July,7,31,01:23:52,Out of My Head (feat. Tove Lo and ALMA),Charli xcx,Pop 2
2025-07-31T01:28:37Z,July,7,31,01:28:37,"I Got It (feat. Brooke Candy, CupcakKe and Pabllo Vittar)",Charli xcx,Pop 2
2025-07-31T01:32:43Z,July,7,31,01:32:43,Backseat (feat. Carly Rae Jepsen),Charli xcx,Pop 2
2025-07-31T01:37:37Z,July,7,31,01:37:37,Delicious (feat. Tommy Cash),Charli xcx,Pop 2
2025-07-31T01:41:55Z,July,7,31,01:41:55,Shapeshifter,Lorde,Virgin
2025-07-31T01:46:01Z,July,7,31,01:46:01,Out of My Head (feat. Tove Lo and ALMA),Charli xcx,Pop 2
2025-07-31T01:48:35Z,July,7,31,01:48:35,Club classics,Charli xcx,BRAT
2025-07-31T01:51:51Z,July,7,31,01:51:51,Fame is a Gun,Addison Rae,Addison
2025-07-31T01:55:43Z,July,7,31,01:55:43,Times Like These,Addison Rae,Addison
2025-07-31T02:01:40Z,July,7,31,02:01:40,In The Rain,Addison Rae,Addison
2025-07-31T02:04:01Z,July,7,31,02:04:01,In The Rain,Addison Rae,Addison
2025-07-31T02:46:24Z,July,7,31,02:46:24,YES,HYO,YES
2025-07-31T03:51:06Z,July,7,31,03:51:06,Zimzalabim,Red Velvet,‘The ReVe Festival’ Finale
2025-07-31T03:53:42Z,July,7,31,03:53:42,So Cynical (Badum),LE SSERAFIM,HOT
2025-07-31T03:57:00Z,July,7,31,03:57:00,Ash,LE SSERAFIM,HOT
2025-07-31T04:00:19Z,July,7,31,04:00:19,Brave,TWICE,BETWEEN 1&2
2025-07-31T04:03:43Z,July,7,31,04:03:43,CRY FOR ME,TWICE,CRY FOR ME
2025-07-31T04:06:43Z,July,7,31,04:06:43,Cool With You,NewJeans,NewJeans 2nd EP 'Get Up'
2025-07-31T04:09:03Z,July,7,31,04:09:03,Yeah Yeah Yeah,BLACKPINK,BORN PINK
2025-07-31T04:10:14Z,July,7,31,04:10:14,Yeah Yeah Yeah,BLACKPINK,BORN PINK
2025-07-31T04:13:24Z,July,7,31,04:13:24,Hugs & Kisses,JISOO,AMORTAGE
2025-07-31T04:18:01Z,July,7,31,04:18:01,Air,YEJI,AIR
2025-07-31T04:20:17Z,July,7,31,04:20:17,like JENNIE,JENNIE,Ruby
2025-07-31T04:22:37Z,July,7,31,04:22:37,Rapunzel (Kiki Solo Version),LISA,Alter Ego
2025-07-31T04:24:54Z,July,7,31,04:24:54,Mantra,JENNIE,Ruby
2025-07-31T04:28:16Z,July,7,31,04:28:16,ZEN,JENNIE,Ruby
2025-07-31T04:31:38Z,July,7,31,04:31:38,White cat,Yves,White cat
2025-07-31T04:34:55Z,July,7,31,04:34:55,CRAZY,LE SSERAFIM,CRAZY
2025-07-31T04:38:00Z,July,7,31,04:38:00,ANTIFRAGILE,LE SSERAFIM,UNFORGIVEN
2025-07-31T20:23:30Z,July,7,31,20:23:30,CRAZY,LE SSERAFIM,CRAZY
2025-07-31T20:26:34Z,July,7,31,20:26:34,Pierrot,LE SSERAFIM,CRAZY
2025-07-31T20:29:27Z,July,7,31,20:29:27,1-800-hot-n-fun,LE SSERAFIM,CRAZY
2025-07-31T20:30:04Z,July,7,31,20:30:04,Get Up,NewJeans,NewJeans 2nd EP 'Get Up'
2025-07-31T20:34:10Z,July,7,31,20:34:10,Cookie,NewJeans,NewJeans 1st EP 'New Jeans'
2025-07-31T20:37:09Z,July,7,31,20:37:09,Yeah Yeah Yeah,BLACKPINK,BORN PINK
2025-07-31T20:40:21Z,July,7,31,20:40:21,Zimzalabim,Red Velvet,‘The ReVe Festival’ Finale
2025-07-31T21:03:07Z,July,7,31,21:03:07,Change Your Ticket,One Direction,FOUR
2025-07-31T21:07:38Z,July,7,31,21:07:38,Thinking Of You,Katy Perry,One Of The Boys
2025-07-31T21:11:09Z,July,7,31,21:11:09,Amber,311,Greatest Hits '93 - '03
2025-08-01T18:04:54Z,August,8,1,18:04:54,Duele El Amor,Aleks Syntek,Mundo Lite
2025-08-01T18:59:27Z,August,8,1,18:59:27,9 (After Coachella) (feat. MØ & SOPHIE),Cashmere Cat,9
2025-08-01T19:03:53Z,August,8,1,19:03:53,Quit (feat. Ariana Grande),Cashmere Cat,9
2025-08-01T19:07:45Z,August,8,1,19:07:45,Trust Nobody (feat. Selena Gomez & Tory Lanez),Cashmere Cat,9
2025-08-01T19:10:45Z,August,8,1,19:10:45,Love Incredible (feat. Camila Cabello),Cashmere Cat,9
2025-08-01T19:15:20Z,August,8,1,19:15:20,9 (After Coachella) (feat. MØ & SOPHIE),Cashmere Cat,9
2025-08-01T19:19:28Z,August,8,1,19:19:28,Girl Feels Good,FKA twigs,EUSEXUA
2025-08-01T19:26:13Z,August,8,1,19:26:13,Striptease,FKA twigs,EUSEXUA
2025-08-01T19:30:59Z,August,8,1,19:30:59,choke enough,Oklou,choke enough
2025-08-01T19:34:28Z,August,8,1,19:34:28,ict,Oklou,choke enough
2025-08-01T20:11:13Z,August,8,1,20:11:13,Trust Nobody (feat. Selena Gomez & Tory Lanez),Cashmere Cat,9
2025-08-01T20:15:00Z,August,8,1,20:15:00,9 (After Coachella) (feat. MØ & SOPHIE),Cashmere Cat,9
2025-08-01T20:18:56Z,August,8,1,20:18:56,Girl Feels Good,FKA twigs,EUSEXUA
2025-08-01T21:42:13Z,August,8,1,21:42:13,White cat,Yves,White cat
2025-08-01T21:45:31Z,August,8,1,21:45:31,Sugar (feat. Shygirl),SG Lewis,Sugar (feat. Shygirl)
2025-08-01T21:48:23Z,August,8,1,21:48:23,DELIRIO DE GRANDEZA,ROSALÍA,MOTOMAMI
2025-08-01T21:51:09Z,August,8,1,21:51:09,DIABLO,ROSALÍA,MOTOMAMI
2025-08-01T21:52:11Z,August,8,1,21:52:11,MOTOMAMI,ROSALÍA,MOTOMAMI
2025-08-01T21:55:03Z,August,8,1,21:55:03,HENTAI,ROSALÍA,MOTOMAMI
2025-08-01T21:57:20Z,August,8,1,21:57:20,Mantra,JENNIE,Ruby
2025-08-01T21:59:24Z,August,8,1,21:59:24,like JENNIE,JENNIE,Ruby
2025-08-01T22:44:58Z,August,8,1,22:44:58,ZEN,JENNIE,Ruby
2025-08-02T00:10:53Z,August,8,2,00:10:53,Born Fire,LE SSERAFIM,HOT
2025-08-02T00:13:17Z,August,8,2,00:13:17,HOT,LE SSERAFIM,HOT
2025-08-02T00:15:34Z,August,8,2,00:15:34,Come Over,LE SSERAFIM,HOT
2025-08-02T00:18:52Z,August,8,2,00:18:52,Ash,LE SSERAFIM,HOT
2025-08-02T00:28:13Z,August,8,2,00:28:13,So Cynical (Badum),LE SSERAFIM,HOT
2025-08-02T04:09:20Z,August,8,2,04:09:20,Ash,LE SSERAFIM,HOT
2025-08-02T04:13:52Z,August,8,2,04:13:52,9 (After Coachella) (feat. MØ & SOPHIE),Cashmere Cat,9
2025-08-02T04:17:03Z,August,8,2,04:17:03,Zimzalabim,Red Velvet,‘The ReVe Festival’ Finale
2025-08-02T05:16:09Z,August,8,2,05:16:09,Nights With You,MØ,Nights With You
2025-08-02T05:18:41Z,August,8,2,05:18:41,OOH,SOPHIE,OOH
2025-08-02T05:21:52Z,August,8,2,05:21:52,360 featuring robyn & yung lean,Charli xcx,Brat and it’s completely different but also still brat
2025-08-02T05:25:24Z,August,8,2,05:25:24,"Girl, so confusing featuring lorde",Charli xcx,Brat and it’s completely different but also still brat
2025-08-02T05:29:16Z,August,8,2,05:29:16,"I Got It (feat. Brooke Candy, CupcakKe and Pabllo Vittar)",Charli xcx,Pop 2
2025-08-02T05:33:14Z,August,8,2,05:33:14,Backseat (feat. Carly Rae Jepsen),Charli xcx,Pop 2
2025-08-02T20:43:11Z,August,8,2,20:43:11,Apple featuring the japanese house,Charli xcx,Brat and it’s completely different but also still brat
2025-08-02T20:48:23Z,August,8,2,20:48:23,Nights With You,MØ,Nights With You
2025-08-02T20:59:33Z,August,8,2,20:59:33,Seasalt & Teardrops,horsegiirL,Seasalt & Teardrops
2025-08-02T21:01:56Z,August,8,2,21:01:56,superstars,Saweetie,superstars
2025-08-02T23:42:23Z,August,8,2,23:42:23,Nights With You,MØ,Nights With You
2025-08-02T23:45:31Z,August,8,2,23:45:31,CRAZY,LE SSERAFIM,CRAZY
2025-08-02T23:49:10Z,August,8,2,23:49:10,True Religion,Shygirl,True Religion
2025-08-02T23:51:46Z,August,8,2,23:51:46,EXTRA,JEON SOMI,EXTRA
2025-08-02T23:54:17Z,August,8,2,23:54:17,EXTRA,JEON SOMI,EXTRA
2025-08-02T23:58:32Z,August,8,2,23:58:32,BHM - DJ DOMKE contact mix,Kivazdi,ÁNGEL 95: Japan Edition
2025-08-03T00:02:13Z,August,8,3,00:02:13,Take over Control (feat. Eva Simons),AFROJACK,Take over Control (feat. Eva Simons)
2025-08-03T00:04:24Z,August,8,3,00:04:24,Block,Brooke Candy,Block
2025-08-03T00:07:53Z,August,8,3,00:07:53,ict,Oklou,choke enough
2025-08-03T00:10:25Z,August,8,3,00:10:25,OOH,SOPHIE,OOH
2025-08-03T00:20:56Z,August,8,3,00:20:56,Hammer,Lorde,Virgin
2025-08-03T00:24:26Z,August,8,3,00:24:26,What Was That,Lorde,Virgin
2025-08-03T00:28:43Z,August,8,3,00:28:43,Shapeshifter,Lorde,Virgin
2025-08-03T00:32:03Z,August,8,3,00:32:03,Broken Glass,Lorde,Virgin
2025-08-03T00:34:27Z,August,8,3,00:34:27,If She Could See Me Now,Lorde,Virgin
2025-08-03T00:37:48Z,August,8,3,00:37:48,Current Affairs,Lorde,Virgin
2025-08-03T00:41:45Z,August,8,3,00:41:45,Girl Feels Good,FKA twigs,EUSEXUA
2025-08-03T00:45:36Z,August,8,3,00:45:36,Perfectly,FKA twigs,Perfectly
2025-08-03T00:48:52Z,August,8,3,00:48:52,Seasalt & Teardrops,horsegiirL,Seasalt & Teardrops
2025-08-03T00:51:16Z,August,8,3,00:51:16,superstars,Saweetie,superstars
2025-08-03T00:57:43Z,August,8,3,00:57:43,Seasalt & Teardrops,horsegiirL,Seasalt & Teardrops
2025-08-03T01:03:23Z,August,8,3,01:03:23,Trust Nobody (feat. Selena Gomez & Tory Lanez),Cashmere Cat,9
2025-08-03T01:06:50Z,August,8,3,01:06:50,White cat,Yves,White cat
2025-08-03T01:11:02Z,August,8,3,01:11:02,gossip,Confidence Man,gossip
2025-08-03T01:13:48Z,August,8,3,01:13:48,Kiss & Tell,ITZY,Girls Will Be Girls
2025-08-03T01:16:51Z,August,8,3,01:16:51,Fame is a Gun,Addison Rae,Fame is a Gun
2025-08-03T01:19:09Z,August,8,3,01:19:09,Gnarly,KATSEYE,Gnarly
2025-08-03T01:22:29Z,August,8,3,01:22:29,New York,Addison Rae,Addison
2025-08-03T01:24:42Z,August,8,3,01:24:42,Talk,Selena Gomez,I Said I Love You First... And You Said It Back
2025-08-03T01:28:04Z,August,8,3,01:28:04,Money is Everything,Addison Rae,Addison
2025-08-03T01:31:57Z,August,8,3,01:31:57,Reason Why (feat. Kim Petras and BC Kingdom),SOPHIE,Reason Why (feat. Kim Petras and BC Kingdom)
2025-08-03T02:57:35Z,August,8,3,02:57:35,22 (Taylor's Version),Taylor Swift,Red (Taylor's Version)
2025-08-03T03:01:55Z,August,8,3,03:01:55,Seasalt & Teardrops,horsegiirL,Seasalt & Teardrops
2025-08-03T03:05:11Z,August,8,3,03:05:11,Fame is a Gun,Addison Rae,Addison
2025-08-03T03:07:25Z,August,8,3,03:07:25,like JENNIE,JENNIE,Ruby
2025-08-03T03:10:16Z,August,8,3,03:10:16,JUMP,BLACKPINK,JUMP
2025-08-03T03:13:30Z,August,8,3,03:13:30,Hammer,Lorde,Virgin
2025-08-03T03:16:59Z,August,8,3,03:16:59,What Was That,Lorde,Virgin
2025-08-03T03:19:56Z,August,8,3,03:19:56,If She Could See Me Now,Lorde,Virgin
2025-08-03T03:23:15Z,August,8,3,03:23:15,Current Affairs,Lorde,Virgin
2025-08-03T03:25:55Z,August,8,3,03:25:55,Club classics featuring bb trickz,Charli xcx,Brat and it’s completely different but also still brat
2025-08-03T03:28:28Z,August,8,3,03:28:28,Sympathy is a knife featuring ariana grande,Charli xcx,Brat and it’s completely different but also still brat
2025-08-03T03:31:10Z,August,8,3,03:31:10,B2b featuring tinashe,Charli xcx,Brat and it’s completely different but also still brat
2025-08-03T04:30:58Z,August,8,3,04:30:58,I'm Not Alone - 2009 Remaster,Calvin Harris,I'm Not Alone 2019
2025-08-03T04:35:54Z,August,8,3,04:35:54,Sympathy is a knife featuring ariana grande,Charli xcx,Brat and it’s completely different but also still brat
2025-08-03T04:36:25Z,August,8,3,04:36:25,I might say something stupid featuring the 1975 & jon hopkins,Charli xcx,Brat and it’s completely different but also still brat
2025-08-03T04:39:02Z,August,8,3,04:39:02,Von dutch a. g. cook remix featuring addison rae,Charli xcx,Brat and it’s completely different but also still brat
2025-08-03T04:40:43Z,August,8,3,04:40:43,B2b featuring tinashe,Charli xcx,Brat and it’s completely different but also still brat
2025-08-03T04:43:00Z,August,8,3,04:43:00,Gnarly,KATSEYE,Gnarly
2025-08-03T04:46:36Z,August,8,3,04:46:36,Trust Nobody (feat. Selena Gomez & Tory Lanez),Cashmere Cat,9
2025-08-03T04:51:25Z,August,8,3,04:51:25,9 (After Coachella) (feat. MØ & SOPHIE),Cashmere Cat,9
2025-08-03T04:54:28Z,August,8,3,04:54:28,Sector 1,ATEEZ,THE WORLD EP.1 : MOVEMENT
2025-08-03T05:00:31Z,August,8,3,05:00:31,Quit (feat. Ariana Grande),Cashmere Cat,9
2025-08-03T05:04:27Z,August,8,3,05:04:27,Cookie,NewJeans,NewJeans 1st EP 'New Jeans'
2025-08-03T05:09:27Z,August,8,3,05:09:27,Knew Better / Forever Boy,Ariana Grande,Dangerous Woman
2025-08-03T05:11:55Z,August,8,3,05:11:55,Cool With You,NewJeans,NewJeans 2nd EP 'Get Up'
2025-08-03T05:19:08Z,August,8,3,05:19:08,End Of Summer,Tame Impala,End Of Summer
2025-08-03T05:22:41Z,August,8,3,05:22:41,BHM - DJ DOMKE contact mix,Kivazdi,ÁNGEL 95: Japan Edition
2025-08-03T05:26:55Z,August,8,3,05:26:55,Yeah I Know,The 1975,Notes On A Conditional Form
2025-08-03T05:30:13Z,August,8,3,05:30:13,LEMONHEAD (feat. JDM Global),Kim Tee,LEMONHEAD (feat. JDM Global)
2025-08-03T05:33:18Z,August,8,3,05:33:18,Seasalt & Teardrops,horsegiirL,Seasalt & Teardrops
2025-08-03T05:36:41Z,August,8,3,05:36:41,White cat,Yves,White cat
2025-08-03T05:40:01Z,August,8,3,05:40:01,gossip,Confidence Man,gossip
2025-08-03T05:43:52Z,August,8,3,05:43:52,Perfectly,FKA twigs,Perfectly
2025-08-03T05:46:51Z,August,8,3,05:46:51,YES,HYO,YES
2025-08-03T05:49:20Z,August,8,3,05:49:20,"DAT AHH DAT OOH (SANA, JIHYO, DAHYUN, CHAEYOUNG, TZUYU)",TWICE,THIS IS FOR
2025-08-03T05:51:47Z,August,8,3,05:51:47,"BATTITUDE (NAYEON, JEONGYEON, MOMO, MINA)",TWICE,THIS IS FOR
2025-08-03T05:54:56Z,August,8,3,05:54:56,Sugar (feat. Shygirl),SG Lewis,Sugar (feat. Shygirl)
2025-08-03T05:58:12Z,August,8,3,05:58:12,Zimzalabim,Red Velvet,‘The ReVe Festival’ Finale
2025-08-03T06:00:57Z,August,8,3,06:00:57,JUMP,BLACKPINK,JUMP
2025-08-03T06:04:18Z,August,8,3,06:04:18,Who's That Chick? (feat. Rihanna),David Guetta,One More Love
2025-08-03T06:06:41Z,August,8,3,06:06:41,Underground,f5ve,SEQUENCE 01
2025-08-03T06:08:59Z,August,8,3,06:08:59,Gnarly,KATSEYE,Gnarly
2025-08-03T06:13:05Z,August,8,3,06:13:05,When I Grow Up,The Pussycat Dolls,Doll Domination
2025-08-03T06:16:54Z,August,8,3,06:16:54,Get Back,Britney Spears,Blackout
2025-08-03T06:20:08Z,August,8,3,06:20:08,CRAZY,LE SSERAFIM,CRAZY
2025-08-03T09:06:21Z,August,8,3,09:06:21,Club classics,Charli xcx,BRAT
2025-08-03T09:11:28Z,August,8,3,09:11:28,Club classics,Charli xcx,BRAT
2025-08-03T09:14:23Z,August,8,3,09:14:23,True Religion,Shygirl,True Religion
2025-08-03T09:20:41Z,August,8,3,09:20:41,Pursuit Of Happiness - Extended Steve Aoki Remix,Kid Cudi,Pursuit Of Happiness
2025-08-03T09:23:24Z,August,8,3,09:23:24,OOH,SOPHIE,OOH
2025-08-03T09:25:44Z,August,8,3,09:25:44,Rapunzel (Kiki Solo Version),LISA,Alter Ego
2025-08-03T09:28:56Z,August,8,3,09:28:56,Running Free (George Daniel remix),Oscar Farrell,Running Free (George Daniel remix)
2025-08-03T09:32:06Z,August,8,3,09:32:06,Wind It Up,Gwen Stefani,The Sweet Escape
2025-08-03T09:36:09Z,August,8,3,09:36:09,SexyBack (feat. Timbaland),Justin Timberlake,FutureSex/LoveSounds
2025-08-03T09:38:20Z,August,8,3,09:38:20,take it offff,horsegiirL,v.i.p. - very important pony
2025-08-03T09:42:47Z,August,8,3,09:42:47,My Barn My Rules,MCR-T,My Barn My Rules
2025-08-03T09:45:28Z,August,8,3,09:45:28,So Cynical (Badum),LE SSERAFIM,HOT
2025-08-03T09:47:53Z,August,8,3,09:47:53,superstars,Saweetie,superstars
2025-08-03T09:49:57Z,August,8,3,09:49:57,like JENNIE,JENNIE,Ruby
2025-08-03T09:52:30Z,August,8,3,09:52:30,New York,Addison Rae,Addison
2025-08-03T09:55:30Z,August,8,3,09:55:30,Bluest Flame,Selena Gomez,I Said I Love You First
2025-08-03T09:58:44Z,August,8,3,09:58:44,B.E.A.T.,Selena Gomez,Stars Dance
2025-08-03T10:02:46Z,August,8,3,10:02:46,Out of My Head (feat. Tove Lo and ALMA),Charli xcx,Pop 2
2025-08-03T10:06:22Z,August,8,3,10:06:22,Trust Nobody (feat. Selena Gomez & Tory Lanez),Cashmere Cat,9
2025-08-03T10:08:58Z,August,8,3,10:08:58,IS THIS LOVE,XG,AWE
2025-08-03T10:11:46Z,August,8,3,10:11:46,No Doubt,ENHYPEN,ROMANCE : UNTOLD -daydream-
2025-08-03T10:14:26Z,August,8,3,10:14:26,Chill,LISA,Alter Ego
2025-08-03T10:16:55Z,August,8,3,10:16:55,Don't Lie,The Chainsmokers,Don't Lie
2025-08-03T10:20:10Z,August,8,3,10:20:10,Air,YEJI,AIR
2025-08-03T10:22:43Z,August,8,3,10:22:43,Apple,Charli xcx,BRAT
2025-08-03T10:25:53Z,August,8,3,10:25:53,Constant Repeat,Charli xcx,CRASH
2025-08-03T10:28:24Z,August,8,3,10:28:24,EXTRA,JEON SOMI,EXTRA
2025-08-03T10:31:04Z,August,8,3,10:31:04,Baby,Charli xcx,CRASH
2025-08-03T10:33:53Z,August,8,3,10:33:53,Busy Girl,Tove Lo,HEAT
2025-08-03T10:37:59Z,August,8,3,10:37:59,Till the World Ends,Britney Spears,Femme Fatale (Deluxe Version)
2025-08-03T10:42:21Z,August,8,3,10:42:21,Warm (feat. HAIM),Charli xcx,Charli
2025-08-03T10:45:11Z,August,8,3,10:45:11,so american,Olivia Rodrigo,GUTS (spilled)
2025-08-03T10:49:07Z,August,8,3,10:49:07,Green Light,Lorde,Melodrama
2025-08-03T21:57:17Z,August,8,3,21:57:17,As If It's Your Last,BLACKPINK,As If It's Your Last
2025-08-03T22:00:19Z,August,8,3,22:00:19,Seasalt & Teardrops,horsegiirL,Seasalt & Teardrops
2025-08-03T22:14:06Z,August,8,3,22:14:06,crush,2hollis,boy
2025-08-03T22:18:12Z,August,8,3,22:18:12,Femmebot (feat. Dorian Electra and Mykki Blanco),Charli xcx,Pop 2
2025-08-03T22:46:14Z,August,8,3,22:46:14,Rapunzel (Kiki Solo Version),LISA,Alter Ego
2025-08-03T22:49:54Z,August,8,3,22:49:54,Save Me,BTS,The Most Beautiful Moment in Life: Young Forever
2025-08-03T22:51:15Z,August,8,3,22:51:15,B Rocka Intro,Brandy,Full Moon
2025-08-03T23:03:54Z,August,8,3,23:03:54,Love Incredible (feat. Camila Cabello),Cashmere Cat,9
2025-08-03T23:07:39Z,August,8,3,23:07:39,avatar,xo,avatar / anima
2025-08-03T23:10:15Z,August,8,3,23:10:15,anima,xo,avatar / anima
2025-08-04T21:11:06Z,August,8,4,21:11:06,avatar,xo,avatar / anima
2025-08-04T21:13:42Z,August,8,4,21:13:42,anima,xo,avatar / anima
2025-08-04T21:18:13Z,August,8,4,21:18:13,avatar,xo,avatar / anima
2025-08-04T21:20:49Z,August,8,4,21:20:49,anima,xo,avatar / anima
2025-08-04T21:32:29Z,August,8,4,21:32:29,Paper Gangsta,Lady Gaga,The Fame
2025-08-04T21:35:07Z,August,8,4,21:35:07,Paper Gangsta,Lady Gaga,The Fame
2025-08-04T21:36:59Z,August,8,4,21:36:59,Perfectly Not Close To Me (ft. Yves Tumor),WILLOW,<COPINGMECHANISM>
2025-08-04T21:42:06Z,August,8,4,21:42:06,Kids,MGMT,Oracular Spectacular
2025-08-04T21:44:45Z,August,8,4,21:44:45,Talk,beabadoobee,Beatopia
2025-08-04T21:48:45Z,August,8,4,21:48:45,When The Sun Goes Down,Selena Gomez & The Scene,When The Sun Goes Down
2025-08-04T21:56:11Z,August,8,4,21:56:11,3,Britney Spears,The Singles Collection
2025-08-04T21:58:48Z,August,8,4,21:58:48,hover like a GODDESS,WILLOW,hover like a GODDESS
2025-08-04T22:02:16Z,August,8,4,22:02:16,Thinkin Bout You,Frank Ocean,channel ORANGE
2025-08-04T22:05:38Z,August,8,4,22:05:38,If Jesus Was A Rockstar,Kim Petras,If Jesus Was A Rockstar
2025-08-04T22:07:48Z,August,8,4,22:07:48,Pretender,Carlie Hanson,Wisconsin
2025-08-04T22:10:43Z,August,8,4,22:10:43,Nothing On (But The Radio),Addison Rae,AR
2025-08-04T22:15:57Z,August,8,4,22:15:57,Novacane,Frank Ocean,Novacane
2025-08-04T22:18:46Z,August,8,4,22:18:46,Dang,Caroline Polachek,"Desire, I Want To Turn Into You: Everasking Edition"
2025-08-05T00:13:45Z,August,8,5,00:13:45,Knew Better / Forever Boy,Ariana Grande,Dangerous Woman
2025-08-05T00:18:07Z,August,8,5,00:18:07,Pogo,Digitalism,Idealism
2025-08-05T00:22:06Z,August,8,5,00:22:06,Piece of Me,Britney Spears,Blackout
2025-08-05T00:32:49Z,August,8,5,00:32:49,Seasalt & Teardrops,horsegiirL,Seasalt & Teardrops
2025-08-05T00:36:25Z,August,8,5,00:36:25,Air,YEJI,AIR
2025-08-05T00:41:24Z,August,8,5,00:41:24,I like u (Extended),Tove Lo,I like u (Remixes)
2025-08-05T00:44:39Z,August,8,5,00:44:39,avatar,xo,avatar / anima
2025-08-05T00:48:45Z,August,8,5,00:48:45,Girl Feels Good,FKA twigs,EUSEXUA
2025-08-05T00:52:22Z,August,8,5,00:52:22,Save Me,BTS,The Most Beautiful Moment in Life: Young Forever
2025-08-05T00:55:23Z,August,8,5,00:55:23,BULERÍAS,ROSALÍA,MOTOMAMI
2025-08-05T00:57:41Z,August,8,5,00:57:41,SAOKO,ROSALÍA,MOTOMAMI
2025-08-05T00:58:43Z,August,8,5,00:58:43,MOTOMAMI,ROSALÍA,MOTOMAMI
2025-08-05T01:01:34Z,August,8,5,01:01:34,True Religion,Shygirl,True Religion
2025-08-05T01:04:08Z,August,8,5,01:04:08,Club classics,Charli xcx,BRAT
2025-08-05T01:06:39Z,August,8,5,01:06:39,Sympathy is a knife,Charli xcx,BRAT
2025-08-05T01:14:29Z,August,8,5,01:14:29,Reason Why (feat. Kim Petras and BC Kingdom),SOPHIE,Reason Why (feat. Kim Petras and BC Kingdom)
2025-08-05T01:16:34Z,August,8,5,01:16:34,you'll come back,jigitz,don't come back
2025-08-05T01:20:39Z,August,8,5,01:20:39,Come Over (Hyperpop Remix),LE SSERAFIM,Come Over (Remixes)
2025-08-05T01:23:34Z,August,8,5,01:23:34,Doe Eyed,Rebecca Black,Let Her Burn
2025-08-05T01:28:36Z,August,8,5,01:28:36,Bitch I'm Madonna,Madonna,Rebel Heart
2025-08-05T01:32:15Z,August,8,5,01:32:15,Living For Love,Madonna,Rebel Heart
2025-08-05T01:38:29Z,August,8,5,01:38:29,Yummy,Gwen Stefani,The Sweet Escape
2025-08-05T01:42:19Z,August,8,5,01:42:19,Radar,Britney Spears,Blackout
2025-08-05T01:45:30Z,August,8,5,01:45:30,Sugar Water Cyanide,Rebecca Black,Sugar Water Cyanide
2025-08-05T01:48:06Z,August,8,5,01:48:06,in my bag,Meg Donnelly,in my bag
2025-08-05T01:54:20Z,August,8,5,01:54:20,SHYPOP (REDUX),ISOxo,KGM(irl)*
2025-08-05T01:57:16Z,August,8,5,01:57:16,Viola,Yves,I Did
2025-08-05T02:00:19Z,August,8,5,02:00:19,u,xo,whitenoise
2025-08-05T02:02:48Z,August,8,5,02:02:48,crush,2hollis,crush
2025-08-05T02:06:24Z,August,8,5,02:06:24,flash,xo,whitenoise
2025-08-05T02:10:13Z,August,8,5,02:10:13,apollo,xo,whitenoise
2025-08-05T02:28:55Z,August,8,5,02:28:55,air,xo,whitenoise
2025-08-05T02:33:21Z,August,8,5,02:33:21,c2.0,Charli xcx,how i'm feeling now
2025-08-05T02:36:30Z,August,8,5,02:36:30,i-70,Jeremy Zucker,CRUSHER
2025-08-05T02:38:40Z,August,8,5,02:38:40,360 featuring robyn & yung lean,Charli xcx,Brat and it’s completely different but also still brat
2025-08-05T02:39:33Z,August,8,5,02:39:33,1999 - EASYFUN Remix,Charli xcx,1999
2025-08-05T02:43:17Z,August,8,5,02:43:17,gettin' hott,Knock2,ROOM202 EP
2025-08-05T05:29:09Z,August,8,5,05:29:09,I Know Alone,HAIM,Women In Music Pt. III
2025-08-05T21:20:21Z,August,8,5,21:20:21,Shapeshifter,Lorde,Virgin
2025-08-05T21:22:19Z,August,8,5,21:22:19,Clearblue,Lorde,Virgin
2025-08-05T21:25:54Z,August,8,5,21:25:54,Current Affairs,Lorde,Virgin
2025-08-05T21:40:40Z,August,8,5,21:40:40,What Was That,Lorde,Virgin
2025-08-05T21:57:13Z,August,8,5,21:57:13,Shapeshifter,Lorde,Virgin
2025-08-05T22:00:26Z,August,8,5,22:00:26,Hammer,Lorde,Virgin
2025-08-05T22:05:49Z,August,8,5,22:05:49,So I featuring a. g. cook,Charli xcx,Brat and it’s completely different but also still brat
2025-08-05T22:09:48Z,August,8,5,22:09:48,Backseat (feat. Carly Rae Jepsen),Charli xcx,Pop 2
2025-08-05T22:12:55Z,August,8,5,22:12:55,Busy Woman,Sabrina Carpenter,Short n' Sweet
2025-08-05T22:23:06Z,August,8,5,22:23:06,Whip My Hair,WILLOW,Whip My Hair
2025-08-05T22:26:05Z,August,8,5,22:26:05,Roll the Dice,Toro Oro,Roll the Dice
2025-08-05T22:29:25Z,August,8,5,22:29:25,Aquamarine / Arcamarine,Addison Rae,Aquamarine / Arcamarine
2025-08-05T22:33:04Z,August,8,5,22:33:04,Porsche (feat. MØ),Charli xcx,Pop 2
2025-08-05T22:59:48Z,August,8,5,22:59:48,3AM (Pull Up) [feat. MØ],Charli xcx,Number 1 Angel
2025-08-05T23:02:40Z,August,8,5,23:02:40,IS THIS LOVE,XG,AWE
2025-08-05T23:06:07Z,August,8,5,23:06:07,Boys Boys Boys,Lady Gaga,The Fame
2025-08-05T23:09:00Z,August,8,5,23:09:00,Rush (feat. PinkPantheress & Hyunjin of Stray Kids),Troye Sivan,Rush (feat. PinkPantheress & Hyunjin of Stray Kids)
2025-08-05T23:11:20Z,August,8,5,23:11:20,Throat Goat,Kim Petras,Slut Pop
2025-08-06T00:02:34Z,August,8,6,00:02:34,JUMP,BLACKPINK,JUMP
2025-08-06T00:05:15Z,August,8,6,00:05:15,Super Shy,NewJeans,NewJeans 2nd EP 'Get Up'
2025-08-06T00:08:48Z,August,8,6,00:08:48,"Girl, so confusing featuring lorde",Charli xcx,Brat and it’s completely different but also still brat
2025-08-06T00:14:42Z,August,8,6,00:14:42,When I Grow Up,The Pussycat Dolls,Doll Domination
2025-08-06T00:18:54Z,August,8,6,00:18:54,Danger,BTS,Dark & Wild
2025-08-06T00:21:54Z,August,8,6,00:21:54,I LUV IT (feat. Playboi Carti),Camila Cabello,"C,XOXO"
2025-08-06T00:26:02Z,August,8,6,00:26:02,UNFORGIVEN (feat. Nile Rodgers),LE SSERAFIM,UNFORGIVEN
2025-08-06T00:26:36Z,August,8,6,00:26:36,Midnight Rain,Taylor Swift,Midnights
2025-08-06T00:30:34Z,August,8,6,00:30:34,Sun Sex Party,Babymorocco,The Sound
2025-08-06T00:33:55Z,August,8,6,00:33:55,Sugar Water Cyanide,Rebecca Black,Sugar Water Cyanide
2025-08-06T00:38:33Z,August,8,6,00:38:33,BIRDS OF A FEATHER,Billie Eilish,HIT ME HARD AND SOFT
2025-08-06T00:41:43Z,August,8,6,00:41:43,Come Over,LE SSERAFIM,HOT
2025-08-06T00:45:52Z,August,8,6,00:45:52,Everything is romantic featuring caroline polachek,Charli xcx,Brat and it’s completely different but also still brat
2025-08-06T22:13:40Z,August,8,6,22:13:40,So Cynical (Badum),LE SSERAFIM,HOT
2025-08-06T22:23:44Z,August,8,6,22:23:44,New Jeans,NewJeans,NewJeans 2nd EP 'Get Up'
2025-08-06T22:26:19Z,August,8,6,22:26:19,Super Shy,NewJeans,NewJeans 2nd EP 'Get Up'
2025-08-06T22:28:50Z,August,8,6,22:28:50,ETA,NewJeans,NewJeans 2nd EP 'Get Up'
2025-08-06T22:31:18Z,August,8,6,22:31:18,Cool With You,NewJeans,NewJeans 2nd EP 'Get Up'
2025-08-06T22:31:54Z,August,8,6,22:31:54,Get Up,NewJeans,NewJeans 2nd EP 'Get Up'
2025-08-06T22:34:09Z,August,8,6,22:34:09,ASAP,NewJeans,NewJeans 2nd EP 'Get Up'
2025-08-06T22:47:27Z,August,8,6,22:47:27,Attention,NewJeans,NewJeans 1st EP 'New Jeans'
2025-08-06T22:50:30Z,August,8,6,22:50:30,Hype Boy,NewJeans,NewJeans 1st EP 'New Jeans'
2025-08-06T22:54:26Z,August,8,6,22:54:26,Cookie,NewJeans,NewJeans 1st EP 'New Jeans'
2025-08-06T22:58:28Z,August,8,6,22:58:28,Hurt,NewJeans,NewJeans 1st EP 'New Jeans'
2025-08-06T23:23:03Z,August,8,6,23:23:03,Cool With You,NewJeans,NewJeans 2nd EP 'Get Up'
2025-08-06T23:32:09Z,August,8,6,23:32:09,365,Charli xcx,BRAT
2025-08-06T23:32:54Z,August,8,6,23:32:54,Plane Trees (feat. Mustafa),Omar Apollo,God Said No
2025-08-06T23:36:34Z,August,8,6,23:36:34,Hello goodbye,Charli xcx,Brat and it’s the same but there’s three more songs so it’s not
2025-08-06T23:49:30Z,August,8,6,23:49:30,I like u (Extended),Tove Lo,I like u (Remixes)
2025-08-06T23:52:15Z,August,8,6,23:52:15,avatar,xo,avatar / anima
2025-08-06T23:57:26Z,August,8,6,23:57:26,Striptease,FKA twigs,EUSEXUA
2025-08-06T23:59:31Z,August,8,6,23:59:31,you'll come back,jigitz,don't come back
2025-08-07T00:05:19Z,August,8,7,00:05:19,choke enough (jamesjamesjames remix),Oklou,choke enough (remixes)
2025-08-07T00:07:29Z,August,8,7,00:07:29,greedy,Tate McRae,THINK LATER
2025-08-07T00:10:51Z,August,8,7,00:10:51,Roll with Me,Charli xcx,Number 1 Angel
2025-08-07T00:13:51Z,August,8,7,00:13:51,New Woman (feat. ROSALÍA),LISA,New Woman (feat. ROSALÍA)
2025-08-07T00:16:36Z,August,8,7,00:16:36,CRAZY,LE SSERAFIM,CRAZY
2025-08-07T00:19:59Z,August,8,7,00:19:59,Welcome To My Island - George Daniel & Charli XCX Remix,Caroline Polachek,Welcome To My Island
2025-08-07T00:23:26Z,August,8,7,00:23:26,Dade County Dreaming (feat. JT & Yung Miami),Camila Cabello,"C,XOXO"
2025-08-07T00:25:43Z,August,8,7,00:25:43,24HRS,ITZY,IT'z ME
2025-08-07T00:30:56Z,August,8,7,00:30:56,Gnarly,KATSEYE,Gnarly
2025-08-07T00:34:59Z,August,8,7,00:34:59,SexyBack (feat. Timbaland),Justin Timberlake,FutureSex/LoveSounds
2025-08-07T00:46:05Z,August,8,7,00:46:05,BIPP,SOPHIE,BIPP
2025-08-07T00:49:23Z,August,8,7,00:49:23,Ash,LE SSERAFIM,HOT
2025-08-07T00:53:47Z,August,8,7,00:53:47,Genesis,Grimes,Visions
2025-08-07T00:57:37Z,August,8,7,00:57:37,visions,Charli xcx,how i'm feeling now
2025-08-07T01:00:43Z,August,8,7,01:00:43,u,xo,whitenoise
2025-08-07T01:04:06Z,August,8,7,01:04:06,Hurricanes,Rina Sawayama,Hold The Girl
2025-08-07T14:10:18Z,August,8,7,14:10:18,XS,Rina Sawayama,SAWAYAMA
2025-08-07T20:23:32Z,August,8,7,20:23:32,Soap (feat. PinkPantheress),Yves,Soft Error
2025-08-07T20:25:53Z,August,8,7,20:25:53,Aibo (feat. Bratty),Yves,Soft Error
2025-08-07T20:28:58Z,August,8,7,20:28:58,Do you feel it like i touch,Yves,Soft Error
2025-08-07T20:31:55Z,August,8,7,20:31:55,Study,Yves,Soft Error
2025-08-07T20:34:39Z,August,8,7,20:34:39,mom,Yves,Soft Error
2025-08-07T20:46:23Z,August,8,7,20:46:23,White cat,Yves,Soft Error
2025-08-07T20:48:51Z,August,8,7,20:48:51,Soap (feat. PinkPantheress),Yves,Soft Error
2025-08-07T20:51:12Z,August,8,7,20:51:12,Aibo (feat. Bratty),Yves,Soft Error
2025-08-07T20:54:17Z,August,8,7,20:54:17,Do you feel it like i touch,Yves,Soft Error
2025-08-07T20:56:18Z,August,8,7,20:56:18,Study,Yves,Soft Error
2025-08-07T20:57:15Z,August,8,7,20:57:15,mom,Yves,Soft Error
2025-08-07T22:28:43Z,August,8,7,22:28:43,White cat,Yves,Soft Error
2025-08-07T22:31:11Z,August,8,7,22:31:11,Soap (feat. PinkPantheress),Yves,Soft Error
2025-08-07T22:33:32Z,August,8,7,22:33:32,Aibo (feat. Bratty),Yves,Soft Error
2025-08-07T22:36:37Z,August,8,7,22:36:37,Do you feel it like i touch,Yves,Soft Error
2025-08-07T22:38:38Z,August,8,7,22:38:38,Study,Yves,Soft Error
2025-08-07T22:41:22Z,August,8,7,22:41:22,mom,Yves,Soft Error
2025-08-07T22:54:32Z,August,8,7,22:54:32,In The Rain,Addison Rae,Addison
2025-08-07T22:57:32Z,August,8,7,22:57:32,Viola,Yves,I Did: Bloom
2025-08-07T22:59:50Z,August,8,7,22:59:50,Come Over,LE SSERAFIM,Come Over (Remixes)
2025-08-07T23:02:56Z,August,8,7,23:02:56,Freak It,Kim Petras,Freak It
2025-08-07T23:06:06Z,August,8,7,23:06:06,avatar,xo,avatar / anima
2025-08-07T23:08:40Z,August,8,7,23:08:40,Soap (feat. PinkPantheress),Yves,Soft Error
2025-08-07T23:11:01Z,August,8,7,23:11:01,Aibo (feat. Bratty),Yves,Soft Error
2025-08-07T23:13:15Z,August,8,7,23:13:15,Study,Yves,Soft Error
2025-08-07T23:16:16Z,August,8,7,23:16:16,Lemon Drop,ATEEZ,GOLDEN HOUR : Part.3 'In Your Fantasy Edition'
2025-08-07T23:18:56Z,August,8,7,23:18:56,Masterpiece,ATEEZ,GOLDEN HOUR : Part.3 'In Your Fantasy Edition'
2025-08-07T23:24:47Z,August,8,7,23:24:47,Now this house ain't a home,ATEEZ,GOLDEN HOUR : Part.3 'In Your Fantasy Edition'
2025-08-07T23:29:27Z,August,8,7,23:29:27,Castle,ATEEZ,GOLDEN HOUR : Part.3 'In Your Fantasy Edition'
2025-08-07T23:30:59Z,August,8,7,23:30:59,Bridge : The Edge of Reality,ATEEZ,GOLDEN HOUR : Part.3 'In Your Fantasy Edition'
2025-08-07T23:34:26Z,August,8,7,23:34:26,In Your Fantasy,ATEEZ,GOLDEN HOUR : Part.3 'In Your Fantasy Edition'
2025-08-07T23:36:59Z,August,8,7,23:36:59,NO1,ATEEZ,GOLDEN HOUR : Part.3 'In Your Fantasy Edition'
2025-08-07T23:40:20Z,August,8,7,23:40:20,Skin,ATEEZ,GOLDEN HOUR : Part.3 'In Your Fantasy Edition'
2025-08-07T23:43:08Z,August,8,7,23:43:08,Slide to me,ATEEZ,GOLDEN HOUR : Part.3 'In Your Fantasy Edition'
2025-08-07T23:46:11Z,August,8,7,23:46:11,Legacy,ATEEZ,GOLDEN HOUR : Part.3 'In Your Fantasy Edition'
2025-08-07T23:49:22Z,August,8,7,23:49:22,Creep,ATEEZ,GOLDEN HOUR : Part.3 'In Your Fantasy Edition'
2025-08-07T23:51:56Z,August,8,7,23:51:56,ROAR,ATEEZ,GOLDEN HOUR : Part.3 'In Your Fantasy Edition'
2025-08-08T15:40:17Z,August,8,8,15:40:17,Agnostic,Daya,Agnostic
2025-08-08T15:44:39Z,August,8,8,15:44:39,White cat,Yves,Soft Error
2025-08-08T15:47:07Z,August,8,8,15:47:07,Soap (feat. PinkPantheress),Yves,Soft Error
2025-08-08T15:49:28Z,August,8,8,15:49:28,Aibo (feat. Bratty),Yves,Soft Error
2025-08-08T15:52:33Z,August,8,8,15:52:33,Do you feel it like i touch,Yves,Soft Error
2025-08-08T15:54:34Z,August,8,8,15:54:34,Study,Yves,Soft Error
2025-08-08T15:57:18Z,August,8,8,15:57:18,mom,Yves,Soft Error
2025-08-08T16:01:41Z,August,8,8,16:01:41,Girl Feels Good,FKA twigs,EUSEXUA
2025-08-08T16:05:41Z,August,8,8,16:05:41,"Mind Loaded (feat. Caroline Polachek, Lorde & Mustafa)",Blood Orange,"Mind Loaded (feat. Caroline Polachek, Lorde & Mustafa)"
2025-08-08T16:06:43Z,August,8,8,16:06:43,MOTOMAMI,ROSALÍA,MOTOMAMI
2025-08-08T16:09:41Z,August,8,8,16:09:41,YES,HYO,YES
2025-08-08T16:13:33Z,August,8,8,16:13:33,Perfectly,FKA twigs,Perfectly
2025-08-08T16:18:33Z,August,8,8,16:18:33,Shapeshifter,Lorde,Virgin
2025-08-09T19:08:34Z,August,8,9,19:08:34,If She Could See Me Now,Lorde,Virgin
2025-08-09T19:11:51Z,August,8,9,19:11:51,Seasalt & Teardrops,horsegiirL,Seasalt & Teardrops
2025-08-09T19:14:15Z,August,8,9,19:14:15,Busy Girl,Tove Lo,HEAT
2025-08-09T19:17:45Z,August,8,9,19:17:45,Bum Like You,Robyn,Robyn
2025-08-09T19:21:22Z,August,8,9,19:21:22,Piece of Me,Britney Spears,Blackout
2025-08-09T19:26:38Z,August,8,9,19:26:38,Harajuku Girls,Gwen Stefani,Love. Angel. Music. Baby.
2025-08-09T20:40:33Z,August,8,9,20:40:33,Money is Everything,Addison Rae,Addison
2025-08-09T20:43:40Z,August,8,9,20:43:40,avatar,xo,avatar / anima
2025-08-09T20:48:59Z,August,8,9,20:48:59,Gimme More,Britney Spears,Blackout
2025-08-09T20:53:01Z,August,8,9,20:53:01,Radar,Britney Spears,Blackout
2025-08-09T20:57:09Z,August,8,9,20:57:09,Dreamer - Compound Version,Charli xcx,Number 1 Angel
2025-08-09T21:00:04Z,August,8,9,21:00:04,Sugar Water Cyanide,Rebecca Black,Sugar Water Cyanide
2025-08-09T21:02:39Z,August,8,9,21:02:39,IS THIS LOVE,XG,AWE
2025-08-09T21:07:55Z,August,8,9,21:07:55,Novacane,Frank Ocean,Novacane
2025-08-09T21:11:02Z,August,8,9,21:11:02,360 featuring robyn & yung lean,Charli xcx,Brat and it’s completely different but also still brat
2025-08-09T21:14:34Z,August,8,9,21:14:34,Roll with Me,Charli xcx,Number 1 Angel
2025-08-09T21:18:54Z,August,8,9,21:18:54,Lipgloss (feat. CupcakKe),Charli xcx,Number 1 Angel
2025-08-09T21:23:32Z,August,8,9,21:23:32,The Steps,HAIM,Women In Music Pt. III
2025-08-09T21:26:46Z,August,8,9,21:26:46,Hammer,Lorde,Virgin
2025-08-09T21:29:19Z,August,8,9,21:29:19,New York,Addison Rae,Addison
2025-08-09T21:33:41Z,August,8,9,21:33:41,Shapeshifter,Lorde,Virgin
2025-08-09T21:36:54Z,August,8,9,21:36:54,Broken Glass,Lorde,Virgin
2025-08-09T21:40:24Z,August,8,9,21:40:24,What Was That,Lorde,Virgin
2025-08-09T21:44:17Z,August,8,9,21:44:17,Times Like These,Addison Rae,Addison
2025-08-09T21:47:14Z,August,8,9,21:47:14,If She Could See Me Now,Lorde,Virgin
2025-08-09T21:50:39Z,August,8,9,21:50:39,David,Lorde,Virgin
2025-08-09T21:55:51Z,August,8,9,21:55:51,My Barn My Rules,MCR-T,My Barn My Rules
2025-08-09T22:01:01Z,August,8,9,22:01:01,GET HIGHER,SOPHIE,GET HIGHER
2025-08-10T19:49:15Z,August,8,10,19:49:15,I'm Not Alone - 2009 Remaster,Calvin Harris,I'm Not Alone 2019
2025-08-10T19:55:57Z,August,8,10,19:55:57,Soap (feat. PinkPantheress),Yves,Soft Error
2025-08-10T19:58:18Z,August,8,10,19:58:18,Aibo (feat. Bratty),Yves,Soft Error
2025-08-10T20:11:53Z,August,8,10,20:11:53,Aibo (feat. Bratty),Yves,Soft Error
2025-08-10T20:14:20Z,August,8,10,20:14:20,Money is Everything,Addison Rae,Addison
2025-08-10T20:29:44Z,August,8,10,20:29:44,Diet Pepsi,Addison Rae,Addison
2025-08-10T20:33:35Z,August,8,10,20:33:35,Summer Forever,Addison Rae,Addison
2025-08-10T20:37:27Z,August,8,10,20:37:27,Times Like These,Addison Rae,Addison
2025-08-10T20:40:30Z,August,8,10,20:40:30,Fame is a Gun,Addison Rae,Addison
2025-08-10T20:43:03Z,August,8,10,20:43:03,New York,Addison Rae,Addison
2025-08-10T20:46:45Z,August,8,10,20:46:45,In The Rain,Addison Rae,Addison
2025-08-10T20:49:59Z,August,8,10,20:49:59,Hammer,Lorde,Virgin
2025-08-10T20:52:58Z,August,8,10,20:52:58,Seasalt & Teardrops,horsegiirL,Seasalt & Teardrops
2025-08-10T21:06:40Z,August,8,10,21:06:40,Headphones On,Addison Rae,Addison
2025-08-10T21:09:12Z,August,8,10,21:09:12,New York,Addison Rae,Addison
2025-08-10T21:12:02Z,August,8,10,21:12:02,Diet Pepsi,Addison Rae,Addison
2025-08-10T21:14:04Z,August,8,10,21:14:04,Money is Everything,Addison Rae,Addison
2025-08-10T21:16:47Z,August,8,10,21:16:47,Aquamarine,Addison Rae,Addison
2025-08-10T21:17:35Z,August,8,10,21:17:35,Lost & Found,Addison Rae,Addison
2025-08-10T21:20:54Z,August,8,10,21:20:54,High Fashion,Addison Rae,Addison
2025-08-10T21:27:37Z,August,8,10,21:27:37,Summer Forever,Addison Rae,Addison
2025-08-10T21:31:11Z,August,8,10,21:31:11,In The Rain,Addison Rae,Addison
2025-08-10T21:34:14Z,August,8,10,21:34:14,Fame is a Gun,Addison Rae,Addison
2025-08-10T21:39:11Z,August,8,10,21:39:11,Out of My Head (feat. Tove Lo and ALMA),Charli xcx,Pop 2
2025-08-10T21:43:03Z,August,8,10,21:43:03,"I Got It (feat. Brooke Candy, CupcakKe and Pabllo Vittar)",Charli xcx,Pop 2
2025-08-10T21:47:02Z,August,8,10,21:47:02,Backseat (feat. Carly Rae Jepsen),Charli xcx,Pop 2
2025-08-10T21:51:59Z,August,8,10,21:51:59,detonate,Charli xcx,how i'm feeling now
2025-08-10T21:54:32Z,August,8,10,21:54:32,i finally understand,Charli xcx,how i'm feeling now
2025-08-10T21:59:23Z,August,8,10,21:59:23,visions,Charli xcx,how i'm feeling now
2025-08-10T22:02:19Z,August,8,10,22:02:19,I LUV IT (feat. Playboi Carti),Camila Cabello,I LUV IT (feat. Playboi Carti)
2025-08-10T22:06:27Z,August,8,10,22:06:27,Dade County Dreaming (feat. JT & Yung Miami),Camila Cabello,"C,XOXO"
2025-08-10T22:09:58Z,August,8,10,22:09:58,What Was That,Lorde,Virgin
2025-08-10T22:14:40Z,August,8,10,22:14:40,Shapeshifter,Lorde,Virgin
2025-08-10T22:18:32Z,August,8,10,22:18:32,Favourite Daughter,Lorde,Virgin
2025-08-10T22:22:03Z,August,8,10,22:22:03,Current Affairs,Lorde,Virgin
2025-08-10T22:24:05Z,August,8,10,22:24:05,Clearblue,Lorde,Virgin
2025-08-10T22:26:40Z,August,8,10,22:26:40,GRWM,Lorde,Virgin
2025-08-10T22:30:01Z,August,8,10,22:30:01,Broken Glass,Lorde,Virgin
2025-08-10T22:37:57Z,August,8,10,22:37:57,If She Could See Me Now,Lorde,Virgin
2025-08-11T20:51:54Z,August,8,11,20:51:54,David,Lorde,Virgin
2025-08-12T02:30:29Z,August,8,12,02:30:29,Escapade,JEON SOMI,Chaotic & Confused
2025-08-12T02:33:00Z,August,8,12,02:33:00,EXTRA,JEON SOMI,Chaotic & Confused
2025-08-12T02:35:58Z,August,8,12,02:35:58,Chaotic & Confused,JEON SOMI,Chaotic & Confused
2025-08-12T02:38:37Z,August,8,12,02:38:37,CLOSER,JEON SOMI,Chaotic & Confused
2025-08-12T02:41:33Z,August,8,12,02:41:33,DELU,JEON SOMI,Chaotic & Confused
2025-08-12T02:44:56Z,August,8,12,02:44:56,CRAZY,LE SSERAFIM,CRAZY (Party Remixes 1)
2025-08-12T03:27:00Z,August,8,12,03:27:00,Gnarly,KATSEYE,Gnarly
2025-08-12T03:29:33Z,August,8,12,03:29:33,New York,Addison Rae,Addison
2025-08-12T03:32:30Z,August,8,12,03:32:30,How It’s Done,HUNTR/X,KPop Demon Hunters
2025-08-12T03:35:05Z,August,8,12,03:35:05,IS THIS LOVE,XG,AWE
2025-08-12T03:38:05Z,August,8,12,03:38:05,Lemon Drop,ATEEZ,GOLDEN HOUR : Part.3 'In Your Fantasy Edition'
2025-08-12T03:42:23Z,August,8,12,03:42:23,Shapeshifter,Lorde,Virgin
2025-08-12T20:42:49Z,August,8,12,20:42:49,New York,Addison Rae,Addison
2025-08-12T20:47:22Z,August,8,12,20:47:22,Welcome To My Island,Caroline Polachek,"Desire, I Want To Turn Into You"
2025-08-12T20:53:02Z,August,8,12,20:53:02,I Believe,Caroline Polachek,"Desire, I Want To Turn Into You"
2025-08-12T20:57:09Z,August,8,12,20:57:09,The Steps,HAIM,Women In Music Pt. III
2025-08-12T20:59:52Z,August,8,12,20:59:52,OOH,SOPHIE,OOH
2025-08-12T21:06:19Z,August,8,12,21:06:19,I Know Alone,HAIM,Women In Music Pt. III
2025-08-12T21:09:46Z,August,8,12,21:09:46,Unlock it (Lock It) - feat. Kim Petras and Jay Park,Charli xcx,Pop 2
2025-08-12T21:13:44Z,August,8,12,21:13:44,Backseat (feat. Carly Rae Jepsen),Charli xcx,Pop 2
2025-08-12T21:17:36Z,August,8,12,21:17:36,"I Got It (feat. Brooke Candy, CupcakKe and Pabllo Vittar)",Charli xcx,Pop 2
2025-08-12T21:29:30Z,August,8,12,21:29:30,Bunny Is A Rider,Caroline Polachek,"Desire, I Want To Turn Into You"
2025-08-12T21:32:12Z,August,8,12,21:32:12,Sunset,Caroline Polachek,"Desire, I Want To Turn Into You"
2025-08-12T21:34:57Z,August,8,12,21:34:57,Dang,Caroline Polachek,"Desire, I Want To Turn Into You: Everasking Edition"
2025-08-12T21:38:20Z,August,8,12,21:38:20,Welcome To My Island - George Daniel & Charli XCX Remix,Caroline Polachek,Welcome To My Island
2025-08-12T21:44:06Z,August,8,12,21:44:06,Coma,Caroline Polachek,"Desire, I Want To Turn Into You: Everasking Edition"
2025-08-12T21:46:37Z,August,8,12,21:46:37,Childlike Things,FKA twigs,EUSEXUA
2025-08-12T21:49:42Z,August,8,12,21:49:42,So Hot You're Hurting My Feelings,Caroline Polachek,Pang
2025-08-12T21:53:06Z,August,8,12,21:53:06,Everything is romantic featuring caroline polachek,Charli xcx,Brat and it’s completely different but also still brat
2025-08-12T21:56:53Z,August,8,12,21:56:53,blade bird,Oklou,choke enough
2025-08-12T22:00:23Z,August,8,12,22:00:23,Favourite Daughter,Lorde,Virgin
2025-08-12T23:27:34Z,August,8,12,23:27:34,Seasalt & Teardrops,horsegiirL,Seasalt & Teardrops
2025-08-12T23:30:35Z,August,8,12,23:30:35,Love Incredible (feat. Camila Cabello),Cashmere Cat,9
2025-08-12T23:37:36Z,August,8,12,23:37:36,Trust Nobody (feat. Selena Gomez & Tory Lanez),Cashmere Cat,9
2025-08-13T22:52:39Z,August,8,13,22:52:39,DELU,JEON SOMI,Chaotic & Confused
2025-08-13T22:56:00Z,August,8,13,22:56:00,WHAT IS FOREVER FOR,Frost Children,WHAT IS FOREVER FOR
2025-08-13T22:59:47Z,August,8,13,22:59:47,Falling,Frost Children,WHAT IS FOREVER FOR
2025-08-13T23:02:22Z,August,8,13,23:02:22,CONTROL,Frost Children,WHAT IS FOREVER FOR
2025-08-14T01:18:50Z,August,8,14,01:18:50,Falling,Frost Children,Falling
2025-08-14T01:22:46Z,August,8,14,01:22:46,Falling,Frost Children,WHAT IS FOREVER FOR
2025-08-14T01:25:42Z,August,8,14,01:25:42,DELU,JEON SOMI,Chaotic & Confused
2025-08-14T01:28:28Z,August,8,14,01:28:28,avatar,xo,avatar / anima
2025-08-14T01:31:31Z,August,8,14,01:31:31,Seasalt & Teardrops,horsegiirL,Seasalt & Teardrops
2025-08-14T01:35:07Z,August,8,14,01:35:07,Trust Nobody (feat. Selena Gomez & Tory Lanez),Cashmere Cat,9
2025-08-14T01:38:40Z,August,8,14,01:38:40,Seasalt & Teardrops,horsegiirL,Seasalt & Teardrops
2025-08-14T01:43:58Z,August,8,14,01:43:58,Girl Feels Good,FKA twigs,EUSEXUA
2025-08-14T01:48:03Z,August,8,14,01:48:03,White cat,Yves,White cat
2025-08-14T01:49:33Z,August,8,14,01:49:33,gossip,Confidence Man,gossip
2025-08-14T02:02:15Z,August,8,14,02:02:15,Perfectly,FKA twigs,Perfectly
2025-08-14T02:06:07Z,August,8,14,02:06:07,Times Like These,Addison Rae,Addison
2025-08-14T02:11:41Z,August,8,14,02:11:41,Diet Pepsi,Addison Rae,Addison
2025-08-14T02:14:59Z,August,8,14,02:14:59,High Fashion,Addison Rae,Addison
2025-08-14T02:15:57Z,August,8,14,02:15:57,Life's No Fun Through Clear Waters,Addison Rae,Addison
2025-08-14T02:20:03Z,August,8,14,02:20:03,Headphones On,Addison Rae,Addison
2025-08-14T02:22:39Z,August,8,14,02:22:39,New York,Addison Rae,Addison
2025-08-14T02:24:47Z,August,8,14,02:24:47,Money is Everything,Addison Rae,Addison
2025-08-14T02:27:30Z,August,8,14,02:27:30,Aquamarine,Addison Rae,Addison
2025-08-14T02:28:18Z,August,8,14,02:28:18,Lost & Found,Addison Rae,Addison
2025-08-14T02:35:56Z,August,8,14,02:35:56,Summer Forever,Addison Rae,Addison
2025-08-14T02:39:24Z,August,8,14,02:39:24,ict,Oklou,choke enough
2025-08-14T21:26:24Z,August,8,14,21:26:24,choke enough,Oklou,choke enough
2025-08-14T21:30:33Z,August,8,14,21:30:33,ict,Oklou,choke enough
2025-08-14T23:08:41Z,August,8,14,23:08:41,IS THIS LOVE,XG,AWE
2025-08-14T23:12:29Z,August,8,14,23:12:29,Falling,Frost Children,WHAT IS FOREVER FOR
2025-08-14T23:15:33Z,August,8,14,23:15:33,So Hot You're Hurting My Feelings,Caroline Polachek,Pang
2025-08-14T23:19:29Z,August,8,14,23:19:29,Out of My Head (feat. Tove Lo and ALMA),Charli xcx,Pop 2
2025-08-14T23:27:17Z,August,8,14,23:27:17,Toy Soldier,Britney Spears,Blackout
2025-08-14T23:31:28Z,August,8,14,23:31:28,Gimme More,Britney Spears,Blackout
2025-08-14T23:34:59Z,August,8,14,23:34:59,Piece of Me,Britney Spears,Blackout
2025-08-14T23:39:11Z,August,8,14,23:39:11,Radar,Britney Spears,Blackout
2025-08-14T23:43:02Z,August,8,14,23:43:02,"I Got It (feat. Brooke Candy, CupcakKe and Pabllo Vittar)",Charli xcx,Pop 2
2025-08-14T23:47:34Z,August,8,14,23:47:34,Delicious (feat. Tommy Cash),Charli xcx,Pop 2
2025-08-14T23:51:27Z,August,8,14,23:51:27,Unlock it (Lock It) - feat. Kim Petras and Jay Park,Charli xcx,Pop 2
2025-08-14T23:54:26Z,August,8,14,23:54:26,Seasalt & Teardrops,horsegiirL,Seasalt & Teardrops
2025-08-14T23:57:14Z,August,8,14,23:57:14,JUMP,BLACKPINK,JUMP
2025-08-14T23:59:46Z,August,8,14,23:59:46,OOH,SOPHIE,OOH
2025-08-15T00:03:43Z,August,8,15,00:03:43,Hammer,Lorde,Virgin
2025-08-15T00:07:10Z,August,8,15,00:07:10,Porsche (feat. MØ),Charli xcx,Pop 2
2025-08-15T00:09:48Z,August,8,15,00:09:48,New York,Addison Rae,Addison
2025-08-15T00:15:26Z,August,8,15,00:15:26,Track 10,Charli xcx,Pop 2
2025-08-15T00:18:48Z,August,8,15,00:18:48,White cat,Yves,Soft Error
2025-08-15T00:21:16Z,August,8,15,00:21:16,Soap (feat. PinkPantheress),Yves,Soft Error
2025-08-15T00:23:37Z,August,8,15,00:23:37,Aibo (feat. Bratty),Yves,Soft Error
2025-08-15T00:27:05Z,August,8,15,00:27:05,What Was That,Lorde,Virgin
2025-08-15T00:33:56Z,August,8,15,00:33:56,Shapeshifter,Lorde,Virgin
2025-08-15T00:35:54Z,August,8,15,00:35:54,Clearblue,Lorde,Virgin
2025-08-15T00:39:40Z,August,8,15,00:39:40,Broken Glass,Lorde,Virgin
2025-08-15T00:43:16Z,August,8,15,00:43:16,Current Affairs,Lorde,Virgin
2025-08-15T00:46:17Z,August,8,15,00:46:17,Man Of The Year,Lorde,Virgin
2025-08-15T00:49:46Z,August,8,15,00:49:46,Favourite Daughter,Lorde,Virgin
2025-08-15T19:56:20Z,August,8,15,19:56:20,IS THIS LOVE,XG,AWE
2025-08-15T19:59:27Z,August,8,15,19:59:27,ict,Oklou,choke enough
2025-08-15T20:03:24Z,August,8,15,20:03:24,ict,Oklou,choke enough
2025-08-15T20:06:16Z,August,8,15,20:06:16,take me by the hand,Oklou,choke enough
2025-08-15T20:22:18Z,August,8,15,20:22:18,choke enough,Oklou,choke enough
2025-08-15T20:25:37Z,August,8,15,20:25:37,"The Field (feat. The Durutti Column, Tariq Al-Sabir, Caroline Polachek & Daniel Caesar)",Blood Orange,"The Field (feat. The Durutti Column, Tariq Al-Sabir, Caroline Polachek & Daniel Caesar)"
2025-08-15T20:29:15Z,August,8,15,20:29:15,"Mind Loaded (feat. Caroline Polachek, Lorde & Mustafa)",Blood Orange,"Mind Loaded (feat. Caroline Polachek, Lorde & Mustafa)"
2025-08-15T20:33:32Z,August,8,15,20:33:32,Yeah I Know,The 1975,Notes On A Conditional Form
2025-08-16T01:50:04Z,August,8,16,01:50:04,ict,Oklou,choke enough
2025-08-16T01:53:41Z,August,8,16,01:53:41,I'm Not Alone - 2009 Remaster,Calvin Harris,I'm Not Alone 2019
2025-08-16T01:57:27Z,August,8,16,01:57:27,I Know Alone,HAIM,Women In Music Pt. III
2025-08-16T02:00:36Z,August,8,16,02:00:36,Dang,Caroline Polachek,"Desire, I Want To Turn Into You: Everasking Edition"
2025-08-16T02:04:13Z,August,8,16,02:04:13,Welcome To My Island - George Daniel & Charli XCX Remix,Caroline Polachek,Welcome To My Island
2025-08-16T02:06:56Z,August,8,16,02:06:56,Spring breakers,Charli xcx,Brat and it’s the same but there’s three more songs so it’s not
2025-08-16T02:22:38Z,August,8,16,02:22:38,Come Over,LE SSERAFIM,HOT
2025-08-16T02:27:42Z,August,8,16,02:27:42,ict,Oklou,choke enough
2025-08-16T02:33:05Z,August,8,16,02:33:05,SOMETHING AIN'T RIGHT,XG,AWE
2025-08-16T02:36:00Z,August,8,16,02:36:00,I LUV IT (feat. Playboi Carti),Camila Cabello,"C,XOXO"
2025-08-16T21:53:01Z,August,8,16,21:53:01,Hold It Against Me,Britney Spears,Femme Fatale (Deluxe Version)
2025-08-16T21:57:00Z,August,8,16,21:57:00,Hammer,Lorde,Virgin
2025-08-16T22:00:58Z,August,8,16,22:00:58,What Was That,Lorde,Virgin
2025-08-16T22:04:49Z,August,8,16,22:04:49,Perfectly,FKA twigs,Perfectly
2025-08-16T23:07:10Z,August,8,16,23:07:10,Falling,Frost Children,WHAT IS FOREVER FOR
2025-08-18T01:26:26Z,August,8,18,01:26:26,Soap (feat. PinkPantheress),Yves,Soft Error
2025-08-18T01:37:31Z,August,8,18,01:37:31,Study,Yves,Soft Error
2025-08-18T01:55:09Z,August,8,18,01:55:09,mom,Yves,Soft Error
2025-08-18T02:02:21Z,August,8,18,02:02:21,End Of Summer,Tame Impala,End Of Summer
2025-08-18T02:08:53Z,August,8,18,02:08:53,avatar,xo,avatar / anima
2025-08-18T02:17:42Z,August,8,18,02:17:42,sister,2hollis,boy
2025-08-18T02:19:50Z,August,8,18,02:19:50,gold,2hollis,gold
2025-08-18T02:22:17Z,August,8,18,02:22:17,crush,2hollis,boy
2025-08-18T02:25:01Z,August,8,18,02:25:01,air,xo,whitenoise
2025-08-18T15:14:39Z,August,8,18,15:14:39,Frail State Of Mind,The 1975,Notes On A Conditional Form
2025-08-18T19:19:07Z,August,8,18,19:19:07,End Of Summer,Tame Impala,End Of Summer
2025-08-18T19:22:28Z,August,8,18,19:22:28,True Religion,Shygirl,True Religion
2025-08-18T19:26:14Z,August,8,18,19:26:14,Warm (feat. HAIM),Charli xcx,Charli
2025-08-18T19:29:21Z,August,8,18,19:29:21,Busy Woman,Sabrina Carpenter,Short n' Sweet
2025-08-18T22:07:00Z,August,8,18,22:07:00,DELU,JEON SOMI,Chaotic & Confused
2025-08-18T22:10:10Z,August,8,18,22:10:10,Chaotic & Confused,JEON SOMI,Chaotic & Confused
2025-08-18T22:14:01Z,August,8,18,22:14:01,Homemade Dynamite,Lorde,Melodrama
2025-08-18T22:37:21Z,August,8,18,22:37:21,Je T'Adore,Kim Petras,Problématique
2025-08-18T22:40:09Z,August,8,18,22:40:09,Rewind,Charli xcx,BRAT
2025-08-18T22:43:31Z,August,8,18,22:43:31,EASY,LE SSERAFIM,EASY
2025-08-18T22:47:55Z,August,8,18,22:47:55,ballad of a homeschooled girl,Olivia Rodrigo,GUTS
2025-08-18T22:51:24Z,August,8,18,22:51:24,Archetype,Omar Apollo,Ivory
2025-08-18T22:55:43Z,August,8,18,22:55:43,ANTIFRAGILE,LE SSERAFIM,UNFORGIVEN
2025-08-18T22:59:08Z,August,8,18,22:59:08,Sober II (Melodrama),Lorde,Melodrama
2025-08-19T10:13:14Z,August,8,19,10:13:14,Seasalt & Teardrops,horsegiirL,Seasalt & Teardrops
2025-08-19T21:36:13Z,August,8,19,21:36:13,Backseat (feat. Carly Rae Jepsen),Charli xcx,Pop 2
2025-08-19T21:40:41Z,August,8,19,21:40:41,Tears (feat. Caroline Polachek),Charli xcx,Pop 2
2025-08-19T21:44:34Z,August,8,19,21:44:34,Welcome To My Island,Caroline Polachek,"Desire, I Want To Turn Into You"
2025-08-19T21:47:19Z,August,8,19,21:47:19,Dang,Caroline Polachek,"Desire, I Want To Turn Into You: Everasking Edition"
2025-08-19T21:50:41Z,August,8,19,21:50:41,Bunny Is A Rider,Caroline Polachek,"Desire, I Want To Turn Into You: Everasking Edition"
2025-08-19T21:53:39Z,August,8,19,21:53:39,Sunset,Caroline Polachek,"Desire, I Want To Turn Into You: Everasking Edition"
2025-08-19T21:58:07Z,August,8,19,21:58:07,Smoke,Caroline Polachek,"Desire, I Want To Turn Into You: Everasking Edition"
2025-08-19T22:02:32Z,August,8,19,22:02:32,"Keep It, Hold It",FKA twigs,EUSEXUA
2025-08-19T22:05:03Z,August,8,19,22:05:03,Childlike Things,FKA twigs,EUSEXUA
2025-08-19T22:19:51Z,August,8,19,22:19:51,Striptease,FKA twigs,EUSEXUA
2025-08-19T22:24:30Z,August,8,19,22:24:30,24hr Dog,FKA twigs,EUSEXUA
2025-08-19T22:32:11Z,August,8,19,22:32:11,Perfect Stranger,FKA twigs,EUSEXUA
2025-08-19T22:47:43Z,August,8,19,22:47:43,Drums of Death,FKA twigs,EUSEXUA
2025-08-20T21:43:17Z,August,8,20,21:43:17,Image,Magdalena Bay,Imaginal Disk
2025-08-20T21:48:32Z,August,8,20,21:48:32,Death & Romance,Magdalena Bay,Imaginal Disk
2025-08-20T21:51:04Z,August,8,20,21:51:04,"Fear, Sex",Magdalena Bay,Imaginal Disk
2025-08-20T21:54:26Z,August,8,20,21:54:26,Vampire in the Corner,Magdalena Bay,Imaginal Disk
2025-08-20T21:58:32Z,August,8,20,21:58:32,Watching T.V.,Magdalena Bay,Imaginal Disk
2025-08-21T21:08:12Z,August,8,21,21:08:12,Tunnel Vision,Magdalena Bay,Imaginal Disk
2025-08-21T21:11:49Z,August,8,21,21:11:49,Image,Magdalena Bay,Imaginal Disk
2025-08-21T21:16:23Z,August,8,21,21:16:23,ict,Oklou,choke enough
2025-08-21T21:20:23Z,August,8,21,21:20:23,choke enough,Oklou,choke enough
2025-08-21T21:23:53Z,August,8,21,21:23:53,What Was That,Lorde,Virgin
2025-08-21T21:27:07Z,August,8,21,21:27:07,Broken Glass,Lorde,Virgin
2025-08-21T21:29:55Z,August,8,21,21:29:55,Shapeshifter,Lorde,Virgin
2025-08-21T21:32:25Z,August,8,21,21:32:25,I think about it all the time,Charli xcx,BRAT
2025-08-21T21:35:13Z,August,8,21,21:35:13,Sympathy is a knife,Charli xcx,BRAT
2025-08-21T21:38:25Z,August,8,21,21:38:25,Apple,Charli xcx,BRAT
2025-08-21T21:52:50Z,August,8,21,21:52:50,Club classics,Charli xcx,BRAT
2025-08-21T21:54:03Z,August,8,21,21:54:03,New York,Addison Rae,Addison
2025-08-21T21:56:36Z,August,8,21,21:56:36,New York,Addison Rae,Addison
2025-08-21T21:59:30Z,August,8,21,21:59:30,Diet Pepsi,Addison Rae,Addison
2025-08-21T22:01:32Z,August,8,21,22:01:32,Money is Everything,Addison Rae,Addison
2025-08-21T22:04:15Z,August,8,21,22:04:15,Aquamarine,Addison Rae,Addison
2025-08-21T22:05:04Z,August,8,21,22:05:04,Lost & Found,Addison Rae,Addison
2025-08-21T22:08:22Z,August,8,21,22:08:22,High Fashion,Addison Rae,Addison
2025-08-21T22:12:09Z,August,8,21,22:12:09,Summer Forever,Addison Rae,Addison
2025-08-21T22:15:43Z,August,8,21,22:15:43,In The Rain,Addison Rae,Addison
2025-08-21T22:18:47Z,August,8,21,22:18:47,Fame is a Gun,Addison Rae,Addison
2025-08-21T22:54:05Z,August,8,21,22:54:05,Times Like These,Addison Rae,Addison
2025-08-21T22:55:02Z,August,8,21,22:55:02,Life's No Fun Through Clear Waters,Addison Rae,Addison
2025-08-21T22:59:02Z,August,8,21,22:59:02,Headphones On,Addison Rae,Addison
2025-08-21T23:10:08Z,August,8,21,23:10:08,New York,Addison Rae,Addison
2025-08-22T20:26:59Z,August,8,22,20:26:59,MEXE,Pabllo Vittar,MEXE
2025-08-22T20:35:50Z,August,8,22,20:35:50,MEXE,Pabllo Vittar,MEXE
2025-08-22T20:39:37Z,August,8,22,20:39:37,Falling,Frost Children,WHAT IS FOREVER FOR
2025-08-22T20:42:34Z,August,8,22,20:42:34,DELU,JEON SOMI,Chaotic & Confused
2025-08-22T21:32:57Z,August,8,22,21:32:57,MEXE,Pabllo Vittar,MEXE
2025-08-22T21:38:35Z,August,8,22,21:38:35,HENTAI,ROSALÍA,MOTOMAMI
2025-08-22T21:41:24Z,August,8,22,21:41:24,BULERÍAS,ROSALÍA,MOTOMAMI
2025-08-22T21:43:54Z,August,8,22,21:43:54,CUUUUuuuuuute,ROSALÍA,MOTOMAMI
2025-08-22T21:50:12Z,August,8,22,21:50:12,NUEVAYoL,Bad Bunny,DeBÍ TiRAR MáS FOToS
2025-08-22T21:52:48Z,August,8,22,21:52:48,VOY A LLeVARTE PA PR,Bad Bunny,DeBÍ TiRAR MáS FOToS
2025-08-22T21:56:07Z,August,8,22,21:56:07,True Religion,Shygirl,True Religion
2025-08-22T22:00:17Z,August,8,22,22:00:17,Down to be wrong,HAIM,Down to be wrong
2025-08-22T22:03:21Z,August,8,22,22:03:21,Fame is a Gun,Addison Rae,Fame is a Gun
2025-08-22T22:38:09Z,August,8,22,22:38:09,Times Like These,Addison Rae,Addison
2025-08-22T22:41:17Z,August,8,22,22:41:17,MEXE,Pabllo Vittar,MEXE
2025-08-22T22:53:13Z,August,8,22,22:53:13,Do What I Want,MONSTA X,Do What I Want
2025-08-22T22:58:52Z,August,8,22,22:58:52,MEXE,Pabllo Vittar,MEXE
2025-08-22T23:04:28Z,August,8,22,23:04:28,Image,Magdalena Bay,Imaginal Disk
2025-08-22T23:06:58Z,August,8,22,23:06:58,Childlike Things,FKA twigs,EUSEXUA
2025-08-22T23:19:59Z,August,8,22,23:19:59,Summer Forever,Addison Rae,Addison
2025-08-23T00:09:22Z,August,8,23,00:09:22,Summer Forever,Addison Rae,Addison
2025-08-23T00:14:09Z,August,8,23,00:14:09,Move,Little Mix,Salute
2025-08-23T00:18:16Z,August,8,23,00:18:16,Shout Out to My Ex,Little Mix,Glory Days
2025-08-23T00:54:07Z,August,8,23,00:54:07,2 die 4 (feat. Charli XCX),Addison Rae,AR
2025-08-23T00:57:11Z,August,8,23,00:57:11,I got it bad,Addison Rae,AR
2025-08-23T01:00:11Z,August,8,23,01:00:11,New Woman (feat. ROSALÍA),LISA,New Woman (feat. ROSALÍA)
2025-08-23T01:03:15Z,August,8,23,01:03:15,TTYL,Loossemble,TTYL
2025-08-23T01:06:23Z,August,8,23,01:06:23,Something,NAYEON,NA
2025-08-24T20:28:14Z,August,8,24,20:28:14,XO Call Me,VCHA,Girls of the Year
2025-08-24T20:30:55Z,August,8,24,20:30:55,MEXE,Pabllo Vittar,MEXE
2025-08-24T20:56:34Z,August,8,24,20:56:34,Hammer,Lorde,Virgin
2025-08-24T21:00:51Z,August,8,24,21:00:51,Shapeshifter,Lorde,Virgin
2025-08-24T21:04:26Z,August,8,24,21:04:26,Current Affairs,Lorde,Virgin
2025-08-24T21:07:56Z,August,8,24,21:07:56,What Was That,Lorde,Virgin
2025-08-24T21:11:08Z,August,8,24,21:11:08,If She Could See Me Now,Lorde,Virgin
2025-08-24T21:37:47Z,August,8,24,21:37:47,Reckless,Genevieve Hannelius,Reckless
2025-08-24T22:09:14Z,August,8,24,22:09:14,Sober,Lorde,Melodrama
2025-08-24T22:12:24Z,August,8,24,22:12:24,Homemade Dynamite,Lorde,Melodrama
2025-08-24T22:16:55Z,August,8,24,22:16:55,The Louvre,Lorde,Melodrama
2025-08-24T22:19:47Z,August,8,24,22:19:47,Liability,Lorde,Melodrama
2025-08-24T22:25:54Z,August,8,24,22:25:54,Hard Feelings/Loveless,Lorde,Melodrama
2025-08-24T22:28:53Z,August,8,24,22:28:53,Sober II (Melodrama),Lorde,Melodrama
2025-08-24T22:33:41Z,August,8,24,22:33:41,Supercut,Lorde,Melodrama
2025-08-24T22:35:57Z,August,8,24,22:35:57,Liability (Reprise),Lorde,Melodrama
2025-08-24T22:49:16Z,August,8,24,22:49:16,Perfect Places,Lorde,Melodrama
2025-08-24T22:54:48Z,August,8,24,22:54:48,La Tortura (feat. Alejandro Sanz),Shakira,Fijación Oral Volumen 1
2025-08-24T23:01:05Z,August,8,24,23:01:05,Estoy Aquí,Shakira,Pies Descalzos
2025-08-24T23:04:57Z,August,8,24,23:04:57,La Tortura (feat. Alejandro Sanz),Shakira,Fijación Oral Volumen 1
2025-08-24T23:11:32Z,August,8,24,23:11:32,Hips Don't Lie (feat. Wyclef Jean),Shakira,"Oral Fixation, Vol. 2"
2025-08-24T23:12:06Z,August,8,24,23:12:06,Illegal (feat. Carlos Santana),Shakira,"Oral Fixation, Vol. 2"
2025-08-24T23:19:08Z,August,8,24,23:19:08,Lento,Julieta Venegas,Si
2025-08-25T21:51:20Z,August,8,25,21:51:20,Andar Conmigo,Julieta Venegas,Si
2025-08-25T21:55:11Z,August,8,25,21:55:11,La Tortura (feat. Alejandro Sanz),Shakira,Fijación Oral Volumen 1
2025-08-25T21:58:47Z,August,8,25,21:58:47,True Religion,Shygirl,True Religion
2025-08-25T22:02:47Z,August,8,25,22:02:47,Lento,Julieta Venegas,Si
2025-08-25T22:06:00Z,August,8,25,22:06:00,Andar Conmigo,Julieta Venegas,Si
2025-08-25T22:33:34Z,August,8,25,22:33:34,Algo Está Cambiando,Julieta Venegas,Si
2025-08-25T22:37:31Z,August,8,25,22:37:31,Hips Don't Lie (feat. Wyclef Jean),Shakira,"Oral Fixation, Vol. 2"
2025-08-25T22:38:37Z,August,8,25,22:38:37,A Tu Lado,Julieta Venegas,Si
2025-08-25T22:41:55Z,August,8,25,22:41:55,Zimzalabim,Red Velvet,‘The ReVe Festival’ Finale
2025-08-25T22:44:35Z,August,8,25,22:44:35,JUMP,BLACKPINK,JUMP
2025-08-25T22:47:33Z,August,8,25,22:47:33,DELU,JEON SOMI,Chaotic & Confused
2025-08-25T22:49:59Z,August,8,25,22:49:59,MEXE,Pabllo Vittar,MEXE
2025-08-25T23:00:05Z,August,8,25,23:00:05,White cat,Yves,White cat
2025-08-25T23:03:53Z,August,8,25,23:03:53,Falling,Frost Children,WHAT IS FOREVER FOR
2025-08-25T23:07:39Z,August,8,25,23:07:39,Trust Nobody (feat. Selena Gomez & Tory Lanez),Cashmere Cat,9
2025-08-27T01:19:37Z,August,8,27,01:19:37,Zimzalabim,Red Velvet,‘The ReVe Festival’ Finale
2025-08-27T02:01:56Z,August,8,27,02:01:56,La Tortura (feat. Alejandro Sanz),Shakira,Fijación Oral Volumen 1
2025-08-27T02:05:26Z,August,8,27,02:05:26,Reckless,Genevieve Hannelius,Reckless
2025-08-27T02:08:41Z,August,8,27,02:08:41,TTYL,Loossemble,TTYL
2025-08-27T02:09:00Z,August,8,27,02:09:00,La Tortura (feat. Alejandro Sanz),Shakira,Fijación Oral Volumen 1
2025-08-27T02:12:19Z,August,8,27,02:12:19,Hammer,Lorde,Virgin
2025-08-27T02:16:11Z,August,8,27,02:16:11,What Was That,Lorde,Virgin
2025-08-27T02:20:34Z,August,8,27,02:20:34,Shapeshifter,Lorde,Virgin
2025-08-27T02:23:41Z,August,8,27,02:23:41,Man Of The Year,Lorde,Virgin
2025-08-27T03:04:15Z,August,8,27,03:04:15,MEXE,Pabllo Vittar,MEXE
2025-08-27T03:08:03Z,August,8,27,03:08:03,Falling,Frost Children,WHAT IS FOREVER FOR
2025-08-27T03:10:56Z,August,8,27,03:10:56,Seasalt & Teardrops,horsegiirL,Seasalt & Teardrops
2025-08-27T03:15:06Z,August,8,27,03:15:06,Trust Nobody (feat. Selena Gomez & Tory Lanez),Cashmere Cat,9
2025-08-27T04:48:44Z,August,8,27,04:48:44,Girl Feels Good,FKA twigs,EUSEXUA
2025-08-27T04:52:23Z,August,8,27,04:52:23,Girl Feels Good,FKA twigs,EUSEXUA
2025-08-27T05:25:25Z,August,8,27,05:25:25,Eusexua,FKA twigs,EUSEXUA
2025-08-27T05:29:07Z,August,8,27,05:29:07,TTYL,Loossemble,TTYL
2025-08-27T05:31:43Z,August,8,27,05:31:43,MEXE,Pabllo Vittar,MEXE
2025-08-27T05:34:33Z,August,8,27,05:34:33,OOH,SOPHIE,OOH
2025-08-27T16:28:40Z,August,8,27,16:28:40,SO BAD,STAYC,Star To A Young Culture
2025-08-28T22:59:56Z,August,8,28,22:59:56,Viola,Yves,I Did
2025-08-28T23:03:27Z,August,8,28,23:03:27,Reckless,Genevieve Hannelius,Reckless
2025-08-28T23:06:15Z,August,8,28,23:06:15,SexOnTheBeat,ADÉLA,The Provocateur
2025-08-28T23:09:19Z,August,8,28,23:09:19,TTYL,Loossemble,TTYL
2025-08-28T23:13:13Z,August,8,28,23:13:13,Seasalt & Teardrops,horsegiirL,Seasalt & Teardrops
2025-08-28T23:14:34Z,August,8,28,23:14:34,MEXE,Pabllo Vittar,MEXE
2025-08-28T23:24:41Z,August,8,28,23:24:41,Out of My Head (feat. Tove Lo and ALMA),Charli xcx,Pop 2
2025-08-28T23:28:33Z,August,8,28,23:28:33,"I Got It (feat. Brooke Candy, CupcakKe and Pabllo Vittar)",Charli xcx,Pop 2
2025-08-28T23:31:56Z,August,8,28,23:31:56,Welcome To My Island - George Daniel & Charli XCX Remix,Caroline Polachek,Welcome To My Island
2025-08-28T23:35:03Z,August,8,28,23:35:03,No Angel,Charli xcx,Focus / No Angel
2025-08-28T23:38:05Z,August,8,28,23:38:05,Paradise (feat. Hannah Diamond),Charli xcx,Vroom Vroom EP
2025-08-29T19:20:28Z,August,8,29,19:20:28,Lucky,Charli xcx,Pop 2
2025-08-29T19:41:06Z,August,8,29,19:41:06,Jump (m-flo Remix),f5ve,Jump (m-flo Remix)
2025-08-29T20:16:29Z,August,8,29,20:16:29,Superscar,ADÉLA,The Provocateur
2025-08-29T20:19:16Z,August,8,29,20:19:16,SexOnTheBeat,ADÉLA,The Provocateur
2025-08-29T20:21:52Z,August,8,29,20:21:52,MachineGirl,ADÉLA,The Provocateur
2025-08-29T20:24:47Z,August,8,29,20:24:47,Homewrecked,ADÉLA,The Provocateur
2025-08-29T20:27:32Z,August,8,29,20:27:32,Go,ADÉLA,The Provocateur
2025-08-29T20:30:49Z,August,8,29,20:30:49,DeathByDevotion,ADÉLA,The Provocateur
2025-08-29T20:33:11Z,August,8,29,20:33:11,FinallyApologizing,ADÉLA,The Provocateur
2025-08-29T20:37:57Z,August,8,29,20:37:57,SexOnTheBeat,ADÉLA,The Provocateur
2025-08-29T20:41:55Z,August,8,29,20:41:55,Go,ADÉLA,The Provocateur
2025-08-29T20:44:40Z,August,8,29,20:44:40,DeathByDevotion,ADÉLA,The Provocateur
2025-08-29T20:47:02Z,August,8,29,20:47:02,FinallyApologizing,ADÉLA,The Provocateur
2025-08-29T20:50:07Z,August,8,29,20:50:07,Sugar (feat. Shygirl),SG Lewis,Sugar (feat. Shygirl)
2025-08-29T20:52:35Z,August,8,29,20:52:35,Soap (feat. PinkPantheress),Yves,Soft Error
2025-08-29T20:56:00Z,August,8,29,20:56:00,More,Carly Rae Jepsen,More
2025-08-29T22:14:44Z,August,8,29,22:14:44,SexOnTheBeat,ADÉLA,The Provocateur
2025-08-29T22:19:46Z,August,8,29,22:19:46,Go,ADÉLA,The Provocateur
2025-08-29T22:22:19Z,August,8,29,22:22:19,New York,Addison Rae,Addison
2025-08-29T22:25:26Z,August,8,29,22:25:26,Busy Woman,Sabrina Carpenter,Short n' Sweet
2025-08-29T22:43:01Z,August,8,29,22:43:01,The Steps,HAIM,Women In Music Pt. III
2025-08-29T22:45:44Z,August,8,29,22:45:44,Bluest Flame,Selena Gomez,I Said I Love You First
2025-08-29T22:48:20Z,August,8,29,22:48:20,So Cynical (Badum),LE SSERAFIM,HOT
2025-08-29T22:50:33Z,August,8,29,22:50:33,Talk,Selena Gomez,I Said I Love You First... And You Said It Back
2025-08-29T22:54:09Z,August,8,29,22:54:09,Trust Nobody (feat. Selena Gomez & Tory Lanez),Cashmere Cat,9
2025-08-29T23:13:09Z,August,8,29,23:13:09,Come Over,LE SSERAFIM,HOT
2025-08-29T23:16:27Z,August,8,29,23:16:27,Ash,LE SSERAFIM,HOT
2025-08-29T23:24:35Z,August,8,29,23:24:35,Jump (m-flo Remix),f5ve,Jump (m-flo Remix)
2025-08-29T23:27:21Z,August,8,29,23:27:21,Go,ADÉLA,The Provocateur
2025-08-29T23:29:25Z,August,8,29,23:29:25,speed//dial,Toro Oro,speed//dial
2025-08-29T23:32:12Z,August,8,29,23:32:12,SexOnTheBeat,ADÉLA,The Provocateur
2025-08-29T23:35:28Z,August,8,29,23:35:28,Air,YEJI,AIR
2025-08-29T23:42:35Z,August,8,29,23:42:35,White cat,Yves,Soft Error
2025-08-30T17:28:31Z,August,8,30,17:28:31,TTYL,Loossemble,TTYL
2025-08-30T19:35:46Z,August,8,30,19:35:46,Heaven,Shygirl,Nymph
2025-08-30T19:38:05Z,August,8,30,19:38:05,Heaven (feat. Tinashe),Shygirl,Heaven (feat. Tinashe)
2025-08-30T19:40:51Z,August,8,30,19:40:51,Go,ADÉLA,The Provocateur
2025-08-30T19:43:39Z,August,8,30,19:43:39,SexOnTheBeat,ADÉLA,The Provocateur
2025-08-30T19:46:42Z,August,8,30,19:46:42,Heaven,Shygirl,Nymph
2025-08-30T19:49:40Z,August,8,30,19:49:40,Go,ADÉLA,The Provocateur
2025-08-30T19:54:09Z,August,8,30,19:54:09,Sympathy is a knife,Charli xcx,BRAT
2025-08-30T19:59:57Z,August,8,30,19:59:57,OOH,SOPHIE,OOH
2025-08-30T20:02:48Z,August,8,30,20:02:48,Sympathy is a knife,Charli xcx,BRAT
2025-08-30T20:06:28Z,August,8,30,20:06:28,So I,Charli xcx,BRAT
2025-08-30T20:10:44Z,August,8,30,20:10:44,I Know Alone,HAIM,Women In Music Pt. III
2025-08-30T20:13:35Z,August,8,30,20:13:35,New York,Addison Rae,Addison
2025-08-30T20:16:20Z,August,8,30,20:16:20,Diet Pepsi,Addison Rae,Addison
2025-08-30T20:25:16Z,August,8,30,20:25:16,Welcome To My Island - George Daniel & Charli XCX Remix,Caroline Polachek,Welcome To My Island
2025-08-30T20:28:30Z,August,8,30,20:28:30,Bunny Is A Rider,Caroline Polachek,"Desire, I Want To Turn Into You"
2025-08-30T20:32:23Z,August,8,30,20:32:23,Welcome To My Island,Caroline Polachek,"Desire, I Want To Turn Into You"
2025-08-30T21:57:32Z,August,8,30,21:57:32,Heaven,Shygirl,Nymph
2025-08-30T22:00:18Z,August,8,30,22:00:18,Go,ADÉLA,The Provocateur
2025-08-30T22:03:32Z,August,8,30,22:03:32,Hammer,Lorde,Virgin
2025-08-30T22:07:01Z,August,8,30,22:07:01,What Was That,Lorde,Virgin
2025-08-30T22:53:47Z,August,8,30,22:53:47,Heaven,Shygirl,Nymph
2025-08-31T01:51:22Z,August,8,31,01:51:22,Go,ADÉLA,The Provocateur
2025-08-31T20:03:21Z,August,8,31,20:03:21,Sunset,Caroline Polachek,"Desire, I Want To Turn Into You"
2025-08-31T20:06:28Z,August,8,31,20:06:28,Heaven,Shygirl,Nymph
2025-08-31T20:09:14Z,August,8,31,20:09:14,Go,ADÉLA,The Provocateur
2025-08-31T20:12:01Z,August,8,31,20:12:01,SexOnTheBeat,ADÉLA,The Provocateur
2025-08-31T20:16:30Z,August,8,31,20:16:30,OOH,SOPHIE,OOH
2025-08-31T20:21:21Z,August,8,31,20:21:21,Harajuku Girls,Gwen Stefani,Love. Angel. Music. Baby.
2025-08-31T20:23:31Z,August,8,31,20:23:31,2 die 4 (feat. Charli XCX),Addison Rae,AR
2025-08-31T20:26:17Z,August,8,31,20:26:17,all-american bitch,Olivia Rodrigo,GUTS
2025-08-31T20:29:03Z,August,8,31,20:29:03,Rakata,Arca,KICK ii
2025-08-31T20:32:09Z,August,8,31,20:32:09,I Don't Wanna Know,Charli xcx,Charli
2025-08-31T20:37:47Z,August,8,31,20:37:47,Everything is romantic,Charli xcx,BRAT
2025-08-31T20:41:44Z,August,8,31,20:41:44,Womanizer,Britney Spears,Circus (Deluxe Version)
2025-08-31T20:47:07Z,August,8,31,20:47:07,Just Dance,Lady Gaga,The Fame
2025-08-31T20:49:39Z,August,8,31,20:49:39,Know Who You Are,Finn Keane,ELECTRIC
2025-08-31T20:53:20Z,August,8,31,20:53:20,"Girl, so confusing featuring lorde",Charli xcx,Brat and it’s completely different but also still brat
2025-08-31T20:57:33Z,August,8,31,20:57:33,Miss Me - Demo,Lauv,Without You
2025-08-31T21:01:30Z,August,8,31,21:01:30,"I Got It (feat. Brooke Candy, CupcakKe and Pabllo Vittar)",Charli xcx,Pop 2
2025-08-31T21:05:11Z,August,8,31,21:05:11,Roll with Me,Charli xcx,Number 1 Angel
2025-08-31T21:09:51Z,August,8,31,21:09:51,xXXi_wud_nvrstøp_ÜXXx (Remix) [feat. Tommy Cash & Hannah Diamond],100 gecs,1000 gecs and The Tree of Clues
2025-08-31T21:12:33Z,August,8,31,21:12:33,Sorry if I Hurt You,Charli xcx,CRASH
2025-08-31T21:15:53Z,August,8,31,21:15:53,Team,Lorde,Pure Heroine
2025-08-31T21:18:47Z,August,8,31,21:18:47,Talk talk featuring troye sivan,Charli xcx,Brat and it’s completely different but also still brat
2025-08-31T21:21:24Z,August,8,31,21:21:24,Apple featuring the japanese house,Charli xcx,Brat and it’s completely different but also still brat
2025-08-31T21:23:51Z,August,8,31,21:23:51,Love Ya Leave Ya,Kim Petras,Problématique
2025-08-31T21:27:41Z,August,8,31,21:27:41,Ponyboy,SOPHIE,OIL OF EVERY PEARL'S UN-INSIDES
2025-08-31T21:37:58Z,August,8,31,21:37:58,pretty isn’t pretty,Olivia Rodrigo,GUTS
2025-08-31T21:41:45Z,August,8,31,21:41:45,Ponyboy,SOPHIE,OIL OF EVERY PEARL'S UN-INSIDES
2025-08-31T21:44:17Z,August,8,31,21:44:17,New York,Addison Rae,Addison
2025-08-31T21:44:49Z,August,8,31,21:44:49,Diet Pepsi,Addison Rae,Addison
2025-08-31T21:46:50Z,August,8,31,21:46:50,Money is Everything,Addison Rae,Addison
2025-08-31T21:50:00Z,August,8,31,21:50:00,Roll the Dice,Toro Oro,Roll the Dice
2025-08-31T21:54:26Z,August,8,31,21:54:26,Lipgloss (feat. CupcakKe),Charli xcx,Number 1 Angel
2025-08-31T21:58:22Z,August,8,31,21:58:22,Misery Business,Paramore,Riot!
2025-08-31T21:59:26Z,August,8,31,21:59:26,Be a Body,Grimes,Visions
2025-08-31T22:02:14Z,August,8,31,22:02:14,Dang,Caroline Polachek,"Desire, I Want To Turn Into You: Everasking Edition"
2025-08-31T22:06:17Z,August,8,31,22:06:17,Hold It Against Me,Britney Spears,Femme Fatale (Deluxe Version)
2025-08-31T22:25:55Z,August,8,31,22:25:55,Nasty Girl,The Greatest Hit Squad,Sexual Smash Hit Party Music
2025-08-31T22:30:59Z,August,8,31,22:30:59,Nasty Girl,Inaya Day,Nasty Girl
2025-08-31T22:41:19Z,August,8,31,22:41:19,"Nasty Girl [In the Style of ""Vanity 6""]",Done Again,Vanity 6 - Nasty Girl (Reproduction)
2025-08-31T22:44:32Z,August,8,31,22:44:32,Ponyboy,SOPHIE,OIL OF EVERY PEARL'S UN-INSIDES
2025-08-31T22:50:36Z,August,8,31,22:50:36,OOH,SOPHIE,OOH
2025-08-31T22:55:27Z,August,8,31,22:55:27,Harajuku Girls,Gwen Stefani,Love. Angel. Music. Baby.
2025-08-31T23:05:57Z,August,8,31,23:05:57,What You Waiting For?,Gwen Stefani,Love. Angel. Music. Baby.
2025-08-31T23:09:07Z,August,8,31,23:09:07,Wind It Up,Gwen Stefani,The Sweet Escape
2025-08-31T23:18:55Z,August,8,31,23:18:55,Yummy,Gwen Stefani,The Sweet Escape
2025-08-31T23:22:52Z,August,8,31,23:22:52,Rich Girl,Gwen Stefani,Love. Angel. Music. Baby.
2025-09-01T21:21:44Z,September,9,1,21:21:44,Heaven,Shygirl,Nymph
2025-09-01T21:24:30Z,September,9,1,21:24:30,Go,ADÉLA,The Provocateur
2025-09-01T21:28:13Z,September,9,1,21:28:13,If She Could See Me Now,Lorde,Virgin
2025-09-01T21:31:45Z,September,9,1,21:31:45,Image,Magdalena Bay,Imaginal Disk
2025-09-01T21:36:13Z,September,9,1,21:36:13,Constant Repeat,Charli xcx,CRASH
2025-09-01T21:38:49Z,September,9,1,21:38:49,How Can I Not Know What I Need Right Now,Charli xcx,CRASH
2025-09-01T22:14:41Z,September,9,1,22:14:41,Baby,Charli xcx,CRASH
2025-09-01T22:20:17Z,September,9,1,22:20:17,Reason Why (feat. Kim Petras and BC Kingdom),SOPHIE,Reason Why (feat. Kim Petras and BC Kingdom)
2025-09-01T22:25:20Z,September,9,1,22:25:20,Fame is a Gun,Addison Rae,Fame is a Gun
2025-09-01T22:28:27Z,September,9,1,22:28:27,Sola,Arca,Puta / Sola
2025-09-01T23:29:02Z,September,9,1,23:29:02,Thinking Of You,Katy Perry,One Of The Boys
2025-09-01T23:33:56Z,September,9,1,23:33:56,Go,ADÉLA,The Provocateur
2025-09-01T23:36:57Z,September,9,1,23:36:57,You Said You Were Sorry,Selena Gomez,I Said I Love You First
2025-09-01T23:41:18Z,September,9,1,23:41:18,Perfectly,FKA twigs,Perfectly
2025-09-01T23:46:01Z,September,9,1,23:46:01,Nasty Girl,The Greatest Hit Squad,Sexual Smash Hit Party Music
2025-09-01T23:48:52Z,September,9,1,23:48:52,Heaven,Shygirl,Nymph
2025-09-02T20:30:54Z,September,9,2,20:30:54,Go,ADÉLA,The Provocateur
2025-09-02T20:35:22Z,September,9,2,20:35:22,Thinking Of You,Katy Perry,One Of The Boys
2025-09-02T20:39:16Z,September,9,2,20:39:16,Amber,311,Greatest Hits '93 - '03
2025-09-02T22:25:21Z,September,9,2,22:25:21,Heaven,Shygirl,Nymph
2025-09-02T22:29:18Z,September,9,2,22:29:18,Go,ADÉLA,The Provocateur
2025-09-02T22:33:18Z,September,9,2,22:33:18,Homemade Dynamite,Lorde,Melodrama
2025-09-02T23:10:31Z,September,9,2,23:10:31,Crush,Ethel Cain,Inbred
2025-09-02T23:12:51Z,September,9,2,23:12:51,Crush,Ethel Cain,Inbred
2025-09-02T23:14:01Z,September,9,2,23:14:01,i'm so gone,Tate McRae,i used to think i could fly
2025-09-02T23:18:03Z,September,9,2,23:18:03,10:36,beabadoobee,Beatopia
2025-09-02T23:22:41Z,September,9,2,23:22:41,Paper Gangsta,Lady Gaga,The Fame
2025-09-02T23:25:23Z,September,9,2,23:25:23,crush,2hollis,boy
2025-09-02T23:29:06Z,September,9,2,23:29:06,STUD,Troye Sivan,In A Dream
2025-09-02T23:36:11Z,September,9,2,23:36:11,guilty conscience,Tate McRae,THINK LATER
2025-09-02T23:41:12Z,September,9,2,23:41:12,Superscar,ADÉLA,The Provocateur
2025-09-02T23:43:59Z,September,9,2,23:43:59,SexOnTheBeat,ADÉLA,The Provocateur
2025-09-02T23:46:36Z,September,9,2,23:46:36,MachineGirl,ADÉLA,The Provocateur
2025-09-02T23:49:30Z,September,9,2,23:49:30,Homewrecked,ADÉLA,The Provocateur
2025-09-02T23:52:16Z,September,9,2,23:52:16,Go,ADÉLA,The Provocateur
2025-09-02T23:55:17Z,September,9,2,23:55:17,Heaven,Shygirl,Nymph
2025-09-02T23:57:50Z,September,9,2,23:57:50,MEXE,Pabllo Vittar,MEXE
2025-09-03T00:01:37Z,September,9,3,00:01:37,Falling,Frost Children,WHAT IS FOREVER FOR
2025-09-03T00:05:02Z,September,9,3,00:05:02,Hammer,Lorde,Virgin
2025-09-03T00:08:51Z,September,9,3,00:08:51,What Was That,Lorde,Virgin
2025-09-03T00:12:06Z,September,9,3,00:12:06,Broken Glass,Lorde,Virgin
2025-09-03T00:18:26Z,September,9,3,00:18:26,Favourite Daughter,Lorde,Virgin
2025-09-03T00:22:43Z,September,9,3,00:22:43,Shapeshifter,Lorde,Virgin
2025-09-03T00:24:40Z,September,9,3,00:24:40,Clearblue,Lorde,Virgin
2025-09-03T00:28:48Z,September,9,3,00:28:48,ict,Oklou,choke enough
2025-09-03T00:30:28Z,September,9,3,00:30:28,I Want That,i-dle,HEAT
2025-09-03T00:57:24Z,September,9,3,00:57:24,sister,2hollis,boy
2025-09-03T01:28:01Z,September,9,3,01:28:01,sister,2hollis,boy
2025-09-03T01:31:11Z,September,9,3,01:31:11,My Dilemma,Selena Gomez & The Scene,When The Sun Goes Down
2025-09-03T01:35:22Z,September,9,3,01:35:22,Choke,Toro Oro,Choke
2025-09-03T01:44:57Z,September,9,3,01:44:57,Warm (feat. HAIM),Charli xcx,Charli
2025-09-03T01:49:05Z,September,9,3,01:49:05,The Steps,HAIM,Women In Music Pt. III
2025-09-03T01:52:39Z,September,9,3,01:52:39,"1,2,3 dayz up",Kim Petras,"1,2,3 dayz up"
2025-09-03T01:56:32Z,September,9,3,01:56:32,Unlock it (Lock It) - feat. Kim Petras and Jay Park,Charli xcx,Pop 2
2025-09-03T01:57:40Z,September,9,3,01:57:40,Know Who You Are,Finn Keane,ELECTRIC
2025-09-03T02:00:27Z,September,9,3,02:00:27,Know Who You Are,Finn Keane,ELECTRIC
2025-09-03T02:04:24Z,September,9,3,02:04:24,Easy,Troye Sivan,In A Dream
2025-09-03T15:35:06Z,September,9,3,15:35:06,Yeah Right,Vince Staples,Big Fish Theory
2025-09-03T17:35:26Z,September,9,3,17:35:26,Nasty Girl,The Greatest Hit Squad,Sexual Smash Hit Party Music
2025-09-03T17:37:45Z,September,9,3,17:37:45,Heaven (feat. Tinashe),Shygirl,Heaven (feat. Tinashe)
2025-09-03T21:37:17Z,September,9,3,21:37:17,Milkshake,Kelis,The Hits
2025-09-03T21:38:49Z,September,9,3,21:38:49,Intro,Kelis,Tasty
2025-09-03T21:42:15Z,September,9,3,21:42:15,Trick Me - Club Mix,Kelis,Tasty
2025-09-03T21:45:17Z,September,9,3,21:45:17,Milkshake - Radio Mix,Kelis,Tasty
2025-09-03T21:49:44Z,September,9,3,21:49:44,Milkshake - Radio Mix,Kelis,Tasty
2025-09-03T21:52:44Z,September,9,3,21:52:44,Look At You,Blood Orange,Essex Honey
2025-09-03T21:56:18Z,September,9,3,21:56:18,Thinking Clean,Blood Orange,Essex Honey
2025-09-03T21:57:36Z,September,9,3,21:57:36,Somewhere in Between,Blood Orange,Essex Honey
2025-09-03T22:00:25Z,September,9,3,22:00:25,The Train (King's Cross) (feat. Caroline Polachek),Blood Orange,Essex Honey
2025-09-03T23:48:05Z,September,9,3,23:48:05,Imagining,Rina Sawayama,Hold The Girl
2025-09-04T21:39:27Z,September,9,4,21:39:27,Shapeshifter,Lorde,Virgin
2025-09-04T21:41:25Z,September,9,4,21:41:25,Clearblue,Lorde,Virgin
2025-09-04T21:44:39Z,September,9,4,21:44:39,Broken Glass,Lorde,Virgin
2025-09-04T21:47:42Z,September,9,4,21:47:42,Milkshake,Kelis,The Hits
2025-09-04T21:51:04Z,September,9,4,21:51:04,Welcome To My Island - George Daniel & Charli XCX Remix,Caroline Polachek,Welcome To My Island
2025-09-04T21:56:02Z,September,9,4,21:56:02,Delicious (feat. Tommy Cash),Charli xcx,Pop 2
2025-09-04T22:09:32Z,September,9,4,22:09:32,Headphones On,Addison Rae,Addison
2025-09-04T22:12:05Z,September,9,4,22:12:05,New York,Addison Rae,Addison
2025-09-04T22:17:03Z,September,9,4,22:17:03,xXXi_wud_nvrstøp_ÜXXx (Remix) [feat. Tommy Cash & Hannah Diamond],100 gecs,1000 gecs and The Tree of Clues
2025-09-04T22:20:54Z,September,9,4,22:20:54,OOH,SOPHIE,OOH
2025-09-04T22:24:12Z,September,9,4,22:24:12,LEMONHEAD (feat. JDM Global),Kim Tee,LEMONHEAD (feat. JDM Global)
2025-09-04T22:29:57Z,September,9,4,22:29:57,choke enough (jamesjamesjames remix),Oklou,choke enough (remixes)
2025-09-04T22:34:59Z,September,9,4,22:34:59,Frail State Of Mind,The 1975,Notes On A Conditional Form
2025-09-04T22:39:13Z,September,9,4,22:39:13,Yeah I Know,The 1975,Notes On A Conditional Form
2025-09-04T22:43:44Z,September,9,4,22:43:44,Times Like These,Addison Rae,Addison
2025-09-04T22:44:41Z,September,9,4,22:44:41,Life's No Fun Through Clear Waters,Addison Rae,Addison
2025-09-05T04:14:03Z,September,9,5,04:14:03,Broken Glass,Lorde,Virgin
2025-09-05T19:14:19Z,September,9,5,19:14:19,I Belong In Your Arms - Japanese Version,Chairlift,Chairlift at 6:15
2025-09-05T19:17:22Z,September,9,5,19:17:22,Milkshake,Kelis,The Hits
2025-09-05T19:19:41Z,September,9,5,19:19:41,Heaven (feat. Tinashe),Shygirl,Heaven (feat. Tinashe)
2025-09-05T19:25:12Z,September,9,5,19:25:12,Drop That Kitty (feat. Charli XCX & Tinashe),Ty Dolla $ign,Drop That Kitty (feat. Charli XCX & Tinashe)
2025-09-05T19:30:13Z,September,9,5,19:30:13,Amanaemonesia,Chairlift,Something
2025-09-06T01:24:07Z,September,9,6,01:24:07,I Belong In Your Arms,Chairlift,Something
2025-09-06T01:27:05Z,September,9,6,01:27:05,Moth to the Flame,Chairlift,Moth
2025-09-06T01:35:36Z,September,9,6,01:35:36,Image,Magdalena Bay,Imaginal Disk
2025-09-06T01:39:07Z,September,9,6,01:39:07,OOH,SOPHIE,OOH
2025-09-06T01:42:34Z,September,9,6,01:42:34,Yeah Right,Vince Staples,Big Fish Theory
2025-09-06T01:47:25Z,September,9,6,01:47:25,Harajuku Girls,Gwen Stefani,Love. Angel. Music. Baby.
2025-09-06T01:50:29Z,September,9,6,01:50:29,Fame is a Gun,Addison Rae,Fame is a Gun
2025-09-06T01:53:16Z,September,9,6,01:53:16,2 die 4 (feat. Charli XCX),Addison Rae,AR
2025-09-06T01:57:11Z,September,9,6,01:57:11,Lipgloss (feat. CupcakKe),Charli xcx,Number 1 Angel
2025-09-06T02:00:52Z,September,9,6,02:00:52,Take over Control (feat. Eva Simons),AFROJACK,Take over Control (feat. Eva Simons)
2025-09-06T02:05:27Z,September,9,6,02:05:27,Gimme More,Britney Spears,Blackout
2025-09-06T02:08:59Z,September,9,6,02:08:59,Piece of Me,Britney Spears,Blackout
2025-09-06T02:13:00Z,September,9,6,02:13:00,Get Back,Britney Spears,Blackout
2025-09-06T02:16:08Z,September,9,6,02:16:08,Milkshake,Kelis,The Hits
2025-09-06T03:09:36Z,September,9,6,03:09:36,La Tortura (feat. Alejandro Sanz),Shakira,Fijación Oral Volumen 1
2025-09-06T03:12:47Z,September,9,6,03:12:47,Heaven,Shygirl,Nymph
2025-09-06T03:15:33Z,September,9,6,03:15:33,Go,ADÉLA,The Provocateur
2025-09-06T03:18:20Z,September,9,6,03:18:20,SexOnTheBeat,ADÉLA,The Provocateur
2025-09-06T03:21:09Z,September,9,6,03:21:09,Jump (m-flo Remix),f5ve,Jump (m-flo Remix)
2025-09-06T03:26:00Z,September,9,6,03:26:00,Whip It,Nicki Minaj,Pink Friday ... Roman Reloaded
2025-09-06T03:28:55Z,September,9,6,03:28:55,Rakata,Arca,KICK ii
2025-09-06T03:32:00Z,September,9,6,03:32:00,Freak It,Kim Petras,Freak It
2025-09-06T03:35:27Z,September,9,6,03:35:27,White cat,Yves,White cat
2025-09-06T03:39:08Z,September,9,6,03:39:08,Take over Control (feat. Eva Simons),AFROJACK,Take over Control (feat. Eva Simons)
2025-09-06T03:41:40Z,September,9,6,03:41:40,OOH,SOPHIE,OOH
2025-09-06T03:44:13Z,September,9,6,03:44:13,New York,Addison Rae,Addison
2025-09-06T03:47:51Z,September,9,6,03:47:51,I'm Not Alone - 2009 Remaster,Calvin Harris,I'm Not Alone 2019
2025-09-06T03:49:56Z,September,9,6,03:49:56,you'll come back,jigitz,don't come back
2025-09-06T03:52:24Z,September,9,6,03:52:24,Don't Lie,The Chainsmokers,Don't Lie
2025-09-06T18:36:03Z,September,9,6,18:36:03,gossip,Confidence Man,gossip
2025-09-06T20:19:51Z,September,9,6,20:19:51,Bitch I'm Madonna,Madonna,Rebel Heart
2025-09-06T20:24:35Z,September,9,6,20:24:35,Living For Love,Madonna,Rebel Heart
2025-09-08T14:18:51Z,September,9,8,14:18:51,Physical Attraction,Madonna,Madonna
2025-09-08T20:51:17Z,September,9,8,20:51:17,A New Kind Of Love - Demo,Frou Frou,A New Kind Of Love
2025-09-08T20:58:22Z,September,9,8,20:58:22,Hide and Seek,Imogen Heap,Speak for Yourself
2025-09-08T21:02:14Z,September,9,8,21:02:14,Goodnight and Go,Imogen Heap,Speak for Yourself
2025-09-08T21:12:40Z,September,9,8,21:12:40,blade bird,Oklou,choke enough
2025-09-08T21:15:22Z,September,9,8,21:15:22,Souvenir,Selena Gomez,Rare
2025-09-08T21:19:28Z,September,9,8,21:19:28,I Know Alone,HAIM,Women In Music Pt. III
2025-09-08T21:24:03Z,September,9,8,21:24:03,Angel,Omar Apollo,Live For Me
2025-09-08T21:28:45Z,September,9,8,21:28:45,I Believe,Caroline Polachek,"Desire, I Want To Turn Into You"
2025-09-08T21:40:46Z,September,9,8,21:40:46,I Belong In Your Arms - Japanese Version,Chairlift,Chairlift at 6:15
2025-09-08T21:44:27Z,September,9,8,21:44:27,I Belong In Your Arms - Japanese Version,Chairlift,Chairlift at 6:15
2025-09-08T21:47:54Z,September,9,8,21:47:54,ride the dragon,FKA twigs,CAPRISONGS
2025-09-09T20:32:08Z,September,9,9,20:32:08,honda (feat. pa salieu),FKA twigs,CAPRISONGS
2025-09-09T20:35:40Z,September,9,9,20:35:40,ride the dragon,FKA twigs,CAPRISONGS
2025-09-09T20:40:05Z,September,9,9,20:40:05,meta angel,FKA twigs,CAPRISONGS
2025-09-09T20:43:22Z,September,9,9,20:43:22,tears in the club (feat. the weeknd),FKA twigs,CAPRISONGS
2025-09-09T21:18:08Z,September,9,9,21:18:08,ride the dragon,FKA twigs,CAPRISONGS
2025-09-09T21:18:56Z,September,9,9,21:18:56,ride the dragon,FKA twigs,CAPRISONGS
2025-09-09T21:22:45Z,September,9,9,21:22:45,oh my love,FKA twigs,CAPRISONGS
2025-09-09T21:26:37Z,September,9,9,21:26:37,Perfectly,FKA twigs,Perfectly
2025-09-09T21:29:29Z,September,9,9,21:29:29,take me by the hand,Oklou,choke enough
2025-09-09T21:49:11Z,September,9,9,21:49:11,ride the dragon,FKA twigs,CAPRISONGS
2025-09-09T21:51:01Z,September,9,9,21:51:01,pamplemousse,FKA twigs,CAPRISONGS
2025-09-09T21:54:59Z,September,9,9,21:54:59,lightbeamers,FKA twigs,CAPRISONGS
2025-09-09T21:58:39Z,September,9,9,21:58:39,papi bones (feat. shygirl),FKA twigs,CAPRISONGS
2025-09-09T22:00:41Z,September,9,9,22:00:41,which way (feat. dystopia),FKA twigs,CAPRISONGS
2025-09-09T22:03:21Z,September,9,9,22:03:21,jealousy (feat. rema),FKA twigs,CAPRISONGS
2025-09-10T01:21:19Z,September,9,10,01:21:19,Heaven,Shygirl,Nymph
2025-09-10T01:43:37Z,September,9,10,01:43:37,careless (feat. daniel caesar),FKA twigs,CAPRISONGS
2025-09-10T16:35:55Z,September,9,10,16:35:55,ride the dragon,FKA twigs,CAPRISONGS
2025-09-10T16:39:20Z,September,9,10,16:39:20,tears in the club (feat. the weeknd),FKA twigs,CAPRISONGS
2025-09-10T16:40:59Z,September,9,10,16:40:59,pamplemousse,FKA twigs,CAPRISONGS
2025-09-10T16:45:03Z,September,9,10,16:45:03,papi bones (feat. shygirl),FKA twigs,CAPRISONGS
2025-09-10T16:47:05Z,September,9,10,16:47:05,which way (feat. dystopia),FKA twigs,CAPRISONGS
2025-09-10T17:46:31Z,September,9,10,17:46:31,jealousy (feat. rema),FKA twigs,CAPRISONGS
2025-09-10T17:49:39Z,September,9,10,17:49:39,ride the dragon,FKA twigs,CAPRISONGS
2025-09-10T17:52:56Z,September,9,10,17:52:56,Whip It,Nicki Minaj,Pink Friday ... Roman Reloaded
2025-09-10T18:45:22Z,September,9,10,18:45:22,I Belong In Your Arms - Japanese Version,Chairlift,Chairlift at 6:15
2025-09-10T18:49:49Z,September,9,10,18:49:49,Watching T.V.,Magdalena Bay,Imaginal Disk
2025-09-10T18:53:03Z,September,9,10,18:53:03,take me by the hand,Oklou,choke enough
2025-09-10T18:54:49Z,September,9,10,18:54:49,plague dogs,Oklou,choke enough
2025-09-10T18:55:53Z,September,9,10,18:55:53,forces,Oklou,choke enough
2025-09-10T18:59:59Z,September,9,10,18:59:59,harvest sky,Oklou,choke enough
2025-09-10T20:13:47Z,September,9,10,20:13:47,want to wanna come back,Oklou,choke enough
2025-09-10T20:16:57Z,September,9,10,20:16:57,want to wanna come back,Oklou,choke enough
2025-09-10T20:20:36Z,September,9,10,20:20:36,blade bird,Oklou,choke enough
2025-09-10T20:24:13Z,September,9,10,20:24:13,endless,Oklou,choke enough
2025-09-10T20:27:10Z,September,9,10,20:27:10,thank you for recording,Oklou,choke enough
2025-09-10T20:30:07Z,September,9,10,20:30:07,family and friends,Oklou,choke enough
2025-09-10T20:32:22Z,September,9,10,20:32:22,obvious,Oklou,choke enough
2025-09-10T20:35:51Z,September,9,10,20:35:51,ict,Oklou,choke enough
2025-09-10T21:42:56Z,September,9,10,21:42:56,choke enough,Oklou,choke enough
2025-09-10T21:46:03Z,September,9,10,21:46:03,take me by the hand,Oklou,choke enough
2025-09-10T21:49:03Z,September,9,10,21:49:03,want to wanna come back,Oklou,choke enough
2025-09-10T21:56:28Z,September,9,10,21:56:28,take me by the hand,Oklou,choke enough
2025-09-10T21:59:50Z,September,9,10,21:59:50,blade bird,Oklou,choke enough
2025-09-10T22:02:32Z,September,9,10,22:02:32,HENTAI,ROSALÍA,MOTOMAMI
2025-09-10T22:05:11Z,September,9,10,22:05:11,OOH,SOPHIE,OOH
2025-09-10T22:08:25Z,September,9,10,22:08:25,Hammer,Lorde,Virgin
2025-09-10T22:14:30Z,September,9,10,22:14:30,Shapeshifter,Lorde,Virgin
2025-09-10T22:17:44Z,September,9,10,22:17:44,Broken Glass,Lorde,Virgin
2025-09-10T22:39:32Z,September,9,10,22:39:32,take me by the hand,Oklou,choke enough
2025-09-10T22:43:01Z,September,9,10,22:43:01,ict,Oklou,choke enough
2025-09-10T22:47:06Z,September,9,10,22:47:06,harvest sky,Oklou,choke enough
2025-09-10T22:53:23Z,September,9,10,22:53:23,GO!,CORTIS,COLOR OUTSIDE THE LINES
2025-09-10T23:00:37Z,September,9,10,23:00:37,What You Want,CORTIS,What You Want
2025-09-10T23:03:29Z,September,9,10,23:03:29,What You Want,CORTIS,What You Want
2025-09-10T23:06:24Z,September,9,10,23:06:24,FaSHioN,CORTIS,COLOR OUTSIDE THE LINES
2025-09-10T23:09:16Z,September,9,10,23:09:16,take me by the hand,Oklou,choke enough
2025-09-10T23:13:11Z,September,9,10,23:13:11,harvest sky,Oklou,choke enough
2025-09-10T23:16:14Z,September,9,10,23:16:14,Fame is a Gun,Addison Rae,Fame is a Gun
2025-09-10T23:19:08Z,September,9,10,23:19:08,Go,ADÉLA,The Provocateur
2025-09-10T23:23:27Z,September,9,10,23:23:27,A New Kind Of Love - Demo,Frou Frou,A New Kind Of Love
2025-09-10T23:25:54Z,September,9,10,23:25:54,crush,2hollis,boy
2025-09-10T23:28:01Z,September,9,10,23:28:01,2 die 4 (feat. Charli XCX),Addison Rae,AR
2025-09-10T23:41:07Z,September,9,10,23:41:07,Reckless,Genevieve Hannelius,Reckless
2025-09-11T00:20:57Z,September,9,11,00:20:57,Take over Control (feat. Eva Simons),AFROJACK,Take over Control (feat. Eva Simons)
2025-09-11T00:22:56Z,September,9,11,00:22:56,Take over Control (feat. Eva Simons),AFROJACK,Take over Control (feat. Eva Simons)
2025-09-11T00:25:48Z,September,9,11,00:25:48,True Religion,Shygirl,True Religion
2025-09-11T00:29:40Z,September,9,11,00:29:40,Goodnight and Go,Imogen Heap,Speak for Yourself
2025-09-11T00:34:24Z,September,9,11,00:34:24,Hide and Seek,Imogen Heap,Speak for Yourself
2025-09-11T00:37:10Z,September,9,11,00:37:10,Dang,Caroline Polachek,"Desire, I Want To Turn Into You: Everasking Edition"
2025-09-11T00:40:29Z,September,9,11,00:40:29,Current Affairs,Lorde,Virgin
2025-09-11T00:43:57Z,September,9,11,00:43:57,ict,Oklou,choke enough
2025-09-11T00:47:55Z,September,9,11,00:47:55,Times Like These,Addison Rae,Addison
2025-09-11T00:51:35Z,September,9,11,00:51:35,detonate,Charli xcx,how i'm feeling now
2025-09-11T00:54:25Z,September,9,11,00:54:25,Diet Pepsi,Addison Rae,Addison
2025-09-11T20:41:58Z,September,9,11,20:41:58,take me by the hand,Oklou,choke enough
2025-09-11T20:55:00Z,September,9,11,20:55:00,visions,Charli xcx,how i'm feeling now
2025-09-11T20:57:46Z,September,9,11,20:57:46,take me by the hand,Oklou,choke enough
2025-09-11T21:02:00Z,September,9,11,21:02:00,want to wanna come back,Oklou,choke enough
2025-09-11T21:05:09Z,September,9,11,21:05:09,ride the dragon,FKA twigs,CAPRISONGS
2025-09-11T21:08:34Z,September,9,11,21:08:34,I think about it all the time,Charli xcx,BRAT
2025-09-11T21:29:00Z,September,9,11,21:29:00,Fame is a Gun,Addison Rae,Addison
2025-09-11T21:31:48Z,September,9,11,21:31:48,Go,ADÉLA,The Provocateur
2025-09-11T21:34:35Z,September,9,11,21:34:35,SexOnTheBeat,ADÉLA,The Provocateur
2025-09-11T21:39:26Z,September,9,11,21:39:26,xXXi_wud_nvrstøp_ÜXXx (Remix) [feat. Tommy Cash & Hannah Diamond],100 gecs,1000 gecs and The Tree of Clues
2025-09-11T21:50:09Z,September,9,11,21:50:09,take me by the hand,Oklou,choke enough
2025-09-11T21:54:03Z,September,9,11,21:54:03,harvest sky,Oklou,choke enough
2025-09-11T21:57:32Z,September,9,11,21:57:32,ict,Oklou,choke enough
2025-09-11T22:02:03Z,September,9,11,22:02:03,Candy Man,Mary Jane Girls,Mary Jane Girls
2025-09-11T22:15:58Z,September,9,11,22:15:58,take me by the hand,Oklou,choke enough
2025-09-11T22:18:43Z,September,9,11,22:18:43,avatar,xo,avatar / anima
2025-09-11T22:32:01Z,September,9,11,22:32:01,Archetype,Omar Apollo,Ivory
2025-09-12T04:54:18Z,September,9,12,04:54:18,Cologne,beabadoobee,Our Extended Play
2025-09-12T04:57:19Z,September,9,12,04:57:19,Bandit,Daya,Bandit
2025-09-12T05:01:05Z,September,9,12,05:01:05,RADIO (feat. Kim Petras),Frost Children,SISTER
2025-09-12T05:03:26Z,September,9,12,05:03:26,AVOCADO (feat. Gliiico),CHAEYOUNG,LIL FANTASY vol.1
2025-09-12T05:05:52Z,September,9,12,05:05:52,BAND-AID,CHAEYOUNG,LIL FANTASY vol.1
2025-09-12T05:08:40Z,September,9,12,05:08:40,SHOOT (Firecracker),CHAEYOUNG,LIL FANTASY vol.1
2025-09-12T05:11:18Z,September,9,12,05:11:18,GIRL,CHAEYOUNG,LIL FANTASY vol.1
2025-09-12T05:13:55Z,September,9,12,05:13:55,"RIBBONS (feat. SUMIN, Jibin of Y2K92)",CHAEYOUNG,LIL FANTASY vol.1
2025-09-12T05:15:44Z,September,9,12,05:15:44,DOWNPOUR (feat. Gliiico),CHAEYOUNG,LIL FANTASY vol.1
2025-09-12T05:17:16Z,September,9,12,05:17:16,BF,CHAEYOUNG,LIL FANTASY vol.1
2025-09-12T05:19:44Z,September,9,12,05:19:44,그림자놀이,CHAEYOUNG,LIL FANTASY vol.1
2025-09-12T05:22:08Z,September,9,12,05:22:08,내 기타,CHAEYOUNG,LIL FANTASY vol.1
2025-09-12T05:29:43Z,September,9,12,05:29:43,Is Anybody Out There?,Allie X,Is Anybody Out There?
2025-09-12T06:02:50Z,September,9,12,06:02:50,MOONLIGHT SUNRISE,TWICE,READY TO BE
2025-09-12T06:09:00Z,September,9,12,06:09:00,choke enough (jamesjamesjames remix),Oklou,choke enough (remixes)
2025-09-12T06:12:48Z,September,9,12,06:12:48,I Really Like You,Carly Rae Jepsen,Emotion
2025-09-12T06:16:47Z,September,9,12,06:16:47,Immaterial,SOPHIE,OIL OF EVERY PEARL'S UN-INSIDES
2025-09-12T06:20:06Z,September,9,12,06:20:06,Got Me Started,Troye Sivan,Something To Give Each Other
2025-09-12T06:23:06Z,September,9,12,06:23:06,Know Who You Are,Finn Keane,ELECTRIC
2025-09-12T06:25:57Z,September,9,12,06:25:57,Chill,LISA,Alter Ego
2025-09-12T06:29:47Z,September,9,12,06:29:47,Radar,Britney Spears,Blackout
2025-09-12T06:33:02Z,September,9,12,06:33:02,I LUV IT (feat. Playboi Carti),Camila Cabello,"C,XOXO"
2025-09-12T06:35:45Z,September,9,12,06:35:45,Aquamarine,Addison Rae,Aquamarine
2025-09-12T06:39:52Z,September,9,12,06:39:52,Gone,Charli xcx,Charli
2025-09-12T06:43:35Z,September,9,12,06:43:35,Butterflies,NAYEON,NA
2025-09-12T06:47:09Z,September,9,12,06:47:09,Laplander,Finn Keane,Deep Trouble
2025-09-12T06:50:04Z,September,9,12,06:50:04,"Girl, so confusing",Charli xcx,BRAT
2025-09-12T20:12:50Z,September,9,12,20:12:50,RADIO (feat. Kim Petras),Frost Children,SISTER
2025-09-12T20:15:37Z,September,9,12,20:15:37,want to wanna come back,Oklou,choke enough
2025-09-12T20:45:09Z,September,9,12,20:45:09,Lucky,Charli xcx,Pop 2
2025-09-12T20:49:23Z,September,9,12,20:49:23,Tears (feat. Caroline Polachek),Charli xcx,Pop 2
2025-09-12T20:53:15Z,September,9,12,20:53:15,"I Got It (feat. Brooke Candy, CupcakKe and Pabllo Vittar)",Charli xcx,Pop 2
2025-09-12T20:56:53Z,September,9,12,20:56:53,Femmebot (feat. Dorian Electra and Mykki Blanco),Charli xcx,Pop 2
2025-09-12T21:01:26Z,September,9,12,21:01:26,Delicious (feat. Tommy Cash),Charli xcx,Pop 2
2025-09-12T21:06:32Z,September,9,12,21:06:32,Unlock it (Lock It) - feat. Kim Petras and Jay Park,Charli xcx,Pop 2
2025-09-12T21:09:59Z,September,9,12,21:09:59,Porsche (feat. MØ),Charli xcx,Pop 2
2025-09-12T21:15:26Z,September,9,12,21:15:26,Track 10,Charli xcx,Pop 2
2025-09-12T21:19:24Z,September,9,12,21:19:24,Backseat (feat. Carly Rae Jepsen),Charli xcx,Pop 2
2025-09-12T21:23:20Z,September,9,12,21:23:20,Out of My Head (feat. Tove Lo and ALMA),Charli xcx,Pop 2
2025-09-12T21:27:25Z,September,9,12,21:27:25,Lucky,Charli xcx,Pop 2
2025-09-12T21:48:07Z,September,9,12,21:48:07,"I Got It (feat. Brooke Candy, CupcakKe and Pabllo Vittar)",Charli xcx,Pop 2
2025-09-12T21:52:34Z,September,9,12,21:52:34,A New Kind Of Love - Demo,Frou Frou,A New Kind Of Love
2025-09-12T21:58:34Z,September,9,12,21:58:34,Hide and Seek,Imogen Heap,Speak for Yourself
2025-09-12T22:02:20Z,September,9,12,22:02:20,I Know Alone,HAIM,Women In Music Pt. III
2025-09-12T22:07:25Z,September,9,12,22:07:25,The Steps,HAIM,Women In Music Pt. III
2025-09-12T22:10:18Z,September,9,12,22:10:18,Sympathy is a knife,Charli xcx,BRAT
2025-09-12T22:14:47Z,September,9,12,22:14:47,I think about it all the time,Charli xcx,BRAT
2025-09-12T22:17:42Z,September,9,12,22:17:42,Diet Pepsi,Addison Rae,Aquamarine
2025-09-12T22:21:41Z,September,9,12,22:21:41,What Was That,Lorde,Virgin
2025-09-12T22:26:16Z,September,9,12,22:26:16,Know Who You Are,Finn Keane,ELECTRIC
2025-09-12T23:09:47Z,September,9,12,23:09:47,Money is Everything,Addison Rae,Addison
2025-09-13T02:03:06Z,September,9,13,02:03:06,RADIO (feat. Kim Petras),Frost Children,SISTER
2025-09-13T02:05:13Z,September,9,13,02:05:13,Money is Everything,Addison Rae,Addison
2025-09-13T02:11:32Z,September,9,13,02:11:32,Unlock it (Lock It) - feat. Kim Petras and Jay Park,Charli xcx,Pop 2
2025-09-13T02:15:24Z,September,9,13,02:15:24,"I Got It (feat. Brooke Candy, CupcakKe and Pabllo Vittar)",Charli xcx,Pop 2
2025-09-13T02:18:15Z,September,9,13,02:18:15,take me by the hand,Oklou,choke enough
2025-09-13T02:20:47Z,September,9,13,02:20:47,Know Who You Are,Finn Keane,ELECTRIC
2025-09-13T02:24:07Z,September,9,13,02:24:07,Roll with Me,Charli xcx,Number 1 Angel
2025-09-13T02:27:29Z,September,9,13,02:27:29,Welcome To My Island - George Daniel & Charli XCX Remix,Caroline Polachek,Welcome To My Island
2025-09-13T02:31:21Z,September,9,13,02:31:21,Welcome To My Island,Caroline Polachek,"Desire, I Want To Turn Into You"
2025-09-13T02:34:35Z,September,9,13,02:34:35,Bunny Is A Rider,Caroline Polachek,"Desire, I Want To Turn Into You"
2025-09-13T02:37:32Z,September,9,13,02:37:32,Club classics,Charli xcx,BRAT
2025-09-13T02:40:55Z,September,9,13,02:40:55,Everything is romantic,Charli xcx,BRAT
2025-09-13T02:46:24Z,September,9,13,02:46:24,Apple,Charli xcx,BRAT
2025-09-13T02:50:17Z,September,9,13,02:50:17,"Girl, so confusing featuring lorde",Charli xcx,"Girl, so confusing featuring lorde"
2025-09-13T02:54:34Z,September,9,13,02:54:34,Shapeshifter,Lorde,Virgin
2025-09-13T02:57:07Z,September,9,13,02:57:07,New York,Addison Rae,Addison
2025-09-13T03:20:02Z,September,9,13,03:20:02,Hammer,Lorde,Virgin
2025-09-13T03:23:29Z,September,9,13,03:23:29,Broken Glass,Lorde,Virgin
2025-09-13T03:31:29Z,September,9,13,03:31:29,take me by the hand,Oklou,choke enough
2025-09-13T03:34:57Z,September,9,13,03:34:57,take me by the hand,Oklou,choke enough
2025-09-13T03:38:40Z,September,9,13,03:38:40,3,Britney Spears,The Singles Collection
2025-09-13T03:41:28Z,September,9,13,03:41:28,Choke,Toro Oro,Choke
2025-09-13T03:44:39Z,September,9,13,03:44:39,Viola,Yves,I Did
2025-09-13T03:48:39Z,September,9,13,03:48:39,Better Off Alone,Alice Deejay,Who Needs Guitars Anyway?
2025-09-13T03:51:53Z,September,9,13,03:51:53,Spinning (with Charli XCX & The 1975),No Rome,Spinning (with Charli XCX & The 1975)
2025-09-13T04:00:59Z,September,9,13,04:00:59,Beg for You (feat. Rina Sawayama),Charli xcx,CRASH
2025-09-13T08:48:35Z,September,9,13,08:48:35,Wait a Minute!,WILLOW,ARDIPITHECUS
2025-09-13T08:52:04Z,September,9,13,08:52:04,I'm a Slave 4 U,Britney Spears,Britney (Digital Deluxe Version)
2025-09-13T08:55:23Z,September,9,13,08:55:23,High Fashion,Addison Rae,High Fashion
2025-09-13T08:58:16Z,September,9,13,08:58:16,Sorry if I Hurt You,Charli xcx,CRASH
2025-09-13T09:02:02Z,September,9,13,09:02:02,Pretty In Possible,Caroline Polachek,"Desire, I Want To Turn Into You"
2025-09-13T09:03:23Z,September,9,13,09:03:23,say it,2hollis,boy
2025-09-13T09:06:31Z,September,9,13,09:06:31,JUMP,BLACKPINK,JUMP
2025-09-13T09:10:23Z,September,9,13,09:10:23,Perfect Places,Lorde,Melodrama
2025-09-13T19:53:58Z,September,9,13,19:53:58,Club classics featuring bb trickz,Charli xcx,Brat and it’s completely different but also still brat
2025-09-13T19:58:38Z,September,9,13,19:58:38,Beg for You (feat. Rina Sawayama) - A. G. Cook & VERNON OF SEVENTEEN Remix,Charli xcx,Beg For You (feat. Rina Sawayama)
2025-09-13T20:01:54Z,September,9,13,20:01:54,Lovesick Girls,BLACKPINK,THE ALBUM
2025-09-13T20:05:34Z,September,9,13,20:05:34,I LUV IT (feat. Playboi Carti),Camila Cabello,"C,XOXO"
2025-09-13T20:09:36Z,September,9,13,20:09:36,RADIO (feat. Kim Petras),Frost Children,SISTER
2025-09-13T20:12:46Z,September,9,13,20:12:46,Zimzalabim,Red Velvet,‘The ReVe Festival’ Finale
2025-09-13T20:15:32Z,September,9,13,20:15:32,DIABLO,ROSALÍA,MOTOMAMI
2025-09-13T20:18:07Z,September,9,13,20:18:07,DELIRIO DE GRANDEZA,ROSALÍA,MOTOMAMI
2025-09-13T20:20:51Z,September,9,13,20:20:51,HENTAI,ROSALÍA,MOTOMAMI
2025-09-13T20:25:33Z,September,9,13,20:25:33,24hr Dog,FKA twigs,EUSEXUA
2025-09-13T20:32:00Z,September,9,13,20:32:00,Know Who You Are,Finn Keane,ELECTRIC
2025-09-13T20:34:49Z,September,9,13,20:34:49,SHOOT (Firecracker),CHAEYOUNG,LIL FANTASY vol.1
2025-09-13T20:38:21Z,September,9,13,20:38:21,California,Lorde,Solar Power
2025-09-13T20:40:23Z,September,9,13,20:40:23,Beautiful,A. G. Cook,"PC Music, Vol. 1"
2025-09-13T20:43:28Z,September,9,13,20:43:28,Knew Better / Forever Boy,Ariana Grande,Dangerous Woman
2025-09-14T04:35:57Z,September,9,14,04:35:57,Smart,LE SSERAFIM,EASY
2025-09-14T04:38:52Z,September,9,14,04:38:52,Smart,LE SSERAFIM,EASY
2025-09-14T04:44:43Z,September,9,14,04:44:43,Ash,LE SSERAFIM,HOT
2025-09-14T04:49:48Z,September,9,14,04:49:48,Gimme More,Britney Spears,Blackout
2025-09-14T04:53:21Z,September,9,14,04:53:21,Piece of Me,Britney Spears,Blackout
2025-09-14T04:57:10Z,September,9,14,04:57:10,Radar,Britney Spears,Blackout
2025-09-14T05:00:26Z,September,9,14,05:00:26,Break the Ice,Britney Spears,Blackout
2025-09-14T05:01:33Z,September,9,14,05:01:33,Heaven On Earth,Britney Spears,Blackout
2025-09-14T05:06:17Z,September,9,14,05:06:17,Get Naked (I Got a Plan),Britney Spears,Blackout
2025-09-14T05:09:12Z,September,9,14,05:09:12,Freakshow,Britney Spears,Blackout
2025-09-14T05:12:59Z,September,9,14,05:12:59,Toy Soldier,Britney Spears,Blackout
2025-09-14T05:16:15Z,September,9,14,05:16:15,Hot as Ice,Britney Spears,Blackout
2025-09-14T05:19:43Z,September,9,14,05:19:43,Ooh Ooh Baby,Britney Spears,Blackout
2025-09-14T05:22:46Z,September,9,14,05:22:46,Perfect Lover,Britney Spears,Blackout
2025-09-14T05:28:26Z,September,9,14,05:28:26,Why Should I Be Sad,Britney Spears,Blackout
2025-09-14T05:32:37Z,September,9,14,05:32:37,Get Back,Britney Spears,Blackout
2025-09-14T05:35:47Z,September,9,14,05:35:47,RADIO (feat. Kim Petras),Frost Children,SISTER
2025-09-14T05:39:21Z,September,9,14,05:39:21,ride the dragon,FKA twigs,CAPRISONGS
2025-09-14T05:42:36Z,September,9,14,05:42:36,Whip It,Nicki Minaj,Pink Friday ... Roman Reloaded
2025-09-14T06:53:08Z,September,9,14,06:53:08,I Belong In Your Arms - Japanese Version,Chairlift,Chairlift at 6:15
2025-09-14T07:01:15Z,September,9,14,07:01:15,OOH,SOPHIE,OOH
2025-09-14T07:04:25Z,September,9,14,07:04:25,RADIO (feat. Kim Petras),Frost Children,SISTER
2025-09-14T07:07:17Z,September,9,14,07:07:17,True Religion,Shygirl,True Religion
2025-09-14T07:10:58Z,September,9,14,07:10:58,Take over Control (feat. Eva Simons),AFROJACK,Take over Control (feat. Eva Simons)
2025-09-14T07:14:15Z,September,9,14,07:14:15,LEMONHEAD (feat. JDM Global),Kim Tee,LEMONHEAD (feat. JDM Global)
2025-09-14T07:16:48Z,September,9,14,07:16:48,New York,Addison Rae,Addison
2025-09-14T07:19:13Z,September,9,14,07:19:13,El Alma Que Te Trajo,Safety Trance,El Alma Que Te Trajo
2025-09-14T07:22:30Z,September,9,14,07:22:30,Whip It,Nicki Minaj,Pink Friday ... Roman Reloaded
2025-09-14T07:26:06Z,September,9,14,07:26:06,La Tortura (feat. Alejandro Sanz),Shakira,Fijación Oral Volumen 1
2025-09-14T07:30:13Z,September,9,14,07:30:13,When I Grow Up,The Pussycat Dolls,Doll Domination
2025-09-14T07:34:02Z,September,9,14,07:34:02,Get Back,Britney Spears,Blackout
2025-09-14T07:36:36Z,September,9,14,07:36:36,Club classics,Charli xcx,BRAT
2025-09-14T07:39:42Z,September,9,14,07:39:42,Freak It,Kim Petras,Freak It
2025-09-14T10:41:09Z,September,9,14,10:41:09,LEMONHEAD (feat. JDM Global),Kim Tee,LEMONHEAD (feat. JDM Global)
2025-09-14T10:44:55Z,September,9,14,10:44:55,Roll with Me,Charli xcx,Number 1 Angel
2025-09-14T10:47:06Z,September,9,14,10:47:06,Block,Brooke Candy,Block
2025-09-14T10:51:09Z,September,9,14,10:51:09,SexyBack (feat. Timbaland),Justin Timberlake,FutureSex/LoveSounds
2025-09-14T10:55:00Z,September,9,14,10:55:00,Can't Get You out of My Head,Kylie Minogue,Fever
2025-09-14T10:57:59Z,September,9,14,10:57:59,Seasalt & Teardrops,horsegiirL,Seasalt & Teardrops
2025-09-14T10:59:35Z,September,9,14,10:59:35,Who's That Chick? (feat. Rihanna),David Guetta,One More Love
2025-09-14T11:02:53Z,September,9,14,11:02:53,Milkshake,Kelis,The Hits
2025-09-14T11:07:20Z,September,9,14,11:07:20,My Barn My Rules,MCR-T,My Barn My Rules
2025-09-14T11:09:49Z,September,9,14,11:09:49,Don't Lie,The Chainsmokers,Don't Lie
2025-09-14T11:12:12Z,September,9,14,11:12:12,Spring breakers,Charli xcx,Brat and it’s the same but there’s three more songs so it’s not
2025-09-14T11:17:10Z,September,9,14,11:17:10,25/8,Bad Bunny,YHLQMDLG
2025-09-14T11:20:27Z,September,9,14,11:20:27,Wanna Be Missed,Hayley Kiyoko,Expectations
2025-09-14T11:24:37Z,September,9,14,11:24:37,Hold The Girl,Rina Sawayama,Hold The Girl
2025-09-14T11:28:18Z,September,9,14,11:28:18,What Was That,Lorde,Virgin
2025-09-14T11:31:31Z,September,9,14,11:31:31,Hammer,Lorde,Virgin
2025-09-14T11:35:49Z,September,9,14,11:35:49,Shapeshifter,Lorde,Virgin
2025-09-15T12:49:41Z,September,9,15,12:49:41,Broken Glass,Lorde,Virgin
2025-09-16T02:38:22Z,September,9,16,02:38:22,god's chariots,Oklou,Galore
2025-09-16T02:41:32Z,September,9,16,02:41:32,want to wanna come back,Oklou,choke enough
2025-09-16T02:42:20Z,September,9,16,02:42:20,little,Oklou,Galore
2025-09-16T02:44:33Z,September,9,16,02:44:33,fall,Oklou,Galore
2025-09-16T02:47:58Z,September,9,16,02:47:58,unearth me,Oklou,Galore
2025-09-16T03:02:34Z,September,9,16,03:02:34,god's chariots,Oklou,Galore
2025-09-16T03:06:54Z,September,9,16,03:06:54,galore,Oklou,Galore
2025-09-16T03:09:05Z,September,9,16,03:09:05,nightime,Oklou,Galore
2025-09-16T03:10:37Z,September,9,16,03:10:37,asturias,Oklou,Galore
2025-09-16T03:13:23Z,September,9,16,03:13:23,rosebud,Oklou,Galore
2025-09-16T03:16:22Z,September,9,16,03:16:22,girl on my throne,Oklou,Galore
2025-09-16T03:20:04Z,September,9,16,03:20:04,another night,Oklou,Galore
2025-09-16T03:29:39Z,September,9,16,03:29:39,I didn't give up on you,Oklou,Galore
2025-09-16T03:30:26Z,September,9,16,03:30:26,little,Oklou,Galore
2025-09-16T03:32:40Z,September,9,16,03:32:40,fall,Oklou,Galore
2025-09-16T03:36:05Z,September,9,16,03:36:05,unearth me,Oklou,Galore
2025-09-16T05:47:24Z,September,9,16,05:47:24,god's chariots,Oklou,Galore
2025-09-16T05:48:33Z,September,9,16,05:48:33,little,Oklou,Galore
2025-09-16T05:50:52Z,September,9,16,05:50:52,fall,Oklou,Galore
2025-09-16T05:54:17Z,September,9,16,05:54:17,unearth me,Oklou,Galore
2025-09-16T05:57:25Z,September,9,16,05:57:25,god's chariots,Oklou,Galore
2025-09-16T05:59:53Z,September,9,16,05:59:53,galore,Oklou,Galore
2025-09-16T06:02:04Z,September,9,16,06:02:04,nightime,Oklou,Galore
2025-09-16T06:03:45Z,September,9,16,06:03:45,asturias,Oklou,Galore
2025-09-16T06:04:45Z,September,9,16,06:04:45,rosebud,Oklou,Galore
2025-09-16T06:07:43Z,September,9,16,06:07:43,girl on my throne,Oklou,Galore
2025-09-16T22:59:28Z,September,9,16,22:59:28,god's chariots,Oklou,Galore
2025-09-16T23:01:48Z,September,9,16,23:01:48,galore,Oklou,Galore
2025-09-16T23:17:15Z,September,9,16,23:17:15,girl on my throne,Oklou,Galore
2025-09-17T00:46:00Z,September,9,17,00:46:00,god's chariots,Oklou,Galore
2025-09-17T21:01:39Z,September,9,17,21:01:39,god's chariots,Oklou,Galore
2025-09-17T21:04:07Z,September,9,17,21:04:07,galore,Oklou,Galore
2025-09-17T21:11:24Z,September,9,17,21:11:24,girl on my throne,Oklou,Galore
2025-09-17T21:29:36Z,September,9,17,21:29:36,Tears (feat. Caroline Polachek),Charli xcx,Pop 2
2025-09-17T22:10:02Z,September,9,17,22:10:02,Lucky,Charli xcx,Pop 2
2025-09-17T22:15:41Z,September,9,17,22:15:41,Track 10,Charli xcx,Pop 2
2025-09-17T22:20:02Z,September,9,17,22:20:02,Backseat (feat. Carly Rae Jepsen),Charli xcx,Pop 2
2025-09-18T18:53:37Z,September,9,18,18:53:37,Why Should I Be Sad,Britney Spears,Blackout
2025-09-18T19:08:00Z,September,9,18,19:08:00,Why Should I Be Sad,Britney Spears,Blackout
2025-09-18T19:10:49Z,September,9,18,19:10:49,SHOOT (Firecracker),CHAEYOUNG,LIL FANTASY vol.1
2025-09-18T19:13:59Z,September,9,18,19:13:59,RADIO (feat. Kim Petras),Frost Children,SISTER
2025-09-18T19:17:03Z,September,9,18,19:17:03,god's chariots,Oklou,Galore
2025-09-18T19:34:45Z,September,9,18,19:34:45,Before You Break My Heart,JADE,THAT'S SHOWBIZ BABY!
2025-09-18T19:37:12Z,September,9,18,19:37:12,Lip Service,JADE,THAT'S SHOWBIZ BABY!
2025-09-18T19:40:17Z,September,9,18,19:40:17,TTYL,Loossemble,TTYL
2025-09-18T19:43:34Z,September,9,18,19:43:34,Glitch,JADE,THAT'S SHOWBIZ BABY!
2025-09-18T19:45:51Z,September,9,18,19:45:51,Gnarly,KATSEYE,Gnarly
2025-09-18T19:49:03Z,September,9,18,19:49:03,earthquake,JISOO,AMORTAGE
2025-09-19T20:49:25Z,September,9,19,20:49:25,Golden,HUNTR/X,KPop Demon Hunters
2025-09-19T20:52:42Z,September,9,19,20:52:42,take me by the hand,Oklou,choke enough
2025-09-19T20:55:39Z,September,9,19,20:55:39,Helen of Troy - Bonus Track,Lorde,Solar Power
2025-09-19T20:59:43Z,September,9,19,20:59:43,Till the World Ends,Britney Spears,Femme Fatale (Deluxe Version)
2025-09-19T22:17:44Z,September,9,19,22:17:44,claws,Charli xcx,how i'm feeling now
2025-09-19T22:20:32Z,September,9,19,22:20:32,pink diamond,Charli xcx,how i'm feeling now
2025-09-19T22:23:46Z,September,9,19,22:23:46,Constant Repeat,Charli xcx,CRASH
2025-09-19T22:26:22Z,September,9,19,22:26:22,Love Ya Leave Ya,Kim Petras,Problématique
2025-09-19T22:30:13Z,September,9,19,22:30:13,National Anthem,Lana Del Rey,Born To Die - The Paradise Edition
2025-09-19T22:33:14Z,September,9,19,22:33:14,Club classics featuring bb trickz,Charli xcx,Brat and it’s completely different but also still brat
2025-09-19T22:36:09Z,September,9,19,22:36:09,Your Wish Is My Command,Kim Petras,Slut Pop
2025-09-19T22:38:30Z,September,9,19,22:38:30,Rapunzel (Kiki Solo Version),LISA,Alter Ego
2025-09-19T22:41:32Z,September,9,19,22:41:32,Supermodel,SZA,Ctrl
2025-09-19T22:45:23Z,September,9,19,22:45:23,Tennis Court,Lorde,Pure Heroine
2025-09-19T22:49:01Z,September,9,19,22:49:01,Sun Sex Party,Babymorocco,The Sound
2025-09-19T22:52:09Z,September,9,19,22:52:09,Go,ADÉLA,The Provocateur
2025-09-19T22:55:27Z,September,9,19,22:55:27,Sober II (Melodrama),Lorde,Melodrama
2025-09-19T22:57:54Z,September,9,19,22:57:54,Xcxoplex (with Charli XCX),A. G. Cook,Apple vs. 7G
2025-09-19T23:01:21Z,September,9,19,23:01:21,Roll with Me,Charli xcx,Number 1 Angel
2025-09-19T23:04:53Z,September,9,19,23:04:53,claws,Charli xcx,how i'm feeling now
2025-09-19T23:05:52Z,September,9,19,23:05:52,how2fly,ISOxo,kidsgonemad!
2025-09-19T23:17:06Z,September,9,19,23:17:06,We Can't Stop,Miley Cyrus,Bangerz (Deluxe Version)
2025-09-19T23:21:28Z,September,9,19,23:21:28,American Teenager,Ethel Cain,Preacher’s Daughter
2025-09-19T23:26:11Z,September,9,19,23:26:11,Butterfly Net,Caroline Polachek,"Desire, I Want To Turn Into You"
2025-09-19T23:29:47Z,September,9,19,23:29:47,Lucky,Charli xcx,Pop 2
2025-09-19T23:33:27Z,September,9,19,23:33:27,detonate,Charli xcx,how i'm feeling now
2025-09-19T23:36:42Z,September,9,19,23:36:42,Brave,TWICE,BETWEEN 1&2
2025-09-19T23:39:01Z,September,9,19,23:39:01,Rockstar,LISA,Rockstar
2025-09-19T23:49:21Z,September,9,19,23:49:21,Whole New World/Pretend World,SOPHIE,OIL OF EVERY PEARL'S UN-INSIDES
2025-09-19T23:53:52Z,September,9,19,23:53:52,break,xo,whitenoise
2025-09-19T23:57:57Z,September,9,19,23:57:57,Beautiful,A. G. Cook,"PC Music, Vol. 1"
2025-09-20T00:02:35Z,September,9,20,00:02:35,"I Got It (feat. Brooke Candy, CupcakKe and Pabllo Vittar)",Charli xcx,Pop 2
2025-09-20T00:09:41Z,September,9,20,00:09:41,Striptease,FKA twigs,EUSEXUA
2025-09-20T00:12:40Z,September,9,20,00:12:40,I LUV IT (feat. Playboi Carti),Camila Cabello,"C,XOXO"
2025-09-20T00:15:53Z,September,9,20,00:15:53,New Woman (feat. ROSALÍA),LISA,New Woman (feat. ROSALÍA)
2025-09-20T00:19:03Z,September,9,20,00:19:03,Nothing On (But The Radio),Addison Rae,AR
2025-09-20T00:23:10Z,September,9,20,00:23:10,visions,Charli xcx,how i'm feeling now
2025-09-20T00:26:36Z,September,9,20,00:26:36,Dade County Dreaming (feat. JT & Yung Miami),Camila Cabello,"C,XOXO"
2025-09-20T00:29:45Z,September,9,20,00:29:45,Loba,Shakira,She Wolf (Expanded Edition)
2025-09-20T00:33:32Z,September,9,20,00:33:32,Pogo,Digitalism,Idealism
2025-09-20T00:37:08Z,September,9,20,00:37:08,ALIEN SUPERSTAR,Beyoncé,RENAISSANCE
2025-09-20T00:49:20Z,September,9,20,00:49:20,Silver Cross,Charli xcx,Charli
2025-09-20T00:52:47Z,September,9,20,00:52:47,Je T'Adore,Kim Petras,Problématique
2025-09-20T00:56:47Z,September,9,20,00:56:47,Aquamarine,Addison Rae,Aquamarine
2025-09-20T01:23:53Z,September,9,20,01:23:53,Welcome To My Island,Caroline Polachek,"Desire, I Want To Turn Into You"
2025-09-20T01:30:13Z,September,9,20,01:30:13,Current Affairs,Lorde,Virgin
2025-09-20T01:33:32Z,September,9,20,01:33:32,take me by the hand,Oklou,choke enough
2025-09-20T01:38:43Z,September,9,20,01:38:43,Fly To You (feat. Grimes and Dido),Caroline Polachek,"Desire, I Want To Turn Into You"
2025-09-20T01:41:56Z,September,9,20,01:41:56,Broken Glass,Lorde,Virgin
2025-09-20T01:46:14Z,September,9,20,01:46:14,Shapeshifter,Lorde,Virgin
2025-09-20T01:50:33Z,September,9,20,01:50:33,A New Kind Of Love - Demo,Frou Frou,A New Kind Of Love
2025-09-20T01:55:10Z,September,9,20,01:55:10,Hide and Seek,Imogen Heap,Speak for Yourself
2025-09-20T01:59:24Z,September,9,20,01:59:24,Tears (feat. Caroline Polachek),Charli xcx,Pop 2
2025-09-20T02:02:56Z,September,9,20,02:02:56,Piece of Me,Britney Spears,Blackout
2025-09-20T02:23:04Z,September,9,20,02:23:04,ride the dragon,FKA twigs,CAPRISONGS
2025-09-20T02:26:40Z,September,9,20,02:26:40,So Cynical (Badum),LE SSERAFIM,HOT
2025-09-20T02:31:06Z,September,9,20,02:31:06,After Midnight,Chappell Roan,The Rise and Fall of a Midwest Princess
2025-09-20T02:34:02Z,September,9,20,02:34:02,Souvenir,Selena Gomez,Rare
2025-09-20T06:42:49Z,September,9,20,06:42:49,Radar,Britney Spears,Blackout
2025-09-20T06:46:29Z,September,9,20,06:46:29,I Wanna Go,Britney Spears,Femme Fatale (Deluxe Version)
2025-09-20T06:53:38Z,September,9,20,06:53:38,Scheiße,Lady Gaga,Born This Way
2025-09-20T06:56:19Z,September,9,20,06:56:19,How Can I Not Know What I Need Right Now,Charli xcx,CRASH
2025-09-20T07:01:43Z,September,9,20,07:01:43,Thousand Pieces,Kim Petras,Feed The Beast
2025-09-20T18:20:16Z,September,9,20,18:20:16,It Ain’t Me (with Selena Gomez),Kygo,It Ain't Me
2025-09-22T20:20:32Z,September,9,22,20:20:32,volc3 (Facta & K-LONE remix),George Daniel,volc3 (Facta & K-LONE remix)
2025-09-22T20:25:05Z,September,9,22,20:25:05,Perfect Places,Lorde,Melodrama
2025-09-22T20:29:48Z,September,9,22,20:29:48,Dark Paradise,Lana Del Rey,Born To Die - The Paradise Edition
2025-09-22T20:35:16Z,September,9,22,20:35:16,The Edge Of Glory,Lady Gaga,Born This Way
2025-09-22T20:40:09Z,September,9,22,20:40:09,A World Alone,Lorde,Pure Heroine
2025-09-22T20:44:56Z,September,9,22,20:44:56,Hold No Grudge - Bonus Track,Lorde,Solar Power
2025-09-22T20:48:52Z,September,9,22,20:48:52,Mood Ring,Lorde,Solar Power
2025-09-22T20:52:37Z,September,9,22,20:52:37,The Path,Lorde,Solar Power
2025-09-22T20:57:03Z,September,9,22,20:57:03,Stoned at the Nail Salon,Lorde,Solar Power
2025-09-22T21:01:00Z,September,9,22,21:01:00,Sober,Lorde,Melodrama
2025-09-22T21:05:11Z,September,9,22,21:05:11,Homemade Dynamite,Lorde,Melodrama
2025-09-22T21:09:45Z,September,9,22,21:09:45,Shapeshifter,Lorde,Virgin
2025-09-22T21:13:18Z,September,9,22,21:13:18,Favourite Daughter,Lorde,Virgin
2025-09-22T21:16:35Z,September,9,22,21:16:35,Hammer,Lorde,Virgin
2025-09-22T21:20:05Z,September,9,22,21:20:05,What Was That,Lorde,Virgin
2025-09-22T21:23:23Z,September,9,22,21:23:23,Know Who You Are,Finn Keane,ELECTRIC
2025-09-22T21:27:47Z,September,9,22,21:27:47,Times Like These,Addison Rae,Addison
2025-09-22T21:30:19Z,September,9,22,21:30:19,New York,Addison Rae,Addison
2025-09-22T21:32:50Z,September,9,22,21:32:50,Sympathy is a knife,Charli xcx,BRAT
2025-09-22T21:35:53Z,September,9,22,21:35:53,Apple,Charli xcx,BRAT
2025-09-22T21:39:47Z,September,9,22,21:39:47,I Know Alone,HAIM,Women In Music Pt. III
2025-09-22T21:43:55Z,September,9,22,21:43:55,The Steps,HAIM,Women In Music Pt. III
2025-09-23T00:55:59Z,September,9,23,00:55:59,Bags - Recorded At Electric Lady Studios,Clairo,Live at Electric Lady
2025-09-23T01:00:53Z,September,9,23,01:00:53,volc3 (Facta & K-LONE remix),George Daniel,volc3 (Facta & K-LONE remix)
2025-09-23T01:04:09Z,September,9,23,01:04:09,crush,2hollis,boy
2025-09-23T01:07:49Z,September,9,23,01:07:49,sister,2hollis,boy
2025-09-23T01:12:02Z,September,9,23,01:12:02,how2fly,ISOxo,kidsgonemad!
2025-09-23T01:15:30Z,September,9,23,01:15:30,Roll the Dice,Toro Oro,Roll the Dice
2025-09-23T01:17:53Z,September,9,23,01:17:53,Busy Girl,Tove Lo,HEAT
2025-09-23T01:21:47Z,September,9,23,01:21:47,So I,Charli xcx,BRAT
2025-09-23T01:24:48Z,September,9,23,01:24:48,Feel Something,Clairo,Immunity
2025-09-23T01:28:19Z,September,9,23,01:28:19,Crush,Ethel Cain,Inbred
2025-09-23T01:32:31Z,September,9,23,01:32:31,detonate,Charli xcx,how i'm feeling now
2025-09-23T03:35:30Z,September,9,23,03:35:30,Pulp,Toro Oro,Two Lonely Singles
2025-09-23T03:39:12Z,September,9,23,03:39:12,In The Rain,Addison Rae,Addison
2025-09-23T03:43:02Z,September,9,23,03:43:02,Fame is a Gun,Addison Rae,Addison
2025-09-23T03:45:14Z,September,9,23,03:45:14,Money is Everything,Addison Rae,Addison
2025-09-23T04:34:13Z,September,9,23,04:34:13,I Don't Sell - Records Remix,umru,I Don't Sell
2025-09-23T04:37:02Z,September,9,23,04:37:02,Poplife,umru,Poplife
2025-09-23T20:24:13Z,September,9,23,20:24:13,Alewife,Clairo,Immunity
2025-09-23T20:28:03Z,September,9,23,20:28:03,Impossible,Clairo,Immunity
2025-09-23T20:31:07Z,September,9,23,20:31:07,Closer To You,Clairo,Immunity
2025-09-23T20:34:41Z,September,9,23,20:34:41,North,Clairo,Immunity
2025-09-23T20:39:21Z,September,9,23,20:39:21,Bags,Clairo,Immunity
2025-09-23T20:42:47Z,September,9,23,20:42:47,"Girl, so confusing featuring lorde",Charli xcx,"Girl, so confusing featuring lorde"
2025-09-23T20:45:50Z,September,9,23,20:45:50,Poplife,umru,Poplife
2025-09-23T21:02:16Z,September,9,23,21:02:16,booboo2,Yaeji,booboo2
2025-09-23T21:05:14Z,September,9,23,21:05:14,take me by the hand,Oklou,choke enough
2025-09-23T21:08:55Z,September,9,23,21:08:55,ict,Oklou,choke enough
2025-09-23T21:12:44Z,September,9,23,21:12:44,Don't Call,Daya,Don't Call
2025-09-23T21:15:54Z,September,9,23,21:15:54,Von dutch a. g. cook remix featuring addison rae,Charli xcx,Brat and it’s completely different but also still brat
2025-09-23T21:21:22Z,September,9,23,21:21:22,Track 10,Charli xcx,Pop 2
2025-09-23T21:25:36Z,September,9,23,21:25:36,Tears (feat. Caroline Polachek),Charli xcx,Pop 2
2025-09-24T15:52:51Z,September,9,24,15:52:51,blade bird,Oklou,choke enough
2025-09-24T15:56:10Z,September,9,24,15:56:10,take me by the hand,Oklou,choke enough
2025-09-24T16:00:28Z,September,9,24,16:00:28,A New Kind Of Love - Demo,Frou Frou,A New Kind Of Love
2025-09-24T16:04:03Z,September,9,24,16:04:03,girl on my throne,Oklou,Galore
2025-09-24T16:07:06Z,September,9,24,16:07:06,want to wanna come back,Oklou,choke enough
2025-09-24T16:11:26Z,September,9,24,16:11:26,harvest sky,Oklou,choke enough
2025-09-24T16:13:04Z,September,9,24,16:13:04,pamplemousse,FKA twigs,CAPRISONGS
2025-09-24T19:26:33Z,September,9,24,19:26:33,tears in the club (feat. the weeknd),FKA twigs,CAPRISONGS
2025-09-24T21:33:56Z,September,9,24,21:33:56,Poplife,umru,Poplife
2025-09-24T21:36:59Z,September,9,24,21:36:59,Milkshake,Kelis,The Hits
2025-09-24T21:39:35Z,September,9,24,21:39:35,DELIRIO DE GRANDEZA,ROSALÍA,MOTOMAMI
2025-09-24T21:42:19Z,September,9,24,21:42:19,galore,Oklou,Galore
2025-09-24T21:44:14Z,September,9,24,21:44:14,Lucky,Charli xcx,Pop 2
2025-09-24T21:46:33Z,September,9,24,21:46:33,volc3 (Facta & K-LONE remix),George Daniel,volc3 (Facta & K-LONE remix)
2025-09-24T21:50:08Z,September,9,24,21:50:08,Why Should I Be Sad,Britney Spears,Blackout
2025-09-24T21:53:02Z,September,9,24,21:53:02,SHOOT (Firecracker),CHAEYOUNG,LIL FANTASY vol.1
2025-09-24T23:32:31Z,September,9,24,23:32:31,RADIO (feat. Kim Petras),Frost Children,SISTER
2025-09-24T23:35:26Z,September,9,24,23:35:26,OOH,SOPHIE,OOH
2025-09-24T23:38:37Z,September,9,24,23:38:37,GET HIGHER,SOPHIE,GET HIGHER
2025-09-24T23:42:59Z,September,9,24,23:42:59,Pogo,Digitalism,Idealism
2025-09-24T23:46:59Z,September,9,24,23:46:59,Lipgloss (feat. CupcakKe),Charli xcx,Number 1 Angel
2025-09-24T23:49:54Z,September,9,24,23:49:54,Know Who You Are,Finn Keane,ELECTRIC
2025-09-24T23:51:52Z,September,9,24,23:51:52,Cubana,Kim Petras,Slut Pop Miami
2025-09-24T23:55:03Z,September,9,24,23:55:03,earthquake,JISOO,AMORTAGE
2025-09-24T23:58:15Z,September,9,24,23:58:15,STEREOTYPE,STAYC,STEREOTYPE
2025-09-25T00:01:19Z,September,9,25,00:01:19,Heartbreak Anthem (with David Guetta & Little Mix),Galantis,Heartbreak Anthem (with David Guetta & Little Mix)
2025-09-25T00:04:37Z,September,9,25,00:04:37,ETA,NewJeans,NewJeans 2nd EP 'Get Up'
2025-09-25T00:09:09Z,September,9,25,00:09:09,4ÆM,Grimes,Miss Anthropocene
2025-09-25T00:11:57Z,September,9,25,00:11:57,Beg for You (feat. Rina Sawayama),Charli xcx,CRASH
2025-09-25T00:15:15Z,September,9,25,00:15:15,10:36,beabadoobee,Beatopia
2025-09-25T00:18:20Z,September,9,25,00:18:20,Tally,BLACKPINK,BORN PINK
2025-09-25T00:21:46Z,September,9,25,00:21:46,Angel Of My Dreams,JADE,THAT'S SHOWBIZ BABY!
2025-09-25T00:25:09Z,September,9,25,00:25:09,Focus,Charli xcx,Focus / No Angel
2025-09-25T00:32:19Z,September,9,25,00:32:19,E-mail more,Tommy february6,Lonely in Gorgeous
2025-09-25T00:35:14Z,September,9,25,00:35:14,"Girl, so confusing",Charli xcx,BRAT
2025-09-25T02:05:00Z,September,9,25,02:05:00,Novacane,Frank Ocean,Novacane
2025-09-25T05:56:14Z,September,9,25,05:56:14,Midnight Sun,Zara Larsson,Midnight Sun
2025-09-25T06:05:50Z,September,9,25,06:05:50,Shapeshifter,Lorde,Virgin
2025-09-25T13:44:00Z,September,9,25,13:44:00,galore,Oklou,Galore
2025-09-25T13:46:44Z,September,9,25,13:46:44,Heaven,Shygirl,Nymph
2025-09-25T13:51:28Z,September,9,25,13:51:28,Go,ADÉLA,The Provocateur
2025-09-25T13:54:15Z,September,9,25,13:54:15,SexOnTheBeat,ADÉLA,The Provocateur
2025-09-25T13:58:01Z,September,9,25,13:58:01,Hips Don't Lie (feat. Wyclef Jean),Shakira,"Oral Fixation, Vol. 2"
2025-09-25T14:01:54Z,September,9,25,14:01:54,Estoy Aquí,Shakira,Pies Descalzos
2025-09-25T14:05:35Z,September,9,25,14:05:35,La Tortura (feat. Alejandro Sanz),Shakira,Fijación Oral Volumen 1
2025-09-25T14:09:00Z,September,9,25,14:09:00,Reckless,Genevieve Hannelius,Reckless
2025-09-25T14:16:21Z,September,9,25,14:16:21,MEXE,Pabllo Vittar,MEXE
2025-09-25T14:20:10Z,September,9,25,14:20:10,Trust Nobody (feat. Selena Gomez & Tory Lanez),Cashmere Cat,9
2025-09-25T14:24:32Z,September,9,25,14:24:32,Girl Feels Good,FKA twigs,EUSEXUA
2025-09-25T21:58:10Z,September,9,25,21:58:10,"Keep It, Hold It",FKA twigs,EUSEXUA
2025-09-25T22:01:52Z,September,9,25,22:01:52,flash,2hollis,star
2025-09-25T22:04:54Z,September,9,25,22:04:54,jeans,2hollis,jeans
2025-09-25T22:08:44Z,September,9,25,22:08:44,visions,Charli xcx,how i'm feeling now
2025-09-25T22:12:19Z,September,9,25,22:12:19,blade bird,Oklou,choke enough
2025-09-25T22:14:33Z,September,9,25,22:14:33,360,Charli xcx,BRAT
2025-09-25T22:18:36Z,September,9,25,22:18:36,Dress You Up,Madonna,Like a Virgin
2025-09-25T22:21:19Z,September,9,25,22:21:19,Hot Girl (Bodies Bodies Bodies),Charli xcx,Hot Girl (Bodies Bodies Bodies)
2025-09-25T22:25:39Z,September,9,25,22:25:39,The Steps,HAIM,Women In Music Pt. III
2025-09-26T00:08:46Z,September,9,26,00:08:46,Hurricanes,Rina Sawayama,Hold The Girl
2025-09-26T00:12:19Z,September,9,26,00:12:19,Cheap Hotel,FKA twigs,Cheap Hotel
2025-09-26T03:57:40Z,September,9,26,03:57:40,Alejandro,Lady Gaga,The Fame Monster
2025-09-26T04:01:02Z,September,9,26,04:01:02,Team,Lorde,Pure Heroine
2025-09-26T04:04:05Z,September,9,26,04:04:05,Fame is a Gun,Addison Rae,Addison
2025-09-26T04:07:57Z,September,9,26,04:07:57,Can't Get You out of My Head,Kylie Minogue,Fever
2025-09-26T04:11:31Z,September,9,26,04:11:31,Sweet Dreams,Beyoncé,I AM...SASHA FIERCE
2025-09-26T04:16:16Z,September,9,26,04:16:16,Sorry,Madonna,Confessions on a Dance Floor
2025-09-26T04:19:58Z,September,9,26,04:19:58,What You Waiting For?,Gwen Stefani,Love. Angel. Music. Baby.
2025-09-26T04:25:54Z,September,9,26,04:25:54,Piece of Me,Britney Spears,Blackout
2025-09-26T04:32:13Z,September,9,26,04:32:13,Womanizer,Britney Spears,Circus (Deluxe Version)
2025-09-26T20:04:03Z,September,9,26,20:04:03,I Really Like You,Carly Rae Jepsen,Emotion
2025-09-26T20:08:49Z,September,9,26,20:08:49,Alejandro,Lady Gaga,The Fame Monster
2025-09-26T20:10:56Z,September,9,26,20:10:56,gold,2hollis,gold
2025-09-26T20:14:28Z,September,9,26,20:14:28,Homemade Dynamite,Lorde,Melodrama
2025-09-26T20:17:58Z,September,9,26,20:17:58,Blue Jeans,Lana Del Rey,Born To Die - The Paradise Edition
2025-09-26T20:22:04Z,September,9,26,20:22:04,When I Grow Up,The Pussycat Dolls,Doll Domination
2025-09-26T20:26:12Z,September,9,26,20:26:12,HMU for a Good Time,Tinashe,333 (Deluxe)
2025-09-26T20:29:33Z,September,9,26,20:29:33,TIT FOR TAT,Tate McRae,TIT FOR TAT
2025-09-26T20:33:55Z,September,9,26,20:33:55,Don't Call,Daya,Don't Call
2025-09-26T20:36:32Z,September,9,26,20:36:32,Conceited,SZA,SOS
2025-09-26T20:40:24Z,September,9,26,20:40:24,"I Got It (feat. Brooke Candy, CupcakKe and Pabllo Vittar)",Charli xcx,Pop 2
2025-09-26T20:42:28Z,September,9,26,20:42:28,Cubana,Kim Petras,Slut Pop Miami
2025-09-26T20:45:50Z,September,9,26,20:45:50,Who's That Chick? (feat. Rihanna),David Guetta,One More Love
2025-09-26T20:49:04Z,September,9,26,20:49:04,Bunny Is A Rider,Caroline Polachek,"Desire, I Want To Turn Into You"
2025-09-26T20:52:06Z,September,9,26,20:52:06,Supermodel,SZA,Ctrl
2025-09-26T20:54:49Z,September,9,26,20:54:49,Look At Her Now,Selena Gomez,Rare
2025-09-26T20:58:39Z,September,9,26,20:58:39,visions,Charli xcx,how i'm feeling now
2025-09-26T21:02:32Z,September,9,26,21:02:32,My Dilemma,Selena Gomez & The Scene,When The Sun Goes Down
2025-09-26T21:05:36Z,September,9,26,21:05:36,Shooting Star,Kep1er,Kep1going On
2025-09-26T21:10:18Z,September,9,26,21:10:18,Eeehhh,SOPHIE,Nothing More to Say
2025-09-26T21:13:44Z,September,9,26,21:13:44,New Woman (feat. ROSALÍA),LISA,New Woman (feat. ROSALÍA)
2025-09-26T21:17:56Z,September,9,26,21:17:56,Thinking About You (feat. Ayah Marar),Calvin Harris,18 Months
2025-09-26T21:22:53Z,September,9,26,21:22:53,On The Beach (from DEATH STRANDING 2: ON THE BEACH),Caroline Polachek,On The Beach
2025-09-26T21:28:38Z,September,9,26,21:28:38,The Edge Of Glory,Lady Gaga,Born This Way
2025-09-26T21:32:32Z,September,9,26,21:32:32,Seasalt & Teardrops,horsegiirL,Seasalt & Teardrops
2025-09-26T21:35:46Z,September,9,26,21:35:46,Vroom Vroom,Charli xcx,Vroom Vroom EP
2025-09-26T21:38:26Z,September,9,26,21:38:26,Chill,LISA,Alter Ego
2025-09-26T22:00:10Z,September,9,26,22:00:10,DALLA DALLA,ITZY,IT'z Different
2025-09-26T22:03:25Z,September,9,26,22:03:25,Constant Repeat,Charli xcx,CRASH
2025-09-26T22:05:39Z,September,9,26,22:05:39,Obsessed,Addison Rae,Obsessed
2025-09-26T22:09:52Z,September,9,26,22:09:52,"Girl, so confusing featuring lorde",Charli xcx,Brat and it’s completely different but also still brat
2025-09-26T22:12:57Z,September,9,26,22:12:57,Fame is a Gun,Addison Rae,Fame is a Gun
2025-09-26T22:16:16Z,September,9,26,22:16:16,High Fashion,Addison Rae,High Fashion
2025-09-26T22:18:46Z,September,9,26,22:18:46,They Wanna Fuck,Kim Petras,Slut Pop
2025-09-26T22:21:44Z,September,9,26,22:21:44,want to wanna come back,Oklou,choke enough
2025-09-26T22:22:17Z,September,9,26,22:22:17,10/10,Troye Sivan,In A Dream
2025-09-26T22:25:24Z,September,9,26,22:25:24,10/10,Troye Sivan,In A Dream
2025-09-27T01:39:45Z,September,9,27,01:39:45,Easy,Troye Sivan,In A Dream
2025-09-27T01:47:22Z,September,9,27,01:47:22,TIT FOR TAT,Tate McRae,TIT FOR TAT
2025-09-27T01:51:57Z,September,9,27,01:51:57,Alejandro,Lady Gaga,The Fame Monster
2025-09-27T01:54:41Z,September,9,27,01:54:41,flash,2hollis,star
2025-09-27T01:57:43Z,September,9,27,01:57:43,jeans,2hollis,jeans
2025-09-27T02:01:14Z,September,9,27,02:01:14,Cheap Hotel,FKA twigs,Cheap Hotel
2025-09-27T02:04:29Z,September,9,27,02:04:29,Milkshake,Kelis,The Hits
2025-09-27T16:50:36Z,September,9,27,16:50:36,Radar,Britney Spears,Blackout
2025-09-27T16:59:00Z,September,9,27,16:59:00,B2b,Charli xcx,BRAT
2025-09-27T16:59:40Z,September,9,27,16:59:40,Oblivion,Grimes,Visions
2025-09-27T17:02:58Z,September,9,27,17:02:58,Feel Something,Clairo,Immunity
2025-09-27T19:24:01Z,September,9,27,19:24:01,Pulp,Toro Oro,Two Lonely Singles
2025-09-27T19:33:23Z,September,9,27,19:33:23,Shapeshifter,Lorde,Virgin
2025-09-27T19:36:53Z,September,9,27,19:36:53,What Was That,Lorde,Virgin
2025-09-27T19:40:07Z,September,9,27,19:40:07,Broken Glass,Lorde,Virgin
2025-09-27T19:42:21Z,September,9,27,19:42:21,Clearblue,Lorde,Virgin
2025-09-27T19:45:43Z,September,9,27,19:45:43,Current Affairs,Lorde,Virgin
2025-09-27T19:48:57Z,September,9,27,19:48:57,Hammer,Lorde,Virgin
2025-09-27T19:51:10Z,September,9,27,19:51:10,David,Lorde,Virgin
2025-09-27T19:53:05Z,September,9,27,19:53:05,David,Lorde,Virgin
2025-09-27T19:57:16Z,September,9,27,19:57:16,Times Like These,Addison Rae,Addison
2025-09-27T19:58:05Z,September,9,27,19:58:05,Lost & Found,Addison Rae,Addison
2025-09-27T20:01:23Z,September,9,27,20:01:23,High Fashion,Addison Rae,Addison
2025-09-27T20:06:00Z,September,9,27,20:06:00,Summer Forever,Addison Rae,Addison
2025-09-27T20:08:37Z,September,9,27,20:08:37,New York,Addison Rae,Addison
2025-09-27T20:24:29Z,September,9,27,20:24:29,flash,2hollis,star
2025-09-27T20:27:18Z,September,9,27,20:27:18,flash,2hollis,star
2025-09-27T20:32:07Z,September,9,27,20:32:07,Know Who You Are,Finn Keane,ELECTRIC
2025-09-27T20:35:34Z,September,9,27,20:35:34,take me by the hand,Oklou,choke enough
2025-09-27T21:07:13Z,September,9,27,21:07:13,Cheap Hotel,FKA twigs,Cheap Hotel
2025-09-27T21:11:32Z,September,9,27,21:11:32,Mood Ring,Lorde,Solar Power
2025-09-27T21:32:52Z,September,9,27,21:32:52,A New Kind Of Love - Demo,Frou Frou,A New Kind Of Love
2025-09-27T21:36:24Z,September,9,27,21:36:24,Roll the Dice,Toro Oro,Roll the Dice
2025-09-27T21:43:03Z,September,9,27,21:43:03,Galina,Allie X,Girl With No Face
2025-09-27T21:45:27Z,September,9,27,21:45:27,Who's That Chick? (feat. Rihanna),David Guetta,One More Love
2025-09-27T21:47:36Z,September,9,27,21:47:36,Alejandro,Lady Gaga,The Fame Monster
2025-09-27T22:06:36Z,September,9,27,22:06:36,IS THIS LOVE,XG,AWE
2025-09-27T22:10:46Z,September,9,27,22:10:46,Warm (feat. HAIM),Charli xcx,Charli
2025-09-27T22:14:14Z,September,9,27,22:14:14,Silver Cross,Charli xcx,Charli
2025-09-27T22:17:52Z,September,9,27,22:17:52,I'm Not Alone - 2009 Remaster,Calvin Harris,I'm Not Alone 2019
2025-09-27T22:20:30Z,September,9,27,22:20:30,Love You Anyway,Carlie Hanson,Tough Boy
2025-09-27T22:24:36Z,September,9,27,22:24:36,I Know Alone,HAIM,Women In Music Pt. III
2025-09-27T22:28:48Z,September,9,27,22:28:48,"I Got It (feat. Brooke Candy, CupcakKe and Pabllo Vittar)",Charli xcx,Pop 2
2025-09-27T22:32:27Z,September,9,27,22:32:27,Circus,Britney Spears,Circus (Deluxe Version)
2025-09-27T22:35:56Z,September,9,27,22:35:56,B2b,Charli xcx,BRAT
2025-09-27T22:39:05Z,September,9,27,22:39:05,flash,2hollis,star
2025-09-27T22:42:07Z,September,9,27,22:42:07,jeans,2hollis,jeans
2025-09-27T22:46:08Z,September,9,27,22:46:08,choke enough,Oklou,choke enough
2025-09-27T22:49:53Z,September,9,27,22:49:53,Cheap Hotel,FKA twigs,Cheap Hotel
2025-09-27T22:53:25Z,September,9,27,22:53:25,Whip It,Nicki Minaj,Pink Friday ... Roman Reloaded
2025-09-27T22:58:50Z,September,9,27,22:58:50,I Belong In Your Arms - Japanese Version,Chairlift,Chairlift at 6:15
2025-09-27T23:02:04Z,September,9,27,23:02:04,Me Pregunto,Belanova,Gran Disco Mini Precio - Dulce Beat
2025-09-27T23:05:39Z,September,9,27,23:05:39,Boytoy,EQ,Boytoy
2025-09-27T23:10:11Z,September,9,27,23:10:11,B.S.A.S. (Si Alguna Vez te Sentís Sola de Noche),EQ,EQ
2025-09-27T23:12:22Z,September,9,27,23:12:22,Girls My Age,EQ,EQ
2025-09-27T23:45:32Z,September,9,27,23:45:32,B.S.A.S. (Si Alguna Vez te Sentís Sola de Noche),EQ,EQ
2025-09-27T23:48:54Z,September,9,27,23:48:54,Girls My Age,EQ,EQ
2025-09-27T23:51:48Z,September,9,27,23:51:48,Subway Lullaby,EQ,EQ
2025-09-27T23:54:39Z,September,9,27,23:54:39,EQetamine,EQ,EQ
2025-09-28T23:13:00Z,September,9,28,23:13:00,B.S.A.S. (Si Alguna Vez te Sentís Sola de Noche),EQ,EQ
2025-09-28T23:14:11Z,September,9,28,23:14:11,B.S.A.S. (Si Alguna Vez te Sentís Sola de Noche),EQ,EQ
2025-09-28T23:21:23Z,September,9,28,23:21:23,7’ Mix,EQ,EQ
2025-09-28T23:27:03Z,September,9,28,23:27:03,Girls My Age,EQ,EQ
2025-09-28T23:30:07Z,September,9,28,23:30:07,Subway Lullaby,EQ,EQ
2025-09-29T06:35:40Z,September,9,29,06:35:40,EQetamine,EQ,EQ
2025-09-29T06:39:32Z,September,9,29,06:39:32,Breathless,Caroline Polachek,Breathless
2025-09-29T06:42:54Z,September,9,29,06:42:54,Door - Oklou Remix,Caroline Polachek,Door
2025-09-29T06:49:54Z,September,9,29,06:49:54,Breathless,Caroline Polachek,Breathless
2025-09-29T06:54:52Z,September,9,29,06:54:52,Bang Bang - From 'Minions: The Rise of Gru' Soundtrack,Caroline Polachek,Bang Bang
2025-09-29T06:56:14Z,September,9,29,06:56:14,São Paulo - Spanish,Tocanna,SAMPA EP
2025-09-29T07:32:01Z,September,9,29,07:32:01,B.S.A.S. (Si Alguna Vez te Sentís Sola de Noche),EQ,EQ
2025-09-29T23:39:47Z,September,9,29,23:39:47,7’ Mix,EQ,EQ
2025-09-29T23:42:15Z,September,9,29,23:42:15,Breathless,Caroline Polachek,Breathless
2025-09-30T00:30:39Z,September,9,30,00:30:39,Breathless,Caroline Polachek,Breathless
2025-09-30T02:26:06Z,September,9,30,02:26:06,Breathless,Caroline Polachek,Breathless
2025-09-30T02:27:43Z,September,9,30,02:27:43,Breathless,Caroline Polachek,Breathless
2025-09-30T02:30:23Z,September,9,30,02:30:23,On The Beach (from DEATH STRANDING 2: ON THE BEACH),Caroline Polachek,On The Beach
2025-09-30T02:33:57Z,September,9,30,02:33:57,Smoke,Caroline Polachek,"Desire, I Want To Turn Into You"
2025-09-30T02:38:32Z,September,9,30,02:38:32,If She Could See Me Now,Lorde,Virgin
2025-09-30T02:41:48Z,September,9,30,02:41:48,Broken Glass,Lorde,Virgin
2025-09-30T02:46:08Z,September,9,30,02:46:08,Shapeshifter,Lorde,Virgin
2025-09-30T02:53:50Z,September,9,30,02:53:50,What Was That,Lorde,Virgin
2025-09-30T02:57:09Z,September,9,30,02:57:09,Current Affairs,Lorde,Virgin
2025-09-30T02:59:06Z,September,9,30,02:59:06,Clearblue,Lorde,Virgin
2025-09-30T03:03:20Z,September,9,30,03:03:20,The Path,Lorde,Solar Power
2025-09-30T03:11:00Z,September,9,30,03:11:00,Mood Ring,Lorde,Solar Power
2025-09-30T03:14:23Z,September,9,30,03:14:23,Helen of Troy - Bonus Track,Lorde,Solar Power
2025-09-30T03:18:52Z,September,9,30,03:18:52,Hold No Grudge - Bonus Track,Lorde,Solar Power
2025-09-30T03:23:11Z,September,9,30,03:23:11,Ribs,Lorde,Pure Heroine
2025-09-30T03:26:28Z,September,9,30,03:26:28,Sober,Lorde,Melodrama
2025-09-30T03:29:59Z,September,9,30,03:29:59,Boytoy,EQ,Boytoy
2025-10-01T02:23:44Z,October,10,1,02:23:44,Breathless,Caroline Polachek,Breathless
2025-10-01T06:25:17Z,October,10,1,06:25:17,Breathless,Caroline Polachek,Breathless
2025-10-01T06:28:20Z,October,10,1,06:28:20,Breathless,Caroline Polachek,Breathless
2025-10-01T06:31:55Z,October,10,1,06:31:55,Boytoy,EQ,EQ
2025-10-01T06:36:19Z,October,10,1,06:36:19,B.S.A.S. (Si Alguna Vez te Sentís Sola de Noche),EQ,EQ
2025-10-01T06:39:41Z,October,10,1,06:39:41,Girls My Age,EQ,EQ
2025-10-01T06:42:36Z,October,10,1,06:42:36,Subway Lullaby,EQ,EQ
2025-10-01T06:45:26Z,October,10,1,06:45:26,EQetamine,EQ,EQ
2025-10-01T06:52:30Z,October,10,1,06:52:30,7’ Mix,EQ,EQ
2025-10-01T06:55:15Z,October,10,1,06:55:15,flash,2hollis,star
2025-10-01T06:59:58Z,October,10,1,06:59:58,Shapeshifter,Lorde,Virgin
2025-10-01T23:31:22Z,October,10,1,23:31:22,Blue Moon,Zara Larsson,Midnight Sun
2025-10-01T23:34:01Z,October,10,1,23:34:01,Pretty Ugly,Zara Larsson,Midnight Sun
2025-10-01T23:37:04Z,October,10,1,23:37:04,Girl's Girl,Zara Larsson,Midnight Sun
2025-10-01T23:40:01Z,October,10,1,23:40:01,Crush,Zara Larsson,Midnight Sun
2025-10-02T00:42:32Z,October,10,2,00:42:32,Eurosummer,Zara Larsson,Midnight Sun
2025-10-02T00:46:29Z,October,10,2,00:46:29,Breathless,Caroline Polachek,Breathless
2025-10-02T00:51:03Z,October,10,2,00:51:03,Alejandro,Lady Gaga,The Fame Monster
2025-10-02T06:24:07Z,October,10,2,06:24:07,Seasalt & Teardrops,horsegiirL,Seasalt & Teardrops
2025-10-02T06:25:41Z,October,10,2,06:25:41,materiaL hor$e,horsegiirL,v.i.p. - very important pony
2025-10-02T06:27:52Z,October,10,2,06:27:52,take it offff,horsegiirL,v.i.p. - very important pony
2025-10-02T06:30:22Z,October,10,2,06:30:22,giirL math,horsegiirL,v.i.p. - very important pony
2025-10-02T06:32:51Z,October,10,2,06:32:51,"eat, sleep, slay, 🔁",horsegiirL,v.i.p. - very important pony
2025-10-02T06:36:09Z,October,10,2,06:36:09,bby luv x3 (feat. dj g2g),horsegiirL,v.i.p. - very important pony
2025-10-02T06:38:03Z,October,10,2,06:38:03,scene before the kiss xoxo,horsegiirL,v.i.p. - very important pony
2025-10-02T06:43:09Z,October,10,2,06:43:09,My Barn My Rules,MCR-T,My Barn My Rules
2025-10-02T06:46:58Z,October,10,2,06:46:58,Obsessed,horsegiirL,Obsessed
2025-10-02T07:58:10Z,October,10,2,07:58:10,Thirst Trap,Audrey Hobert,Who's the Clown?
2025-10-02T08:00:15Z,October,10,2,08:00:15,I like to touch people,Audrey Hobert,Who's the Clown?
2025-10-02T08:03:05Z,October,10,2,08:03:05,Sue me,Audrey Hobert,Who's the Clown?
2025-10-02T08:05:21Z,October,10,2,08:05:21,Drive,Audrey Hobert,Who's the Clown?
2025-10-02T08:08:29Z,October,10,2,08:08:29,Wet Hair,Audrey Hobert,Who's the Clown?
2025-10-02T08:11:04Z,October,10,2,08:11:04,Bowling alley,Audrey Hobert,Who's the Clown?
2025-10-02T20:27:48Z,October,10,2,20:27:48,Thirst Trap,Audrey Hobert,Who's the Clown?
2025-10-02T20:30:56Z,October,10,2,20:30:56,Thirst Trap,Audrey Hobert,Who's the Clown?
2025-10-02T21:44:52Z,October,10,2,21:44:52,Azimuth,Danny L Harle,Azimuth
2025-10-02T22:02:31Z,October,10,2,22:02:31,Obsessed,horsegiirL,Obsessed
2025-10-02T22:04:35Z,October,10,2,22:04:35,Thirst Trap,Audrey Hobert,Who's the Clown?
2025-10-02T22:05:42Z,October,10,2,22:05:42,Thirst Trap,Audrey Hobert,Who's the Clown?
2025-10-02T22:09:04Z,October,10,2,22:09:04,Breathless,Caroline Polachek,Breathless
2025-10-02T22:12:39Z,October,10,2,22:12:39,Boytoy,EQ,EQ
2025-10-02T22:17:04Z,October,10,2,22:17:04,B.S.A.S. (Si Alguna Vez te Sentís Sola de Noche),EQ,EQ
2025-10-02T22:20:26Z,October,10,2,22:20:26,Girls My Age,EQ,EQ
2025-10-02T22:23:20Z,October,10,2,22:23:20,Subway Lullaby,EQ,EQ
2025-10-02T22:26:11Z,October,10,2,22:26:11,EQetamine,EQ,EQ
2025-10-02T23:04:01Z,October,10,2,23:04:01,7’ Mix,EQ,EQ
2025-10-02T23:06:46Z,October,10,2,23:06:46,flash,2hollis,star
2025-10-02T23:09:52Z,October,10,2,23:09:52,jeans,2hollis,jeans
2025-10-02T23:13:03Z,October,10,2,23:13:03,Why Should I Be Sad,Britney Spears,Blackout
2025-10-02T23:17:48Z,October,10,2,23:17:48,Alejandro,Lady Gaga,The Fame Monster
2025-10-02T23:21:16Z,October,10,2,23:21:16,Sweet Dreams,Beyoncé,I AM...SASHA FIERCE
2025-10-02T23:24:22Z,October,10,2,23:24:22,Seasalt & Teardrops,horsegiirL,Seasalt & Teardrops
2025-10-02T23:27:13Z,October,10,2,23:27:13,True Religion,Shygirl,True Religion
2025-10-03T02:19:35Z,October,10,3,02:19:35,Take over Control (feat. Eva Simons),AFROJACK,Take over Control (feat. Eva Simons)
2025-10-03T02:32:07Z,October,10,3,02:32:07,take it offff,horsegiirL,v.i.p. - very important pony
2025-10-03T02:35:32Z,October,10,3,02:35:32,Thirst Trap,Audrey Hobert,Who's the Clown?
2025-10-03T02:38:51Z,October,10,3,02:38:51,Chateau,Audrey Hobert,Who's the Clown?
2025-10-03T04:16:45Z,October,10,3,04:16:45,Sex and the city,Audrey Hobert,Who's the Clown?
2025-10-03T05:27:00Z,October,10,3,05:27:00,Actually Romantic,Taylor Swift,The Life of a Showgirl
2025-10-03T06:01:20Z,October,10,3,06:01:20,Breathless,Caroline Polachek,Breathless
2025-10-03T06:05:05Z,October,10,3,06:05:05,Sympathy is a knife,Charli xcx,BRAT
2025-10-03T06:09:12Z,October,10,3,06:09:12,Out of My Head (feat. Tove Lo and ALMA),Charli xcx,Pop 2
2025-10-03T06:14:04Z,October,10,3,06:14:04,Delicious (feat. Tommy Cash),Charli xcx,Pop 2
2025-10-03T06:17:41Z,October,10,3,06:17:41,blade bird,Oklou,choke enough
2025-10-03T06:21:58Z,October,10,3,06:21:58,Shapeshifter,Lorde,Virgin
2025-10-03T06:25:24Z,October,10,3,06:25:24,Broken Glass,Lorde,Virgin
2025-10-03T06:29:15Z,October,10,3,06:29:15,Clearblue,Lorde,Virgin
2025-10-03T20:55:35Z,October,10,3,20:55:35,Breathless,Caroline Polachek,Breathless
2025-10-03T20:59:58Z,October,10,3,20:59:58,B.S.A.S. (Si Alguna Vez te Sentís Sola de Noche),EQ,EQ
2025-10-03T21:02:52Z,October,10,3,21:02:52,flash,2hollis,star
2025-10-03T21:05:54Z,October,10,3,21:05:54,jeans,2hollis,jeans
2025-10-03T21:09:05Z,October,10,3,21:09:05,Why Should I Be Sad,Britney Spears,Blackout
2025-10-03T21:11:50Z,October,10,3,21:11:50,Heaven,Shygirl,Nymph
2025-10-03T21:14:33Z,October,10,3,21:14:33,Poplife,umru,Poplife
2025-10-03T21:17:02Z,October,10,3,21:17:02,galore,Oklou,Galore
2025-10-03T21:34:25Z,October,10,3,21:34:25,god's chariots,Oklou,Galore
2025-10-03T21:37:29Z,October,10,3,21:37:29,girl on my throne,Oklou,Galore
2025-10-03T21:40:27Z,October,10,3,21:40:27,"eat, sleep, slay, 🔁",horsegiirL,"eat, sleep, slay, 🔁"
2025-10-03T21:43:24Z,October,10,3,21:43:24,Starsiigns,horsegiirL,Starsiigns
2025-10-03T21:45:57Z,October,10,3,21:45:57,Praise The Farm,horsegiirL,Praise The Farm
2025-10-03T21:48:08Z,October,10,3,21:48:08,take it offff,horsegiirL,take it offff
2025-10-03T21:50:53Z,October,10,3,21:50:53,GIIRLSWORLD,MCR-T,GIIRLSWORLD
2025-10-03T21:53:11Z,October,10,3,21:53:11,f0rbiidden l0ve$tory,horsegiirL,f0rbiidden l0ve$tory
2025-10-03T21:57:58Z,October,10,3,21:57:58,My Barn My Rules,MCR-T,My Barn My Rules
2025-10-04T04:41:17Z,October,10,4,04:41:17,Starsiigns,horsegiirL,Starsiigns
2025-10-04T04:45:04Z,October,10,4,04:45:04,Azimuth,Danny L Harle,Azimuth
2025-10-04T04:48:10Z,October,10,4,04:48:10,Thirst Trap,Audrey Hobert,Who's the Clown?
2025-10-04T04:51:23Z,October,10,4,04:51:23,Blue Moon,Zara Larsson,Midnight Sun
2025-10-04T04:54:02Z,October,10,4,04:54:02,Pretty Ugly,Zara Larsson,Midnight Sun
2025-10-04T04:58:36Z,October,10,4,04:58:36,B.S.A.S. (Si Alguna Vez te Sentís Sola de Noche),EQ,EQ
2025-10-04T14:31:52Z,October,10,4,14:31:52,Alejandro,Lady Gaga,The Fame Monster
2025-10-04T15:11:13Z,October,10,4,15:11:13,giirL math,horsegiirL,v.i.p. - very important pony
2025-10-04T15:14:11Z,October,10,4,15:14:11,Seasalt & Teardrops,horsegiirL,Seasalt & Teardrops
2025-10-04T15:15:29Z,October,10,4,15:15:29,My Barn My Rules,MCR-T,My Barn My Rules
2025-10-04T15:16:52Z,October,10,4,15:16:52,Harvest Heartbreak,horsegiirL,Harvest Heartbreak
2025-10-04T15:19:14Z,October,10,4,15:19:14,Saddle,horsegiirL,Farm Fatale
2025-10-04T15:22:40Z,October,10,4,15:22:40,YOLO,horsegiirL,YOLO
2025-10-05T00:31:20Z,October,10,5,00:31:20,Itty Bitty - horsegiirL Remix,Ashnikko,Itty Bitty
2025-10-05T00:39:31Z,October,10,5,00:39:31,giirL math,horsegiirL,v.i.p. - very important pony
2025-10-05T00:45:54Z,October,10,5,00:45:54,materiaL hor$e,horsegiirL,v.i.p. - very important pony
2025-10-05T00:50:53Z,October,10,5,00:50:53,My Barn My Rules,MCR-T,My Barn My Rules
2025-10-05T00:53:04Z,October,10,5,00:53:04,take it offff,horsegiirL,take it offff
2025-10-05T00:59:50Z,October,10,5,00:59:50,Starsiigns,horsegiirL,Starsiigns
2025-10-05T01:02:58Z,October,10,5,01:02:58,flash,2hollis,star
2025-10-05T02:59:51Z,October,10,5,02:59:51,Cheap Hotel,FKA twigs,Cheap Hotel
2025-10-05T03:03:51Z,October,10,5,03:03:51,What Was That,Lorde,Virgin
2025-10-05T03:06:48Z,October,10,5,03:06:48,If She Could See Me Now,Lorde,Virgin
2025-10-05T03:11:05Z,October,10,5,03:11:05,Shapeshifter,Lorde,Virgin
2025-10-05T03:13:36Z,October,10,5,03:13:36,Sympathy is a knife,Charli xcx,BRAT
2025-10-05T03:16:17Z,October,10,5,03:16:17,Club classics,Charli xcx,BRAT
2025-10-05T03:19:18Z,October,10,5,03:19:18,Breathless,Caroline Polachek,Breathless
2025-10-05T03:21:29Z,October,10,5,03:21:29,take it offff,horsegiirL,take it offff
2025-10-05T03:24:28Z,October,10,5,03:24:28,Seasalt & Teardrops,horsegiirL,Seasalt & Teardrops
2025-10-05T03:26:58Z,October,10,5,03:26:58,giirL math,horsegiirL,v.i.p. - very important pony
2025-10-05T03:31:25Z,October,10,5,03:31:25,My Barn My Rules,MCR-T,My Barn My Rules
2025-10-05T03:34:27Z,October,10,5,03:34:27,jeans,2hollis,jeans
2025-10-05T03:39:36Z,October,10,5,03:39:36,"Girl, so confusing featuring lorde",Charli xcx,"Girl, so confusing featuring lorde"
2025-10-05T03:42:08Z,October,10,5,03:42:08,New York,Addison Rae,Addison
2025-10-05T04:32:14Z,October,10,5,04:32:14,Azimuth,Danny L Harle,Azimuth
2025-10-05T04:36:21Z,October,10,5,04:36:21,giirL math,horsegiirL,v.i.p. - very important pony
2025-10-05T04:39:44Z,October,10,5,04:39:44,giirL math,horsegiirL,v.i.p. - very important pony
2025-10-05T04:42:55Z,October,10,5,04:42:55,Starsiigns,horsegiirL,Starsiigns
2025-10-05T04:46:42Z,October,10,5,04:46:42,Azimuth,Danny L Harle,Azimuth
2025-10-05T04:49:48Z,October,10,5,04:49:48,Thirst Trap,Audrey Hobert,Who's the Clown?
2025-10-06T21:33:48Z,October,10,6,21:33:48,Obsessed,horsegiirL,Obsessed
2025-10-06T21:37:08Z,October,10,6,21:37:08,Starsiigns,horsegiirL,Starsiigns
2025-10-06T21:40:55Z,October,10,6,21:40:55,Azimuth,Danny L Harle,Azimuth
2025-10-06T21:43:25Z,October,10,6,21:43:25,giirL math,horsegiirL,v.i.p. - very important pony
2025-10-06T21:46:28Z,October,10,6,21:46:28,Seasalt & Teardrops,horsegiirL,Seasalt & Teardrops
2025-10-06T21:50:00Z,October,10,6,21:50:00,Thirst Trap,Audrey Hobert,Who's the Clown?
2025-10-06T21:53:34Z,October,10,6,21:53:34,RADIO (feat. Kim Petras),Frost Children,SISTER
2025-10-07T03:09:50Z,October,10,7,03:09:50,take me by the hand,Oklou,choke enough
2025-10-08T00:05:07Z,October,10,8,00:05:07,take me by the hand,Oklou,choke enough
2025-10-08T00:08:09Z,October,10,8,00:08:09,Breathless,Caroline Polachek,Breathless
2025-10-08T00:10:39Z,October,10,8,00:10:39,giirL math,horsegiirL,v.i.p. - very important pony
2025-10-08T00:12:53Z,October,10,8,00:12:53,take it offff,horsegiirL,v.i.p. - very important pony
2025-10-08T00:15:50Z,October,10,8,00:15:50,Starsiigns,horsegiirL,Starsiigns
2025-10-08T00:20:15Z,October,10,8,00:20:15,B.S.A.S. (Si Alguna Vez te Sentís Sola de Noche),EQ,EQ
2025-10-08T00:22:46Z,October,10,8,00:22:46,Know Who You Are,Finn Keane,ELECTRIC
2025-10-08T00:26:33Z,October,10,8,00:26:33,Azimuth,Danny L Harle,Azimuth
2025-10-08T00:29:39Z,October,10,8,00:29:39,Thirst Trap,Audrey Hobert,Who's the Clown?
2025-10-08T00:34:24Z,October,10,8,00:34:24,My Barn My Rules,MCR-T,My Barn My Rules
2025-10-08T00:37:30Z,October,10,8,00:37:30,Freak It,Kim Petras,Freak It
2025-10-08T00:40:20Z,October,10,8,00:40:20,True Religion,Shygirl,True Religion
2025-10-08T00:44:02Z,October,10,8,00:44:02,Take over Control (feat. Eva Simons),AFROJACK,Take over Control (feat. Eva Simons)
2025-10-08T00:48:18Z,October,10,8,00:48:18,Backseat (feat. Carly Rae Jepsen),Charli xcx,Pop 2
2025-10-08T00:52:16Z,October,10,8,00:52:16,Out of My Head (feat. Tove Lo and ALMA),Charli xcx,Pop 2
2025-10-08T02:26:00Z,October,10,8,02:26:00,Fame is a Gun,Addison Rae,Addison
2025-10-08T02:28:32Z,October,10,8,02:28:32,Apple,Charli xcx,BRAT
2025-10-08T02:31:04Z,October,10,8,02:31:04,Sympathy is a knife,Charli xcx,BRAT
2025-10-08T02:36:18Z,October,10,8,02:36:18,Times Like These,Addison Rae,Addison
2025-10-08T02:39:20Z,October,10,8,02:39:20,Sympathy is a knife featuring ariana grande,Charli xcx,Brat and it’s completely different but also still brat
2025-10-08T02:42:30Z,October,10,8,02:42:30,Von dutch a. g. cook remix featuring addison rae,Charli xcx,Brat and it’s completely different but also still brat
2025-10-08T02:46:40Z,October,10,8,02:46:40,I might say something stupid featuring the 1975 & jon hopkins,Charli xcx,Brat and it’s completely different but also still brat
2025-10-08T02:58:06Z,October,10,8,02:58:06,Everything is romantic featuring caroline polachek,Charli xcx,Brat and it’s completely different but also still brat
2025-10-08T03:01:37Z,October,10,8,03:01:37,Blue Moon,Zara Larsson,Midnight Sun
2025-10-08T03:04:15Z,October,10,8,03:04:15,Pretty Ugly,Zara Larsson,Midnight Sun
2025-10-08T03:07:18Z,October,10,8,03:07:18,Breathless,Caroline Polachek,Breathless
2025-10-08T03:10:54Z,October,10,8,03:10:54,Boytoy,EQ,EQ
2025-10-08T03:15:29Z,October,10,8,03:15:29,B.S.A.S. (Si Alguna Vez te Sentís Sola de Noche),EQ,EQ
2025-10-08T03:18:56Z,October,10,8,03:18:56,Girls My Age,EQ,EQ
2025-10-08T03:23:12Z,October,10,8,03:23:12,Subway Lullaby,EQ,EQ
2025-10-08T03:26:23Z,October,10,8,03:26:23,EQetamine,EQ,EQ
2025-10-08T03:38:12Z,October,10,8,03:38:12,7’ Mix,EQ,EQ
2025-10-08T03:41:08Z,October,10,8,03:41:08,TIT FOR TAT,Tate McRae,TIT FOR TAT
2025-10-08T18:35:14Z,October,10,8,18:35:14,Sweet Dreams,Beyoncé,I AM...SASHA FIERCE
2025-10-08T20:40:03Z,October,10,8,20:40:03,Boytoy,EQ,EQ
2025-10-08T20:43:24Z,October,10,8,20:43:24,Stellar,Incubus,Make Yourself
2025-10-08T20:47:53Z,October,10,8,20:47:53,Hide and Seek,Imogen Heap,Speak for Yourself
2025-10-08T20:50:44Z,October,10,8,20:50:44,uhoh,Kim Petras,Feed The Beast
2025-10-08T20:54:06Z,October,10,8,20:54:06,California,Lorde,Solar Power
2025-10-08T20:57:19Z,October,10,8,20:57:19,1999 - EASYFUN Remix,Charli xcx,1999
2025-10-08T21:00:15Z,October,10,8,21:00:15,Viola,Yves,I Did
2025-10-08T21:04:14Z,October,10,8,21:04:14,Pogo,Digitalism,Idealism
2025-10-08T21:08:16Z,October,10,8,21:08:16,Lipgloss (feat. CupcakKe),Charli xcx,Number 1 Angel
2025-10-08T21:11:34Z,October,10,8,21:11:34,B2b,Charli xcx,BRAT
2025-10-08T21:14:57Z,October,10,8,21:14:57,Focus,Charli xcx,Focus / No Angel
2025-10-08T21:18:22Z,October,10,8,21:18:22,Roll the Dice,Toro Oro,Roll the Dice
2025-10-08T21:23:19Z,October,10,8,21:23:19,Gimme More,Britney Spears,Blackout
2025-10-08T21:26:07Z,October,10,8,21:26:07,giirL math,horsegiirL,v.i.p. - very important pony
2025-10-08T21:29:16Z,October,10,8,21:29:16,HARD,SOPHIE,HARD
2025-10-08T21:51:52Z,October,10,8,21:51:52,Hammer,Lorde,Virgin
2025-10-08T21:54:28Z,October,10,8,21:54:28,GRWM,Lorde,Virgin
2025-10-08T21:57:42Z,October,10,8,21:57:42,Broken Glass,Lorde,Virgin
2025-10-08T21:59:49Z,October,10,8,21:59:49,Clearblue,Lorde,Virgin
2025-10-08T22:15:18Z,October,10,8,22:15:18,Current Affairs,Lorde,Virgin
2025-10-08T22:19:36Z,October,10,8,22:19:36,Shapeshifter,Lorde,Virgin
2025-10-08T22:23:04Z,October,10,8,22:23:04,David,Lorde,Virgin
2025-10-09T03:13:42Z,October,10,9,03:13:42,Hammer,Lorde,Virgin
2025-10-09T03:16:56Z,October,10,9,03:16:56,Broken Glass,Lorde,Virgin
2025-10-09T03:20:16Z,October,10,9,03:20:16,flash,2hollis,star
2025-10-09T03:24:04Z,October,10,9,03:24:04,girl on my throne,Oklou,Galore
2025-10-09T03:27:08Z,October,10,9,03:27:08,god's chariots,Oklou,Galore
2025-10-09T03:30:39Z,October,10,9,03:30:39,Club classics featuring bb trickz,Charli xcx,Brat and it’s completely different but also still brat
2025-10-09T21:37:19Z,October,10,9,21:37:19,I might say something stupid featuring the 1975 & jon hopkins,Charli xcx,Brat and it’s completely different but also still brat
2025-10-09T21:44:02Z,October,10,9,21:44:02,viscus (feat. FKA twigs),Oklou,viscus (feat. FKA twigs)
2025-10-09T21:47:44Z,October,10,9,21:47:44,What You Waiting For? - Remastered 2019,Gwen Stefani,Love. Angel. Music. Baby.
2025-10-09T21:51:40Z,October,10,9,21:51:40,Rich Girl - Remastered 2019,Gwen Stefani,Love. Angel. Music. Baby.
2025-10-09T21:55:00Z,October,10,9,21:55:00,Hollaback Girl - Remastered 2019,Gwen Stefani,Love. Angel. Music. Baby.
2025-10-09T21:58:09Z,October,10,9,21:58:09,Cool - Remastered 2019,Gwen Stefani,Love. Angel. Music. Baby.
2025-10-09T22:01:52Z,October,10,9,22:01:52,Bubble Pop Electric - Remastered 2019,Gwen Stefani,Love. Angel. Music. Baby.
2025-10-09T22:06:17Z,October,10,9,22:06:17,Luxurious - Remastered 2019,Gwen Stefani,Love. Angel. Music. Baby.
2025-10-09T22:11:07Z,October,10,9,22:11:07,Harajuku Girls - Remastered 2019,Gwen Stefani,Love. Angel. Music. Baby.
2025-10-09T22:15:14Z,October,10,9,22:15:14,Crash - Remastered 2019,Gwen Stefani,Love. Angel. Music. Baby.
2025-10-09T22:19:24Z,October,10,9,22:19:24,The Real Thing - Remastered 2019,Gwen Stefani,Love. Angel. Music. Baby.
2025-10-09T22:24:10Z,October,10,9,22:24:10,Serious - Remastered 2019,Gwen Stefani,Love. Angel. Music. Baby.
2025-10-09T22:27:47Z,October,10,9,22:27:47,Danger Zone - Remastered 2019,Gwen Stefani,Love. Angel. Music. Baby.
2025-10-09T22:32:32Z,October,10,9,22:32:32,Long Way To Go - Remastered 2019,Gwen Stefani,Love. Angel. Music. Baby.
2025-10-09T22:37:09Z,October,10,9,22:37:09,viscus (feat. FKA twigs),Oklou,viscus (feat. FKA twigs)
2025-10-09T22:40:50Z,October,10,9,22:40:50,The Path,Lorde,Solar Power
2025-10-09T22:44:03Z,October,10,9,22:44:03,Solar Power,Lorde,Solar Power
2025-10-09T22:47:23Z,October,10,9,22:47:23,California,Lorde,Solar Power
2025-10-09T22:51:50Z,October,10,9,22:51:50,Stoned at the Nail Salon,Lorde,Solar Power
2025-10-09T22:55:48Z,October,10,9,22:55:48,Fallen Fruit,Lorde,Solar Power
2025-10-09T22:59:26Z,October,10,9,22:59:26,Secrets from a Girl (Who's Seen it All),Lorde,Solar Power
2025-10-09T23:07:53Z,October,10,9,23:07:53,The Man with the Axe,Lorde,Solar Power
2025-10-09T23:09:56Z,October,10,9,23:09:56,Dominoes,Lorde,Solar Power
2025-10-09T23:12:43Z,October,10,9,23:12:43,Big Star,Lorde,Solar Power
2025-10-09T23:14:17Z,October,10,9,23:14:17,Leader of a New Regime,Lorde,Solar Power
2025-10-09T23:18:02Z,October,10,9,23:18:02,Mood Ring,Lorde,Solar Power
2025-10-09T23:24:42Z,October,10,9,23:24:42,Oceanic Feeling,Lorde,Solar Power
2025-10-09T23:27:34Z,October,10,9,23:27:34,Helen of Troy - Bonus Track,Lorde,Solar Power
2025-10-10T01:13:38Z,October,10,10,01:13:38,Hold No Grudge - Bonus Track,Lorde,Solar Power
2025-10-10T03:11:43Z,October,10,10,03:11:43,viscus (feat. FKA twigs),Oklou,viscus (feat. FKA twigs)
2025-10-10T03:14:35Z,October,10,10,03:14:35,take me by the hand,Oklou,choke enough
2025-10-10T03:18:04Z,October,10,10,03:18:04,ict,Oklou,choke enough
2025-10-10T03:22:14Z,October,10,10,03:22:14,OOH,SOPHIE,OOH
2025-10-10T03:26:29Z,October,10,10,03:26:29,I Know Alone,HAIM,Women In Music Pt. III
2025-10-10T03:30:39Z,October,10,10,03:30:39,Perfect Places,Lorde,Melodrama
2025-10-10T03:31:59Z,October,10,10,03:31:59,say it,2hollis,boy
2025-10-10T03:34:05Z,October,10,10,03:34:05,viscus (feat. FKA twigs),Oklou,viscus (feat. FKA twigs)
2025-10-10T03:35:36Z,October,10,10,03:35:36,sister,2hollis,boy
2025-10-10T20:00:52Z,October,10,10,20:00:52,viscus (feat. FKA twigs),Oklou,viscus (feat. FKA twigs)
2025-10-10T20:06:22Z,October,10,10,20:06:22,Thing Called Love - Original Mix,Above & Beyond,Group Therapy
2025-10-10T20:10:47Z,October,10,10,20:10:47,I'm Not Alone - 2009 Remaster,Calvin Harris,I'm Not Alone 2019
2025-10-10T20:12:56Z,October,10,10,20:12:56,take it offff,horsegiirL,v.i.p. - very important pony
2025-10-10T20:32:21Z,October,10,10,20:32:21,Femmebot (feat. Dorian Electra and Mykki Blanco),Charli xcx,Pop 2
2025-10-10T20:43:45Z,October,10,10,20:43:45,Thing Called Love - Original Mix,Above & Beyond,Group Therapy
2025-10-10T20:47:55Z,October,10,10,20:47:55,viscus (feat. FKA twigs),Oklou,viscus (feat. FKA twigs)
2025-10-10T20:51:12Z,October,10,10,20:51:12,Illegal + SEVENTEEN,PinkPantheress,Fancy Some More?
2025-10-10T20:53:34Z,October,10,10,20:53:34,Girl Like Me + Oklou,PinkPantheress,Fancy Some More?
2025-10-11T05:00:04Z,October,10,11,05:00:04,Stateside + Kylie Minogue,PinkPantheress,Fancy Some More?
2025-10-11T05:06:55Z,October,10,11,05:06:55,Thing Called Love - Original Mix,Above & Beyond,Group Therapy
2025-10-11T05:10:40Z,October,10,11,05:10:40,viscus (feat. FKA twigs),Oklou,viscus (feat. FKA twigs)
2025-10-11T05:14:18Z,October,10,11,05:14:18,I'm Not Alone - 2009 Remaster,Calvin Harris,I'm Not Alone 2019
2025-10-11T05:16:36Z,October,10,11,05:16:36,take it offff,horsegiirL,v.i.p. - very important pony
2025-10-11T05:20:31Z,October,10,11,05:20:31,giirL math,horsegiirL,v.i.p. - very important pony
2025-10-13T01:04:51Z,October,10,13,01:04:51,Alejandro,Lady Gaga,The Fame Monster
2025-10-13T01:10:35Z,October,10,13,01:10:35,Thing Called Love - Original Mix,Above & Beyond,Group Therapy
2025-10-13T01:14:16Z,October,10,13,01:14:16,viscus (feat. FKA twigs),Oklou,viscus (feat. FKA twigs)
2025-10-13T01:15:43Z,October,10,13,01:15:43,Internet Killed the Video Star,The Limousines,Get Sharp
2025-10-13T01:18:12Z,October,10,13,01:18:12,giirL math,horsegiirL,v.i.p. - very important pony
2025-10-13T03:01:26Z,October,10,13,03:01:26,IN MY ROOM (CHAEYOUNG),TWICE,TEN: The Story Goes On
2025-10-13T03:02:50Z,October,10,13,03:02:50,IN MY ROOM (CHAEYOUNG),TWICE,TEN: The Story Goes On
2025-10-13T03:05:59Z,October,10,13,03:05:59,Pretty Ugly,Zara Larsson,Midnight Sun
2025-10-13T03:10:43Z,October,10,13,03:10:43,Blue Moon,Zara Larsson,Midnight Sun
2025-10-13T03:13:21Z,October,10,13,03:13:21,Von dutch a. g. cook remix featuring addison rae,Charli xcx,Brat and it’s completely different but also still brat
2025-10-13T03:16:10Z,October,10,13,03:16:10,IN MY ROOM (CHAEYOUNG),TWICE,TEN: The Story Goes On
2025-10-13T03:19:09Z,October,10,13,03:19:09,Tonight + JADE,PinkPantheress,Tonight + JADE
2025-10-13T03:53:52Z,October,10,13,03:53:52,viscus (feat. FKA twigs),Oklou,viscus (feat. FKA twigs)
2025-10-13T03:57:45Z,October,10,13,03:57:45,viscus (feat. FKA twigs),Oklou,viscus (feat. FKA twigs)
2025-10-13T04:00:33Z,October,10,13,04:00:33,Illegal + SEVENTEEN,PinkPantheress,Illegal + SEVENTEEN
2025-10-13T04:06:08Z,October,10,13,04:06:08,Thirst Trap,Audrey Hobert,Who's the Clown?
2025-10-13T04:11:39Z,October,10,13,04:11:39,Times Like These,Addison Rae,Addison
2025-10-13T04:14:24Z,October,10,13,04:14:24,flash,2hollis,star
2025-10-13T04:16:54Z,October,10,13,04:16:54,giirL math,horsegiirL,v.i.p. - very important pony
2025-10-14T00:55:02Z,October,10,14,00:55:02,Sweet Dreams,Beyoncé,I AM...SASHA FIERCE
2025-10-14T00:58:54Z,October,10,14,00:58:54,Times Like These,Addison Rae,Addison
2025-10-14T01:02:08Z,October,10,14,01:02:08,Hammer,Lorde,Virgin
2025-10-14T01:06:25Z,October,10,14,01:06:25,Shapeshifter,Lorde,Virgin
2025-10-14T01:09:35Z,October,10,14,01:09:35,Sober,Lorde,Melodrama
2025-10-14T01:13:21Z,October,10,14,01:13:21,Mood Ring,Lorde,Solar Power
2025-10-14T01:17:04Z,October,10,14,01:17:04,Stoned at the Nail Salon,Lorde,Solar Power
2025-10-14T01:18:25Z,October,10,14,01:18:25,Stoned at the Nail Salon,Lorde,Solar Power
2025-10-14T04:57:18Z,October,10,14,04:57:18,I Don't Sell - Records Remix,umru,I Don't Sell
2025-10-15T00:44:33Z,October,10,15,00:44:33,The Path,Lorde,Solar Power
2025-10-15T00:47:38Z,October,10,15,00:47:38,IN MY ROOM (CHAEYOUNG),TWICE,TEN: The Story Goes On
2025-10-15T02:50:32Z,October,10,15,02:50:32,viscus (feat. FKA twigs),Oklou,viscus (feat. FKA twigs)
2025-10-15T02:57:48Z,October,10,15,02:57:48,What Was That,Lorde,Virgin
2025-10-15T03:01:14Z,October,10,15,03:01:14,I Like Ur Look,Kim Petras,I Like Ur Look
2025-10-15T03:04:39Z,October,10,15,03:04:39,Predador de Perereca,BLOW RECORDS,Predador de Perereca
2025-10-15T03:04:40Z,October,10,15,03:04:40,Bésame Sin Miedo,RBD,Celestial
2025-10-15T03:08:26Z,October,10,15,03:08:26,Bésame Sin Miedo,RBD,Celestial
2025-10-15T03:12:54Z,October,10,15,03:12:54,A New Kind Of Love - Demo,Frou Frou,A New Kind Of Love
2025-10-15T03:17:53Z,October,10,15,03:17:53,The Steps,HAIM,Women In Music Pt. III
2025-10-15T03:23:26Z,October,10,15,03:23:26,Off To The Races,Lana Del Rey,Born To Die - The Paradise Edition
2025-10-15T03:26:36Z,October,10,15,03:26:36,Wind It Up,Gwen Stefani,The Sweet Escape
2025-10-15T03:31:33Z,October,10,15,03:31:33,Yummy,Gwen Stefani,The Sweet Escape
2025-10-15T03:34:59Z,October,10,15,03:34:59,Sweet Dreams,Beyoncé,I AM...SASHA FIERCE
2025-10-15T03:39:32Z,October,10,15,03:39:32,Alejandro,Lady Gaga,The Fame Monster
2025-10-15T03:42:35Z,October,10,15,03:42:35,Milkshake,Kelis,The Hits
2025-10-15T03:47:26Z,October,10,15,03:47:26,Harajuku Girls,Gwen Stefani,Love. Angel. Music. Baby.
2025-10-15T03:50:09Z,October,10,15,03:50:09,I Don't Sell - Records Remix,umru,I Don't Sell
2025-10-15T04:16:56Z,October,10,15,04:16:56,I Like Ur Look,Kim Petras,I Like Ur Look
2025-10-15T22:45:00Z,October,10,15,22:45:00,IN MY ROOM (CHAEYOUNG),TWICE,TEN: The Story Goes On
2025-10-15T22:47:52Z,October,10,15,22:47:52,I Like Ur Look,Kim Petras,I Like Ur Look
2025-10-15T22:50:34Z,October,10,15,22:50:34,I Don't Sell - Records Remix,umru,I Don't Sell
2025-10-15T22:54:59Z,October,10,15,22:54:59,B.S.A.S. (Si Alguna Vez te Sentís Sola de Noche),EQ,EQ
2025-10-15T22:57:30Z,October,10,15,22:57:30,giirL math,horsegiirL,v.i.p. - very important pony
2025-10-15T23:02:17Z,October,10,15,23:02:17,HENTAI,ROSALÍA,MOTOMAMI
2025-10-15T23:05:51Z,October,10,15,23:05:51,"1,2,3 dayz up",Kim Petras,"1,2,3 dayz up"
2025-10-15T23:08:21Z,October,10,15,23:08:21,Nothing On (But The Radio),Addison Rae,AR
2025-10-15T23:13:13Z,October,10,15,23:13:13,RADIO (feat. Kim Petras),Frost Children,SISTER
2025-10-15T23:15:52Z,October,10,15,23:15:52,Ralph Lauren (feat. Babymorocco),Frost Children,SISTER
2025-10-15T23:19:41Z,October,10,15,23:19:41,Beautiful,A. G. Cook,"PC Music, Vol. 1"
2025-10-16T00:04:07Z,October,10,16,00:04:07,Thing Called Love - Original Mix,Above & Beyond,Group Therapy
2025-10-16T00:08:49Z,October,10,16,00:08:49,Starsiigns,horsegiirL,Starsiigns
2025-10-16T04:02:30Z,October,10,16,04:02:30,"1,2,3 dayz up",Kim Petras,"1,2,3 dayz up"
2025-10-16T04:04:54Z,October,10,16,04:04:54,take me by the hand,Oklou,choke enough
2025-10-16T04:23:52Z,October,10,16,04:23:52,take me by the hand (Aaron Hibell remix),Oklou,choke enough (remixes)
2025-10-16T04:28:03Z,October,10,16,04:28:03,I Don't Sell - Records Remix,umru,I Don't Sell
2025-10-16T04:30:09Z,October,10,16,04:30:09,I Like Ur Look,Kim Petras,I Like Ur Look
2025-10-16T04:31:54Z,October,10,16,04:31:54,I Like Ur Look,Kim Petras,I Like Ur Look
2025-10-16T04:34:38Z,October,10,16,04:34:38,flash,2hollis,star
2025-10-16T04:41:24Z,October,10,16,04:41:24,B.S.A.S. (Si Alguna Vez te Sentís Sola de Noche),EQ,EQ
2025-10-16T04:43:55Z,October,10,16,04:43:55,giirL math,horsegiirL,v.i.p. - very important pony
2025-10-16T04:46:13Z,October,10,16,04:46:13,take it offff,horsegiirL,v.i.p. - very important pony
2025-10-16T04:49:44Z,October,10,16,04:49:44,break,xo,whitenoise
2025-10-16T04:53:07Z,October,10,16,04:53:07,Welcome To My Island - George Daniel & Charli XCX Remix,Caroline Polachek,Welcome To My Island
2025-10-16T04:57:07Z,October,10,16,04:57:07,Lipgloss (feat. CupcakKe),Charli xcx,Number 1 Angel
2025-10-16T04:59:42Z,October,10,16,04:59:42,Hot Girl (Bodies Bodies Bodies),Charli xcx,Hot Girl (Bodies Bodies Bodies)
2025-10-16T05:03:32Z,October,10,16,05:03:32,Get Back,Britney Spears,Blackout
2025-10-16T05:08:17Z,October,10,16,05:08:17,Get Naked (I Got a Plan),Britney Spears,Blackout
2025-10-16T05:11:50Z,October,10,16,05:11:50,Piece of Me,Britney Spears,Blackout
2025-10-16T05:15:03Z,October,10,16,05:15:03,Wind It Up,Gwen Stefani,The Sweet Escape
2025-10-16T05:20:01Z,October,10,16,05:20:01,Yummy,Gwen Stefani,The Sweet Escape
2025-10-16T05:23:42Z,October,10,16,05:23:42,What You Waiting For?,Gwen Stefani,Love. Angel. Music. Baby.
2025-10-16T05:28:09Z,October,10,16,05:28:09,Bum Like You,Robyn,Robyn
2025-10-16T05:31:35Z,October,10,16,05:31:35,Big Juicy,Ayesha Erotica,Big Juicy
2025-10-16T05:33:50Z,October,10,16,05:33:50,Princess,Ayesha Erotica,Princess
2025-10-16T05:36:45Z,October,10,16,05:36:45,Yummy,Ayesha Erotica,Fresh Meat
2025-10-16T05:38:55Z,October,10,16,05:38:55,Block,Brooke Candy,Block
2025-10-16T05:41:27Z,October,10,16,05:41:27,Childlike Things,FKA twigs,EUSEXUA
2025-10-16T05:44:36Z,October,10,16,05:44:36,Yeah Right,Vince Staples,Big Fish Theory
2025-10-16T05:48:30Z,October,10,16,05:48:30,Immaterial,SOPHIE,OIL OF EVERY PEARL'S UN-INSIDES
2025-10-16T05:49:22Z,October,10,16,05:49:22,HARD,SOPHIE,HARD
2025-10-16T05:50:19Z,October,10,16,05:50:19,OOH,SOPHIE,OOH
2025-10-16T05:53:20Z,October,10,16,05:53:20,GET HIGHER,SOPHIE,GET HIGHER
2025-10-16T05:57:51Z,October,10,16,05:57:51,xXXi_wud_nvrstøp_ÜXXx (Remix) [feat. Tommy Cash & Hannah Diamond],100 gecs,1000 gecs and The Tree of Clues
2025-10-16T06:02:19Z,October,10,16,06:02:19,Stereo Love - Original,Edward Maya,Stereo Love
2025-10-16T06:08:13Z,October,10,16,06:08:13,Alejandro,Lady Gaga,The Fame Monster
2025-10-16T06:12:37Z,October,10,16,06:12:37,Paper Gangsta,Lady Gaga,The Fame
2025-10-16T06:16:14Z,October,10,16,06:16:14,Starstruck,Lady Gaga,The Fame
2025-10-16T06:19:37Z,October,10,16,06:19:37,Milkshake,Kelis,The Hits
2025-10-16T06:21:55Z,October,10,16,06:21:55,Gnarly,KATSEYE,Gnarly
2025-10-16T06:22:33Z,October,10,16,06:22:33,"Nasty Girl [In the Style of ""Vanity 6""]",Done Again,Vanity 6 - Nasty Girl (Reproduction)
2025-10-16T06:27:31Z,October,10,16,06:27:31,Nasty Girl,The Greatest Hit Squad,Sexual Smash Hit Party Music
2025-10-16T06:31:30Z,October,10,16,06:31:30,Dreamer - Compound Version,Charli xcx,Number 1 Angel
2025-10-16T06:36:04Z,October,10,16,06:36:04,Delicious (feat. Tommy Cash),Charli xcx,Pop 2
2025-10-16T06:39:56Z,October,10,16,06:39:56,"I Got It (feat. Brooke Candy, CupcakKe and Pabllo Vittar)",Charli xcx,Pop 2
2025-10-16T06:44:17Z,October,10,16,06:44:17,Backseat (feat. Carly Rae Jepsen),Charli xcx,Pop 2
2025-10-16T06:46:55Z,October,10,16,06:46:55,Von dutch a. g. cook remix featuring addison rae,Charli xcx,Brat and it’s completely different but also still brat
2025-10-16T06:49:59Z,October,10,16,06:49:59,Fame is a Gun,Addison Rae,Addison
2025-10-16T06:53:13Z,October,10,16,06:53:13,Hammer,Lorde,Virgin
2025-10-16T06:56:54Z,October,10,16,06:56:54,Take over Control (feat. Eva Simons),AFROJACK,Take over Control (feat. Eva Simons)
2025-10-16T06:59:48Z,October,10,16,06:59:48,Sugar Water Cyanide,Rebecca Black,Sugar Water Cyanide
2025-10-16T07:02:26Z,October,10,16,07:02:26,Trophy,Charli xcx,Vroom Vroom EP
2025-10-16T07:04:01Z,October,10,16,07:04:01,Vroom Vroom,Charli xcx,Vroom Vroom EP
2025-10-16T07:08:25Z,October,10,16,07:08:25,Throat Goat,Kim Petras,Slut Pop
2025-10-16T07:11:13Z,October,10,16,07:11:13,uhoh,Kim Petras,Feed The Beast
2025-10-16T07:11:59Z,October,10,16,07:11:59,Cubana,Kim Petras,Slut Pop Miami
2025-10-16T07:15:50Z,October,10,16,07:15:50,Screen Cleaner,George Daniel,Screen Cleaner
2025-10-16T07:18:43Z,October,10,16,07:18:43,harvest sky,Oklou,choke enough
2025-10-16T07:19:45Z,October,10,16,07:19:45,jeans,2hollis,jeans
2025-10-16T07:22:36Z,October,10,16,07:22:36,EQetamine,EQ,EQ
2025-10-16T07:27:00Z,October,10,16,07:27:00,Yeah I Know,The 1975,Notes On A Conditional Form
2025-10-16T07:31:13Z,October,10,16,07:31:13,Image,Magdalena Bay,Imaginal Disk
2025-10-16T07:34:53Z,October,10,16,07:34:53,Rock Star,Prima J,Rockstar
2025-10-16T07:38:22Z,October,10,16,07:38:22,SHYPOP,ISOxo,kidsgonemad!
2025-10-16T07:39:15Z,October,10,16,07:39:15,Queen Of This Shit,Quay Dash,Queen Of This Shit
2025-10-16T07:41:15Z,October,10,16,07:41:15,Easy,Troye Sivan,In A Dream
2025-10-16T07:44:57Z,October,10,16,07:44:57,Take Yourself Home,Troye Sivan,In A Dream
2025-10-16T07:45:59Z,October,10,16,07:45:59,Imagining,Rina Sawayama,Hold The Girl
2025-10-16T07:49:31Z,October,10,16,07:49:31,MOTOMAMI,ROSALÍA,MOTOMAMI
2025-10-16T07:50:44Z,October,10,16,07:50:44,SAOKO,ROSALÍA,MOTOMAMI
2025-10-16T07:53:31Z,October,10,16,07:53:31,DELIRIO DE GRANDEZA,ROSALÍA,MOTOMAMI
2025-10-16T07:54:46Z,October,10,16,07:54:46,tears in the club (feat. the weeknd),FKA twigs,CAPRISONGS
2025-10-16T07:56:03Z,October,10,16,07:56:03,pamplemousse,FKA twigs,CAPRISONGS
2025-10-16T07:57:31Z,October,10,16,07:57:31,Room Of Fools,FKA twigs,EUSEXUA
2025-10-16T08:08:50Z,October,10,16,08:08:50,Jam (Turn It Up),Kim Kardashian,Jam (Turn It Up)
2025-10-16T08:09:53Z,October,10,16,08:09:53,Kiss & Tell,ITZY,Girls Will Be Girls
2025-10-16T08:10:37Z,October,10,16,08:10:37,TING TING TING (with Oliver Heldens),ITZY,IT'z ME
2025-10-16T08:11:23Z,October,10,16,08:11:23,24HRS,ITZY,IT'z ME
2025-10-16T08:12:37Z,October,10,16,08:12:37,Whiplash,aespa,Whiplash - The 5th Mini Album
2025-10-16T08:13:10Z,October,10,16,08:13:10,YES,HYO,YES
2025-10-16T08:16:51Z,October,10,16,08:16:51,Shake It Like A,Frost Children,Shake It Like A (Jane Remover Remix)
2025-10-16T08:18:32Z,October,10,16,08:18:32,gossip,Confidence Man,gossip
2025-10-16T20:29:32Z,October,10,16,20:29:32,My Barn My Rules,MCR-T,My Barn My Rules
2025-10-16T20:40:03Z,October,10,16,20:40:03,I Don't Sell - Records Remix,umru,I Don't Sell
2025-10-16T20:42:53Z,October,10,16,20:42:53,True Religion,Shygirl,True Religion
2025-10-16T20:46:45Z,October,10,16,20:46:45,"I Got It (feat. Brooke Candy, CupcakKe and Pabllo Vittar)",Charli xcx,Pop 2
2025-10-16T20:51:21Z,October,10,16,20:51:21,Yeah I Know,The 1975,Notes On A Conditional Form
2025-10-16T20:54:23Z,October,10,16,20:54:23,jeans,2hollis,jeans
2025-10-16T20:57:53Z,October,10,16,20:57:53,Screen Cleaner,George Daniel,Screen Cleaner
2025-10-16T21:01:16Z,October,10,16,21:01:16,I Like Ur Look,Kim Petras,I Like Ur Look
2025-10-16T21:04:33Z,October,10,16,21:04:33,take me by the hand,Oklou,choke enough
2025-10-16T21:08:47Z,October,10,16,21:08:47,Image,Magdalena Bay,Imaginal Disk
2025-10-16T21:12:28Z,October,10,16,21:12:28,Take over Control (feat. Eva Simons),AFROJACK,Take over Control (feat. Eva Simons)
2025-10-16T21:15:13Z,October,10,16,21:15:13,CRAZY,LE SSERAFIM,CRAZY
2025-10-16T21:18:16Z,October,10,16,21:18:16,Milkshake - Radio Mix,Kelis,Tasty
2025-10-16T21:22:02Z,October,10,16,21:22:02,Warm (feat. HAIM),Charli xcx,Charli
2025-10-16T21:24:35Z,October,10,16,21:24:35,New York,Addison Rae,Addison
2025-10-16T22:03:44Z,October,10,16,22:03:44,"1,2,3 dayz up",Kim Petras,"1,2,3 dayz up"
2025-10-16T22:07:22Z,October,10,16,22:07:22,"1,2,3 dayz up",Kim Petras,"1,2,3 dayz up"
2025-10-16T22:10:12Z,October,10,16,22:10:12,EQetamine,EQ,EQ
2025-10-16T22:13:39Z,October,10,16,22:13:39,"Girl, so confusing featuring lorde",Charli xcx,Brat and it’s completely different but also still brat
2025-10-16T22:16:25Z,October,10,16,22:16:25,Kiss & Tell,ITZY,Girls Will Be Girls
2025-10-16T22:20:15Z,October,10,16,22:20:15,Get Back,Britney Spears,Blackout
2025-10-16T22:25:10Z,October,10,16,22:25:10,B.S.A.S. (Si Alguna Vez te Sentís Sola de Noche),EQ,EQ
2025-10-16T22:44:06Z,October,10,16,22:44:06,how2fly,ISOxo,kidsgonemad!
2025-10-16T22:46:26Z,October,10,16,22:46:26,SAOKO,ROSALÍA,MOTOMAMI
2025-10-16T22:50:27Z,October,10,16,22:50:27,Falling,Frost Children,SISTER
2025-10-16T22:53:19Z,October,10,16,22:53:19,I Like Ur Look,Kim Petras,I Like Ur Look
2025-10-16T23:05:19Z,October,10,16,23:05:19,Shake It Like A,Frost Children,Shake It Like A (Jane Remover Remix)
2025-10-16T23:08:49Z,October,10,16,23:08:49,Welcome To My Island - George Daniel & Charli XCX Remix,Caroline Polachek,Welcome To My Island
2025-10-16T23:13:16Z,October,10,16,23:13:16,My Barn My Rules,MCR-T,My Barn My Rules
2025-10-17T19:02:05Z,October,10,17,19:02:05,air,xo,whitenoise
2025-10-17T21:34:58Z,October,10,17,21:34:58,Constant Repeat,Charli xcx,CRASH
2025-10-17T21:36:40Z,October,10,17,21:36:40,Cubana,Kim Petras,Slut Pop Miami
2025-10-17T21:39:18Z,October,10,17,21:39:18,Hot Girl (Bodies Bodies Bodies),Charli xcx,Hot Girl (Bodies Bodies Bodies)
2025-10-17T21:43:08Z,October,10,17,21:43:08,visions,Charli xcx,how i'm feeling now
2025-10-17T21:44:23Z,October,10,17,21:44:23,El Alma Que Te Trajo,Safety Trance,El Alma Que Te Trajo
2025-10-17T21:45:52Z,October,10,17,21:45:52,El Alma Que Te Trajo,Safety Trance,El Alma Que Te Trajo
2025-10-17T21:50:53Z,October,10,17,21:50:53,Alejandro,Lady Gaga,The Fame Monster
2025-10-17T21:53:33Z,October,10,17,21:53:33,Trophy,Charli xcx,Vroom Vroom EP
2025-10-17T21:57:43Z,October,10,17,21:57:43,When I Grow Up,The Pussycat Dolls,Doll Domination
2025-10-17T22:01:04Z,October,10,17,22:01:04,Homemade Dynamite,Lorde,Melodrama
2025-10-17T22:04:37Z,October,10,17,22:04:37,Piece of Me,Britney Spears,Blackout
2025-10-17T22:07:46Z,October,10,17,22:07:46,Yeah Right,Vince Staples,Big Fish Theory
2025-10-18T02:57:38Z,October,10,18,02:57:38,Screen Cleaner,George Daniel,Screen Cleaner
2025-10-18T19:40:35Z,October,10,18,19:40:35,No Better,Lorde,No Better
2025-10-18T19:45:09Z,October,10,18,19:45:09,The Louvre,Lorde,Melodrama
2025-10-18T19:51:49Z,October,10,18,19:51:49,Oceanic Feeling,Lorde,Solar Power
2025-10-18T20:48:31Z,October,10,18,20:48:31,No Better,Lorde,No Better
2025-10-18T20:52:36Z,October,10,18,20:52:36,Warm (feat. HAIM),Charli xcx,Charli
2025-10-18T20:56:08Z,October,10,18,20:56:08,Piece of Me,Britney Spears,Blackout
2025-10-18T21:01:03Z,October,10,18,21:01:03,I like u (Extended),Tove Lo,I like u (Remixes)
2025-10-18T21:05:12Z,October,10,18,21:05:12,Stereo Love - Original,Edward Maya,Stereo Love
2025-10-18T21:09:15Z,October,10,18,21:09:15,SexyBack (feat. Timbaland),Justin Timberlake,FutureSex/LoveSounds
2025-10-18T21:13:02Z,October,10,18,21:13:02,Azimuth,Danny L Harle,Azimuth
2025-10-18T21:16:33Z,October,10,18,21:16:33,break,xo,whitenoise
2025-10-18T21:18:45Z,October,10,18,21:18:45,Block,Brooke Candy,Block
2025-10-18T21:21:22Z,October,10,18,21:21:22,Von dutch a. g. cook remix featuring addison rae,Charli xcx,Brat and it’s completely different but also still brat
2025-10-18T21:24:26Z,October,10,18,21:24:26,Milkshake - Radio Mix,Kelis,Tasty
2025-10-18T21:28:03Z,October,10,18,21:28:03,Starstruck,Lady Gaga,The Fame
2025-10-18T21:31:40Z,October,10,18,21:31:40,Rock Star,Prima J,Rockstar
2025-10-18T21:35:47Z,October,10,18,21:35:47,When I Grow Up,The Pussycat Dolls,Doll Domination
2025-10-18T21:38:42Z,October,10,18,21:38:42,Sugar Water Cyanide,Rebecca Black,Sugar Water Cyanide
2025-10-18T22:36:38Z,October,10,18,22:36:38,Club classics,Charli xcx,Brat and it’s completely different but also still brat
2025-10-18T22:40:04Z,October,10,18,22:40:04,Homemade Dynamite,Lorde,Melodrama
2025-10-18T22:41:17Z,October,10,18,22:41:17,MOTOMAMI,ROSALÍA,MOTOMAMI
2025-10-18T22:43:37Z,October,10,18,22:43:37,SAOKO,ROSALÍA,MOTOMAMI
2025-10-18T22:46:18Z,October,10,18,22:46:18,Yeah I Know,The 1975,Notes On A Conditional Form
2025-10-18T22:50:06Z,October,10,18,22:50:06,Take over Control (feat. Eva Simons),AFROJACK,Take over Control (feat. Eva Simons)
2025-10-18T22:53:23Z,October,10,18,22:53:23,tears in the club (feat. the weeknd),FKA twigs,CAPRISONGS
2025-10-18T22:56:03Z,October,10,18,22:56:03,Trophy,Charli xcx,Vroom Vroom EP
2025-10-18T23:38:31Z,October,10,18,23:38:31,jeans,2hollis,jeans
2025-10-18T23:42:14Z,October,10,18,23:42:14,Rock Star,Prima J,Rockstar
2025-10-18T23:45:43Z,October,10,18,23:45:43,What Was That,Lorde,Virgin
2025-10-18T23:48:26Z,October,10,18,23:48:26,I Don't Sell - Records Remix,umru,I Don't Sell
2025-10-18T23:52:44Z,October,10,18,23:52:44,Shapeshifter,Lorde,Virgin
2025-10-18T23:55:58Z,October,10,18,23:55:58,Hammer,Lorde,Virgin
2025-10-18T23:59:12Z,October,10,18,23:59:12,Broken Glass,Lorde,Virgin
2025-10-19T00:02:39Z,October,10,19,00:02:39,"Girl, so confusing featuring lorde",Charli xcx,Brat and it’s completely different but also still brat
2025-10-19T00:06:58Z,October,10,19,00:06:58,Ribs,Lorde,Pure Heroine
2025-10-19T00:10:07Z,October,10,19,00:10:07,Homemade Dynamite,Lorde,Melodrama
2025-10-19T00:15:06Z,October,10,19,00:15:06,My Barn My Rules,MCR-T,My Barn My Rules
2025-10-19T00:42:19Z,October,10,19,00:42:19,I Don't Sell - Records Remix,umru,I Don't Sell
2025-10-19T00:46:05Z,October,10,19,00:46:05,crush,2hollis,crush
2025-10-19T00:50:38Z,October,10,19,00:50:38,Delicious (feat. Tommy Cash),Charli xcx,Pop 2
2025-10-19T00:54:38Z,October,10,19,00:54:38,Dreamer - Compound Version,Charli xcx,Number 1 Angel
2025-10-19T00:57:28Z,October,10,19,00:57:28,uhoh,Kim Petras,Feed The Beast
2025-10-19T01:00:07Z,October,10,19,01:00:07,New York,Addison Rae,Addison
2025-10-19T01:04:57Z,October,10,19,01:04:57,Alejandro,Lady Gaga,The Fame Monster
2025-10-19T01:08:39Z,October,10,19,01:08:39,What You Waiting For?,Gwen Stefani,Love. Angel. Music. Baby.
2025-10-19T01:12:31Z,October,10,19,01:12:31,Bum Like You,Robyn,Robyn
2025-10-19T01:15:54Z,October,10,19,01:15:54,Roll with Me,Charli xcx,Number 1 Angel
2025-10-19T03:20:12Z,October,10,19,03:20:12,take me by the hand,Oklou,choke enough
2025-10-19T06:55:51Z,October,10,19,06:55:51,"Girl, so confusing featuring lorde",Charli xcx,Brat and it’s completely different but also still brat
2025-10-19T06:58:43Z,October,10,19,06:58:43,I Like Ur Look,Kim Petras,I Like Ur Look
2025-10-19T07:01:26Z,October,10,19,07:01:26,I Don't Sell - Records Remix,umru,I Don't Sell
2025-10-19T07:05:52Z,October,10,19,07:05:52,My Barn My Rules,MCR-T,My Barn My Rules
2025-10-19T07:09:15Z,October,10,19,07:09:15,Welcome To My Island - George Daniel & Charli XCX Remix,Caroline Polachek,Welcome To My Island
2025-10-19T07:11:44Z,October,10,19,07:11:44,giirL math,horsegiirL,v.i.p. - very important pony
2025-10-19T07:16:11Z,October,10,19,07:16:11,B.S.A.S. (Si Alguna Vez te Sentís Sola de Noche),EQ,EQ
2025-10-19T07:19:41Z,October,10,19,07:19:41,What Was That,Lorde,Virgin
2025-10-19T15:02:23Z,October,10,19,15:02:23,Thing Called Love - Original Mix,Above & Beyond,Group Therapy
2025-10-20T05:45:17Z,October,10,20,05:45:17,"1,2,3 dayz up",Kim Petras,"1,2,3 dayz up"
2025-10-20T20:58:45Z,October,10,20,20:58:45,viscus (feat. FKA twigs),Oklou,viscus (feat. FKA twigs)
2025-10-20T21:21:13Z,October,10,20,21:21:13,Broken Glass,Lorde,Virgin
2025-10-20T21:24:43Z,October,10,20,21:24:43,What Was That,Lorde,Virgin
2025-10-20T21:29:00Z,October,10,20,21:29:00,Shapeshifter,Lorde,Virgin
2025-10-20T21:32:14Z,October,10,20,21:32:14,Hammer,Lorde,Virgin
2025-10-20T21:34:58Z,October,10,20,21:34:58,Clearblue,Lorde,Virgin
2025-10-20T21:37:48Z,October,10,20,21:37:48,No Better,Lorde,No Better
2025-10-20T21:53:11Z,October,10,20,21:53:11,"1,2,3 dayz up",Kim Petras,"1,2,3 dayz up"
2025-10-20T21:56:39Z,October,10,20,21:56:39,Sweet Dreams,Beyoncé,I AM...SASHA FIERCE
2025-10-20T22:00:14Z,October,10,20,22:00:14,Cheap Hotel,FKA twigs,Cheap Hotel
2025-10-20T22:03:15Z,October,10,20,22:03:15,jeans,2hollis,jeans
2025-10-20T22:15:50Z,October,10,20,22:15:50,I Like Ur Look,Kim Petras,I Like Ur Look
2025-10-20T22:18:55Z,October,10,20,22:18:55,Freak It,Kim Petras,I Like Ur Look
2025-10-20T22:22:59Z,October,10,20,22:22:59,"1,2,3 dayz up",Kim Petras,"1,2,3 dayz up"
2025-10-21T04:51:49Z,October,10,21,04:51:49,Times Like These,Addison Rae,Addison
2025-10-21T22:06:15Z,October,10,21,22:06:15,Headphones On,Addison Rae,Addison
2025-10-21T22:21:01Z,October,10,21,22:21:01,Times Like These,Addison Rae,Addison
2025-10-21T22:23:36Z,October,10,21,22:23:36,New York,Addison Rae,Addison
2025-10-21T22:26:40Z,October,10,21,22:26:40,Fame is a Gun,Addison Rae,Addison
2025-10-21T22:29:30Z,October,10,21,22:29:30,Diet Pepsi,Addison Rae,Addison
2025-10-21T22:31:32Z,October,10,21,22:31:32,Money is Everything,Addison Rae,Addison
2025-10-21T22:34:15Z,October,10,21,22:34:15,Aquamarine,Addison Rae,Addison
2025-10-21T22:35:03Z,October,10,21,22:35:03,Lost & Found,Addison Rae,Addison
2025-10-21T22:38:22Z,October,10,21,22:38:22,High Fashion,Addison Rae,Addison
2025-10-21T22:52:52Z,October,10,21,22:52:52,Summer Forever,Addison Rae,Addison
2025-10-21T22:56:26Z,October,10,21,22:56:26,In The Rain,Addison Rae,Addison
2025-10-21T22:59:29Z,October,10,21,22:59:29,Fame is a Gun,Addison Rae,Addison
2025-10-22T21:59:19Z,October,10,22,21:59:19,I got it bad,Addison Rae,AR
2025-10-22T22:01:21Z,October,10,22,22:01:21,2 die 4 (feat. Charli XCX),Addison Rae,AR
2025-10-22T22:03:53Z,October,10,22,22:03:53,New York,Addison Rae,Addison
2025-10-22T23:26:08Z,October,10,22,23:26:08,Diet Pepsi,Addison Rae,Addison
2025-10-22T23:28:44Z,October,10,22,23:28:44,New York,Addison Rae,Addison
2025-10-22T23:30:47Z,October,10,22,23:30:47,Money is Everything,Addison Rae,Addison
2025-10-22T23:34:33Z,October,10,22,23:34:33,Summer Forever,Addison Rae,Addison
2025-10-22T23:38:07Z,October,10,22,23:38:07,In The Rain,Addison Rae,Addison
2025-10-22T23:41:11Z,October,10,22,23:41:11,Fame is a Gun,Addison Rae,Addison
2025-10-22T23:45:13Z,October,10,22,23:45:13,Times Like These,Addison Rae,Addison
2025-10-22T23:47:50Z,October,10,22,23:47:50,Von dutch a. g. cook remix featuring addison rae,Charli xcx,Brat and it’s completely different but also still brat
2025-10-22T23:51:24Z,October,10,22,23:51:24,I got it bad,Addison Rae,AR
2025-10-22T23:53:30Z,October,10,22,23:53:30,2 die 4 (feat. Charli XCX),Addison Rae,AR
2025-10-22T23:56:05Z,October,10,22,23:56:05,Nothing On (But The Radio),Addison Rae,AR
2025-10-22T23:58:58Z,October,10,22,23:58:58,I Like Ur Look,Kim Petras,I Like Ur Look
2025-10-23T00:01:40Z,October,10,23,00:01:40,I Don't Sell - Records Remix,umru,I Don't Sell
2025-10-23T00:04:30Z,October,10,23,00:04:30,IN MY ROOM (CHAEYOUNG),TWICE,TEN: The Story Goes On
2025-10-23T00:09:48Z,October,10,23,00:09:48,Alejandro,Lady Gaga,The Fame Monster
2025-10-23T00:13:59Z,October,10,23,00:13:59,La Tortura (feat. Alejandro Sanz),Shakira,Fijación Oral Volumen 1
2025-10-23T00:16:50Z,October,10,23,00:16:50,DELIRIO DE GRANDEZA,ROSALÍA,MOTOMAMI
2025-10-23T00:36:37Z,October,10,23,00:36:37,DIABLO,ROSALÍA,MOTOMAMI
2025-10-23T00:37:38Z,October,10,23,00:37:38,MOTOMAMI,ROSALÍA,MOTOMAMI
2025-10-23T00:41:56Z,October,10,23,00:41:56,Perfectly,FKA twigs,Perfectly
2025-10-23T00:44:48Z,October,10,23,00:44:48,take me by the hand,Oklou,choke enough
2025-10-23T00:48:50Z,October,10,23,00:48:50,how2fly,ISOxo,kidsgonemad!
2025-10-23T00:51:55Z,October,10,23,00:51:55,Closer To You,Clairo,Immunity
2025-10-23T00:56:41Z,October,10,23,00:56:41,Get Naked (I Got a Plan),Britney Spears,Blackout
2025-10-23T00:59:42Z,October,10,23,00:59:42,GET HIGHER,SOPHIE,GET HIGHER
2025-10-23T01:04:26Z,October,10,23,01:04:26,giirL math,horsegiirL,v.i.p. - very important pony
2025-10-23T01:07:59Z,October,10,23,01:07:59,SHYPOP,ISOxo,kidsgonemad!
2025-10-23T01:11:47Z,October,10,23,01:11:47,Beautiful,A. G. Cook,"PC Music, Vol. 1"
2025-10-23T01:14:58Z,October,10,23,01:14:58,RADIO (feat. Kim Petras),Frost Children,SISTER
2025-10-23T01:18:43Z,October,10,23,01:18:43,Warm (feat. HAIM),Charli xcx,Charli
2025-10-23T01:22:42Z,October,10,23,01:22:42,Rock Star,Prima J,Rockstar
2025-10-23T01:24:53Z,October,10,23,01:24:53,Block,Brooke Candy,Block
2025-10-23T01:28:39Z,October,10,23,01:28:39,JUMP,BLACKPINK,JUMP
2025-10-23T01:36:19Z,October,10,23,01:36:19,Yummy,Gwen Stefani,The Sweet Escape
2025-10-23T01:38:27Z,October,10,23,01:38:27,24HRS,ITZY,IT'z ME
2025-10-23T01:41:54Z,October,10,23,01:41:54,Shake It Like A,Frost Children,Shake It Like A (Jane Remover Remix)
2025-10-23T01:44:44Z,October,10,23,01:44:44,EQetamine,EQ,EQ
2025-10-23T01:49:49Z,October,10,23,01:49:49,Alejandro,Lady Gaga,The Fame Monster
2025-10-23T01:52:11Z,October,10,23,01:52:11,SAOKO,ROSALÍA,MOTOMAMI
2025-10-23T01:55:07Z,October,10,23,01:55:07,True Religion,Shygirl,True Religion
2025-10-23T01:58:35Z,October,10,23,01:58:35,Roll with Me,Charli xcx,Number 1 Angel
2025-10-23T02:02:56Z,October,10,23,02:02:56,Get Back,Britney Spears,Blackout
2025-10-23T02:05:34Z,October,10,23,02:05:34,Hot Girl (Bodies Bodies Bodies),Charli xcx,Hot Girl (Bodies Bodies Bodies)
2025-10-23T02:09:09Z,October,10,23,02:09:09,Bum Like You,Robyn,Robyn
2025-10-24T02:14:06Z,October,10,24,02:14:06,Homemade Dynamite,Lorde,Melodrama
2025-10-24T02:19:10Z,October,10,24,02:19:10,2 die 4 (feat. Charli XCX),Addison Rae,AR
2025-10-24T02:21:40Z,October,10,24,02:21:40,Nothing On (But The Radio),Addison Rae,AR
2025-10-24T02:24:22Z,October,10,24,02:24:22,it could’ve been u,Addison Rae,AR
2025-10-24T02:26:37Z,October,10,24,02:26:37,Obsessed,Addison Rae,Obsessed
2025-10-24T02:29:30Z,October,10,24,02:29:30,I got it bad,Addison Rae,AR
2025-10-24T02:31:36Z,October,10,24,02:31:36,2 die 4 (feat. Charli XCX),Addison Rae,AR
2025-10-24T02:34:06Z,October,10,24,02:34:06,Nothing On (But The Radio),Addison Rae,AR
2025-10-24T02:38:21Z,October,10,24,02:38:21,Summer Forever,Addison Rae,Addison
2025-10-24T02:45:44Z,October,10,24,02:45:44,Fame is a Gun,Addison Rae,Addison
2025-10-24T02:48:28Z,October,10,24,02:48:28,Aquamarine,Addison Rae,Addison
2025-10-24T02:51:19Z,October,10,24,02:51:19,I Like Ur Look,Kim Petras,I Like Ur Look
2025-10-24T02:54:25Z,October,10,24,02:54:25,In The Dark,Selena Gomez,Nobody Wants This Season 2: The Soundtrack
2025-10-24T04:53:01Z,October,10,24,04:53:01,Cheap Hotel,FKA twigs,Cheap Hotel
2025-10-24T20:21:17Z,October,10,24,20:21:17,2 die 4 (feat. Charli XCX),Addison Rae,AR
2025-10-24T20:23:46Z,October,10,24,20:23:46,Nothing On (But The Radio),Addison Rae,AR
2025-10-24T20:26:39Z,October,10,24,20:26:39,I got it bad,Addison Rae,AR
2025-10-24T20:30:18Z,October,10,24,20:30:18,Fame is a Gun,Addison Rae,Addison
2025-10-24T20:34:02Z,October,10,24,20:34:02,endless,Oklou,choke enough
2025-10-24T20:35:48Z,October,10,24,20:35:48,plague dogs,Oklou,choke enough
2025-10-24T20:38:35Z,October,10,24,20:38:35,want to wanna come back,Oklou,choke enough
2025-10-24T20:42:46Z,October,10,24,20:42:46,choke enough,Oklou,choke enough
2025-10-24T20:44:46Z,October,10,24,20:44:46,ict,Oklou,choke enough
2025-10-24T20:48:27Z,October,10,24,20:48:27,viscus (feat. FKA twigs),Oklou,viscus (feat. FKA twigs)
2025-10-24T20:50:43Z,October,10,24,20:50:43,obvious,Oklou,choke enough
2025-10-24T20:51:48Z,October,10,24,20:51:48,forces,Oklou,choke enough
2025-10-24T21:24:40Z,October,10,24,21:24:40,harvest sky,Oklou,choke enough
2025-10-24T21:27:37Z,October,10,24,21:27:37,OOH,SOPHIE,OOH
2025-10-24T21:30:04Z,October,10,24,21:30:04,Nothing On (But The Radio),Addison Rae,AR
2025-10-24T21:33:07Z,October,10,24,21:33:07,Breathless,Caroline Polachek,Breathless
2025-10-24T21:37:20Z,October,10,24,21:37:20,Sweet Dreams,Beyoncé,I AM...SASHA FIERCE
2025-10-24T21:40:02Z,October,10,24,21:40:02,I Don't Sell - Records Remix,umru,I Don't Sell
2025-10-24T21:44:06Z,October,10,24,21:44:06,Thirst Trap,Audrey Hobert,Who's the Clown?
2025-10-24T21:48:23Z,October,10,24,21:48:23,Shapeshifter,Lorde,Virgin
2025-10-24T21:51:37Z,October,10,24,21:51:37,Hammer,Lorde,Virgin
2025-10-24T21:53:48Z,October,10,24,21:53:48,Clearblue,Lorde,Virgin
2025-10-24T21:57:14Z,October,10,24,21:57:14,Screen Cleaner,George Daniel,Screen Cleaner
2025-10-24T22:11:32Z,October,10,24,22:11:32,2 die 4 (feat. Charli XCX),Addison Rae,AR
2025-10-24T22:14:24Z,October,10,24,22:14:24,SPAGHETTI,LE SSERAFIM,SPAGHETTI
2025-10-24T22:19:22Z,October,10,24,22:19:22,Down to be wrong,HAIM,I quit (deluxe)
2025-10-24T22:23:03Z,October,10,24,22:23:03,Cry,HAIM,I quit (deluxe)
2025-10-24T22:27:11Z,October,10,24,22:27:11,The Steps,HAIM,Women In Music Pt. III
2025-10-24T23:23:23Z,October,10,24,23:23:23,ict,Oklou,choke enough
2025-10-24T23:26:14Z,October,10,24,23:26:14,take me by the hand,Oklou,choke enough
2025-10-24T23:29:55Z,October,10,24,23:29:55,viscus (feat. FKA twigs),Oklou,viscus (feat. FKA twigs)
2025-10-24T23:33:14Z,October,10,24,23:33:14,blade bird,Oklou,choke enough
2025-10-24T23:37:09Z,October,10,24,23:37:09,harvest sky,Oklou,choke enough
2025-10-24T23:37:57Z,October,10,24,23:37:57,(;´༎ຶٹ༎ຶ`),Oklou,choke enough
2025-10-25T00:49:23Z,October,10,25,00:49:23,want to wanna come back,Oklou,choke enough
2025-10-25T01:27:02Z,October,10,25,01:27:02,2 die 4 (feat. Charli XCX),Addison Rae,AR
2025-10-25T01:29:55Z,October,10,25,01:29:55,I got it bad,Addison Rae,AR
2025-10-25T01:39:34Z,October,10,25,01:39:34,Summer Forever,Addison Rae,Addison
2025-10-25T01:42:37Z,October,10,25,01:42:37,Fame is a Gun,Addison Rae,Addison
2025-10-25T06:29:12Z,October,10,25,06:29:12,Times Like These,Addison Rae,Addison
2025-10-26T00:44:29Z,October,10,26,00:44:29,Cry,HAIM,I quit (deluxe)
2025-10-26T00:47:21Z,October,10,26,00:47:21,I Like Ur Look,Kim Petras,I Like Ur Look
2025-10-26T00:50:12Z,October,10,26,00:50:12,No Better,Lorde,No Better
2025-10-26T00:55:21Z,October,10,26,00:55:21,I Know Alone,HAIM,Women In Music Pt. III
2025-10-26T00:56:09Z,October,10,26,00:56:09,"1,2,3 dayz up",Kim Petras,"1,2,3 dayz up"
2025-10-26T01:05:23Z,October,10,26,01:05:23,I Don't Sell - Records Remix,umru,I Don't Sell
2025-10-26T01:06:18Z,October,10,26,01:06:18,IN MY ROOM (CHAEYOUNG),TWICE,TEN: The Story Goes On
2025-10-26T01:46:42Z,October,10,26,01:46:42,Thing Called Love - Original Mix,Above & Beyond,Group Therapy
2025-10-26T01:50:35Z,October,10,26,01:50:35,Femmebot (feat. Dorian Electra and Mykki Blanco),Charli xcx,Pop 2
2025-10-26T01:53:13Z,October,10,26,01:53:13,Von dutch a. g. cook remix featuring addison rae,Charli xcx,Brat and it’s completely different but also still brat
2025-10-26T01:56:31Z,October,10,26,01:56:31,Constant Repeat,Charli xcx,CRASH
2025-10-26T01:59:03Z,October,10,26,01:59:03,New York,Addison Rae,Addison
2025-10-26T02:03:36Z,October,10,26,02:03:36,Fame is a Gun,Addison Rae,Addison
2025-10-26T02:06:25Z,October,10,26,02:06:25,Show Me What,A. G. Cook,7G
2025-10-26T02:08:56Z,October,10,26,02:08:56,Purgatory,Kim Petras,TURN OFF THE LIGHT
2025-10-26T02:12:13Z,October,10,26,02:12:13,There Will Be Blood,Kim Petras,TURN OFF THE LIGHT
2025-10-26T02:14:55Z,October,10,26,02:14:55,Bloody Valentine,Kim Petras,TURN OFF THE LIGHT
2025-10-26T02:18:15Z,October,10,26,02:18:15,Wrong Turn,Kim Petras,TURN OFF THE LIGHT
2025-10-27T21:22:21Z,October,10,27,21:22:21,galore,Oklou,Galore
2025-10-27T21:25:21Z,October,10,27,21:25:21,girl on my throne,Oklou,Galore
2025-10-27T21:28:25Z,October,10,27,21:28:25,god's chariots,Oklou,Galore
2025-10-27T21:32:06Z,October,10,27,21:32:06,viscus (feat. FKA twigs),Oklou,viscus (feat. FKA twigs)
2025-10-27T21:35:35Z,October,10,27,21:35:35,ict,Oklou,choke enough
2025-10-27T21:38:54Z,October,10,27,21:38:54,take me by the hand,Oklou,choke enough
2025-10-28T00:05:13Z,October,10,28,00:05:13,Berghain,ROSALÍA,Berghain
2025-10-28T00:08:42Z,October,10,28,00:08:42,Blink Twice,Cecile Believe,Blink Twice
2025-10-28T00:12:07Z,October,10,28,00:12:07,Show Me What,A. G. Cook,7G
2025-10-28T00:12:42Z,October,10,28,00:12:42,Rapture in Blue,Daniel Avery,Rapture in Blue
2025-10-28T00:17:08Z,October,10,28,00:17:08,Rapture in Blue - Midnight Version,Daniel Avery,Rapture in Blue / Greasy off the Racing Line
2025-10-28T00:20:41Z,October,10,28,00:20:41,Bitch Bites Dog,Cecile Believe,Plucking a Cherry From The Void
2025-10-28T00:24:25Z,October,10,28,00:24:25,Times,Cecile Believe,Plucking a Cherry From The Void
2025-10-28T00:28:31Z,October,10,28,00:28:31,My Forever (feat. Cecile Believe),SOPHIE,SOPHIE
2025-10-28T00:32:42Z,October,10,28,00:32:42,Something for 2 - Cecile Believe Remix,Magdalena Bay,Mercurial World
2025-10-28T00:35:55Z,October,10,28,00:35:55,fall - A. G. Cook Remix,Oklou,fall / galore
2025-10-28T00:39:55Z,October,10,28,00:39:55,choke enough,Oklou,choke enough
2025-10-28T00:43:24Z,October,10,28,00:43:24,ict,Oklou,choke enough
2025-10-28T00:46:11Z,October,10,28,00:46:11,want to wanna come back,Oklou,choke enough
2025-10-28T00:49:30Z,October,10,28,00:49:30,blade bird,Oklou,choke enough
2025-10-28T00:53:14Z,October,10,28,00:53:14,Times,Cecile Believe,Plucking a Cherry From The Void
2025-10-28T00:56:55Z,October,10,28,00:56:55,Ponytail,Cecile Believe,Ponytail
2025-10-28T00:59:52Z,October,10,28,00:59:52,obvious,Oklou,choke enough
2025-10-28T01:02:54Z,October,10,28,01:02:54,take me by the hand,Oklou,choke enough
2025-10-28T01:05:28Z,October,10,28,01:05:28,galore,Oklou,Galore
2025-10-28T05:42:37Z,October,10,28,05:42:37,harvest sky,Oklou,choke enough
2025-10-28T05:45:27Z,October,10,28,05:45:27,OOH,SOPHIE,OOH
2025-10-28T05:49:48Z,October,10,28,05:49:48,choke enough,Oklou,choke enough
2025-10-28T05:53:30Z,October,10,28,05:53:30,ict,Oklou,choke enough
2025-10-28T05:56:45Z,October,10,28,05:56:45,take me by the hand,Oklou,choke enough
2025-10-28T06:00:28Z,October,10,28,06:00:28,Times,Cecile Believe,Plucking a Cherry From The Void
2025-10-28T06:31:21Z,October,10,28,06:31:21,Rapture in Blue - Midnight Version,Daniel Avery,Rapture in Blue / Greasy off the Racing Line
2025-10-28T22:47:34Z,October,10,28,22:47:34,Times,Cecile Believe,Plucking a Cherry From The Void
2025-10-28T22:52:52Z,October,10,28,22:52:52,Rapture in Blue - Midnight Version,Daniel Avery,Rapture in Blue / Greasy off the Racing Line
2025-10-28T22:55:51Z,October,10,28,22:55:51,Berghain,ROSALÍA,Berghain
2025-10-28T23:11:25Z,October,10,28,23:11:25,Cry,HAIM,I quit (deluxe)
2025-10-28T23:15:14Z,October,10,28,23:15:14,Times,Cecile Believe,Plucking a Cherry From The Void
2025-10-28T23:32:44Z,October,10,28,23:32:44,Rapture in Blue - Midnight Version,Daniel Avery,Rapture in Blue / Greasy off the Racing Line
2025-10-29T19:31:02Z,October,10,29,19:31:02,Times,Cecile Believe,Plucking a Cherry From The Void
2025-10-29T19:36:29Z,October,10,29,19:36:29,Berghain,ROSALÍA,Berghain
2025-10-29T19:49:23Z,October,10,29,19:49:23,Cry,HAIM,I quit (deluxe)
2025-10-29T19:53:03Z,October,10,29,19:53:03,viscus (feat. FKA twigs),Oklou,viscus (feat. FKA twigs)
2025-10-29T19:56:22Z,October,10,29,19:56:22,blade bird,Oklou,choke enough
2025-10-29T20:03:53Z,October,10,29,20:03:53,want to wanna come back,Oklou,choke enough
2025-10-29T20:06:50Z,October,10,29,20:06:50,No Better,Lorde,No Better
2025-10-29T23:15:32Z,October,10,29,23:15:32,"1,2,3 dayz up",Kim Petras,"1,2,3 dayz up"
2025-10-29T23:19:00Z,October,10,29,23:19:00,No Better,Lorde,No Better
2025-10-29T23:22:34Z,October,10,29,23:22:34,"1,2,3 dayz up",Kim Petras,"1,2,3 dayz up"
2025-10-29T23:26:19Z,October,10,29,23:26:19,Times,Cecile Believe,Plucking a Cherry From The Void
2025-10-29T23:30:44Z,October,10,29,23:30:44,B.S.A.S. (Si Alguna Vez te Sentís Sola de Noche),EQ,EQ
2025-10-29T23:36:56Z,October,10,29,23:36:56,Times,Cecile Believe,Plucking a Cherry From The Void
2025-10-29T23:41:24Z,October,10,29,23:41:24,Rapture in Blue - Midnight Version,Daniel Avery,Rapture in Blue / Greasy off the Racing Line
2025-10-30T20:46:08Z,October,10,30,20:46:08,Berghain,ROSALÍA,Berghain
2025-10-30T20:50:04Z,October,10,30,20:50:04,Times,Cecile Believe,Plucking a Cherry From The Void
2025-10-30T20:54:32Z,October,10,30,20:54:32,Rapture in Blue - Midnight Version,Daniel Avery,Rapture in Blue / Greasy off the Racing Line
2025-10-30T20:57:56Z,October,10,30,20:57:56,what's good,Oklou,choke enough (Deluxe)
2025-10-30T21:01:01Z,October,10,30,21:01:01,the fishsong unplugged,Oklou,choke enough (Deluxe)
2025-10-30T21:05:52Z,October,10,30,21:05:52,dance 2,Oklou,choke enough (Deluxe)
2025-10-30T21:21:35Z,October,10,30,21:21:35,Breathless,Caroline Polachek,Breathless
2025-10-30T21:37:55Z,October,10,30,21:37:55,dance 2,Oklou,choke enough (Deluxe)
2025-10-30T21:41:39Z,October,10,30,21:41:39,Times,Cecile Believe,Plucking a Cherry From The Void
2025-10-30T21:46:35Z,October,10,30,21:46:35,viscus (feat. FKA twigs),Oklou,viscus (feat. FKA twigs)
2025-10-30T21:52:26Z,October,10,30,21:52:26,dance 2,Oklou,choke enough (Deluxe)
2025-10-30T21:58:35Z,October,10,30,21:58:35,take me by the hand (feat. Bladee),Oklou,choke enough (Deluxe)
2025-10-30T22:02:40Z,October,10,30,22:02:40,choke enough,Oklou,choke enough (Deluxe)
2025-10-30T22:03:28Z,October,10,30,22:03:28,(;´༎ຶٹ༎ຶ`),Oklou,choke enough (Deluxe)
2025-10-30T22:06:20Z,October,10,30,22:06:20,take me by the hand (feat. Bladee),Oklou,choke enough (Deluxe)
2025-10-30T23:17:14Z,October,10,30,23:17:14,harvest sky (feat. underscores),Oklou,choke enough (Deluxe)
2025-10-30T23:22:12Z,October,10,30,23:22:12,dance 2,Oklou,choke enough (Deluxe)
2025-10-30T23:24:42Z,October,10,30,23:24:42,Nothing On (But The Radio),Addison Rae,AR
2025-10-30T23:28:11Z,October,10,30,23:28:11,Favourite Daughter,Lorde,Virgin
2025-10-30T23:30:17Z,October,10,30,23:30:17,2 die 4 (feat. Charli XCX),Addison Rae,AR
2025-10-30T23:33:30Z,October,10,30,23:33:30,Broken Glass,Lorde,Virgin
2025-10-31T00:49:15Z,October,10,31,00:49:15,2 die 4 (feat. Charli XCX),Addison Rae,AR
2025-10-31T00:51:33Z,October,10,31,00:51:33,galore,Oklou,Galore
2025-10-31T01:09:13Z,October,10,31,01:09:13,All My Life,K-Ci & JoJo,Love Always
2025-10-31T01:12:24Z,October,10,31,01:12:24,Why Should I Be Sad,Britney Spears,Blackout
2025-10-31T01:15:00Z,October,10,31,01:15:00,DELIRIO DE GRANDEZA,ROSALÍA,MOTOMAMI
2025-10-31T01:17:36Z,October,10,31,01:17:36,BULERÍAS,ROSALÍA,MOTOMAMI
2025-10-31T01:18:38Z,October,10,31,01:18:38,MOTOMAMI,ROSALÍA,MOTOMAMI
2025-10-31T01:20:56Z,October,10,31,01:20:56,SAOKO,ROSALÍA,MOTOMAMI
2025-10-31T19:37:48Z,October,10,31,19:37:48,dance 2,Oklou,choke enough (Deluxe)
2025-10-31T19:41:33Z,October,10,31,19:41:33,Times,Cecile Believe,Plucking a Cherry From The Void
2025-10-31T19:46:00Z,October,10,31,19:46:00,Rapture in Blue - Midnight Version,Daniel Avery,Rapture in Blue / Greasy off the Racing Line
2025-10-31T19:50:12Z,October,10,31,19:50:12,Gimme More,Britney Spears,Blackout
2025-10-31T19:53:44Z,October,10,31,19:53:44,Piece of Me,Britney Spears,Blackout
2025-10-31T23:13:11Z,October,10,31,23:13:11,Radar,Britney Spears,Blackout
2025-10-31T23:16:52Z,October,10,31,23:16:52,Piece of Me,Britney Spears,Blackout
2025-10-31T23:20:42Z,October,10,31,23:20:42,Get Back,Britney Spears,Blackout
2025-10-31T23:23:38Z,October,10,31,23:23:38,Freakshow,Britney Spears,Blackout
2025-10-31T23:55:02Z,October,10,31,23:55:02,Toy Soldier,Britney Spears,Blackout
2025-10-31T23:56:40Z,October,10,31,23:56:40,Toy Soldier,Britney Spears,Blackout
2025-11-01T00:02:34Z,November,11,1,00:02:34,dance 2,Oklou,choke enough (Deluxe)
2025-11-01T00:05:48Z,November,11,1,00:05:48,flash,2hollis,star
2025-11-01T00:10:15Z,November,11,1,00:10:15,My Barn My Rules,MCR-T,My Barn My Rules
2025-11-01T00:14:43Z,November,11,1,00:14:43,B.S.A.S. (Si Alguna Vez te Sentís Sola de Noche),EQ,EQ
2025-11-01T00:18:01Z,November,11,1,00:18:01,Shake It Like A,Frost Children,Shake It Like A (Jane Remover Remix)
2025-11-01T00:21:12Z,November,11,1,00:21:12,Homemade Dynamite,Lorde,Melodrama
2025-11-01T01:20:21Z,November,11,1,01:20:21,True Religion,Shygirl,True Religion
2025-11-01T01:24:40Z,November,11,1,01:24:40,Death By Sex,Kim Petras,TURN OFF THE LIGHT
2025-11-01T01:26:19Z,November,11,1,01:26:19,o m e n,Kim Petras,TURN OFF THE LIGHT
2025-11-01T01:30:22Z,November,11,1,01:30:22,Close Your Eyes,Kim Petras,TURN OFF THE LIGHT
2025-11-01T01:33:23Z,November,11,1,01:33:23,TRANSylvania,Kim Petras,TURN OFF THE LIGHT
2025-11-01T01:36:34Z,November,11,1,01:36:34,Turn Off The Light,Kim Petras,TURN OFF THE LIGHT
2025-11-01T01:46:23Z,November,11,1,01:46:23,Party Till I Die,Kim Petras,TURN OFF THE LIGHT
2025-11-01T01:49:06Z,November,11,1,01:49:06,Aquamarine,Addison Rae,Addison
2025-11-01T01:51:39Z,November,11,1,01:51:39,New York,Addison Rae,Addison
2025-11-01T01:54:42Z,November,11,1,01:54:42,Fame is a Gun,Addison Rae,Addison
2025-11-01T01:58:35Z,November,11,1,01:58:35,Times Like These,Addison Rae,Addison
2025-11-01T02:00:42Z,November,11,1,02:00:42,2 die 4 (feat. Charli XCX),Addison Rae,AR
2025-11-01T02:04:14Z,November,11,1,02:04:14,Piece of Me,Britney Spears,Blackout
2025-11-01T02:08:26Z,November,11,1,02:08:26,Gimme More,Britney Spears,Blackout
2025-11-01T02:11:04Z,November,11,1,02:11:04,Von dutch a. g. cook remix featuring addison rae,Charli xcx,Brat and it’s completely different but also still brat
2025-11-01T02:13:38Z,November,11,1,02:13:38,Club classics,Charli xcx,BRAT
2025-11-01T02:16:01Z,November,11,1,02:16:01,Spring breakers,Charli xcx,Brat and it’s completely different but also still brat
2025-11-01T02:18:24Z,November,11,1,02:18:24,Guess,Charli xcx,Brat and it’s completely different but also still brat
2025-11-01T02:20:45Z,November,11,1,02:20:45,B2b,Charli xcx,Brat and it’s completely different but also still brat
2025-11-01T02:23:20Z,November,11,1,02:23:20,Sympathy is a knife,Charli xcx,Brat and it’s completely different but also still brat
2025-11-01T19:52:02Z,November,11,1,19:52:02,mt_2,Toro Oro,mt_2
2025-11-02T02:51:04Z,November,11,2,02:51:04,mt_2,Toro Oro,mt_2
2025-11-02T02:56:19Z,November,11,2,02:56:19,dance 2,Oklou,choke enough (Deluxe)
2025-11-02T03:00:04Z,November,11,2,03:00:04,Times,Cecile Believe,Plucking a Cherry From The Void
2025-11-03T23:28:05Z,November,11,3,23:28:05,mt_2,Toro Oro,mt_2
2025-11-04T00:01:19Z,November,11,4,00:01:19,Know Who You Are,Finn Keane,ELECTRIC
2025-11-04T01:18:02Z,November,11,4,01:18:02,girl on my throne,Oklou,Galore
2025-11-04T21:39:58Z,November,11,4,21:39:58,mt_2,Toro Oro,mt_2
2025-11-04T21:44:51Z,November,11,4,21:44:51,dance 2,Oklou,choke enough (Deluxe)
2025-11-04T21:49:04Z,November,11,4,21:49:04,Times,Cecile Believe,Plucking a Cherry From The Void
2025-11-04T21:52:53Z,November,11,4,21:52:53,Do It,underscores,Do It
2025-11-04T21:58:34Z,November,11,4,21:58:34,Lucky Star,The Deep,Lucky Star
2025-11-04T22:01:36Z,November,11,4,22:01:36,MY UNNIES,kimj,MY UNNIES
2025-11-04T22:03:04Z,November,11,4,22:03:04,Make Up,The Deep,Make Up
2025-11-04T22:22:33Z,November,11,4,22:22:33,David,Lorde,Virgin
2025-11-04T22:30:54Z,November,11,4,22:30:54,What Was That,Lorde,Virgin
2025-11-04T22:33:44Z,November,11,4,22:33:44,2 die 4 (feat. Charli XCX),Addison Rae,AR
2025-11-04T22:38:03Z,November,11,4,22:38:03,Piece of Me,Britney Spears,Blackout
2025-11-04T22:41:44Z,November,11,4,22:41:44,OOH,SOPHIE,OOH
2025-11-04T22:42:45Z,November,11,4,22:42:45,MOTOMAMI,ROSALÍA,MOTOMAMI
2025-11-04T23:26:01Z,November,11,4,23:26:01,choke enough,Oklou,choke enough
2025-11-04T23:29:29Z,November,11,4,23:29:29,Music,underscores,Music
2025-11-04T23:32:12Z,November,11,4,23:32:12,Lucky Star,The Deep,Lucky Star
2025-11-04T23:36:20Z,November,11,4,23:36:20,Do It,underscores,Do It
2025-11-04T23:38:35Z,November,11,4,23:38:35,mt_2,Toro Oro,mt_2
2025-11-04T23:41:19Z,November,11,4,23:41:19,Poplife,umru,Poplife
2025-11-04T23:44:11Z,November,11,4,23:44:11,take me by the hand,Oklou,choke enough
2025-11-05T21:31:12Z,November,11,5,21:31:12,Music,underscores,Music
2025-11-05T21:33:55Z,November,11,5,21:33:55,Lucky Star,The Deep,Lucky Star
2025-11-05T21:37:28Z,November,11,5,21:37:28,Do It,underscores,Do It
2025-11-05T21:40:12Z,November,11,5,21:40:12,Poplife,umru,Poplife
2025-11-05T21:42:57Z,November,11,5,21:42:57,flash,2hollis,star
2025-11-05T21:45:25Z,November,11,5,21:45:25,galore,Oklou,Galore
2025-11-05T21:50:55Z,November,11,5,21:50:55,Thing Called Love - Original Mix,Above & Beyond,Group Therapy
2025-11-05T21:53:54Z,November,11,5,21:53:54,Seasalt & Teardrops,horsegiirL,Seasalt & Teardrops
2025-11-05T21:58:47Z,November,11,5,21:58:47,Alejandro,Lady Gaga,The Fame Monster
2025-11-05T22:03:39Z,November,11,5,22:03:39,dance 2,Oklou,choke enough (Deluxe)
2025-11-05T22:17:07Z,November,11,5,22:17:07,Cheap Hotel,FKA twigs,Cheap Hotel
2025-11-05T22:19:21Z,November,11,5,22:19:21,mt_2,Toro Oro,mt_2
2025-11-05T22:25:07Z,November,11,5,22:25:07,the rothschild party,Vladimir Dubyshkin,ivanovo night luxe
2025-11-05T22:28:35Z,November,11,5,22:28:35,Music,underscores,Music
2025-11-05T22:31:18Z,November,11,5,22:31:18,Lucky Star,The Deep,Lucky Star
2025-11-05T22:34:51Z,November,11,5,22:34:51,Do It,underscores,Do It
2025-11-06T05:22:15Z,November,11,6,05:22:15,Do It,underscores,Do It
2025-11-06T05:25:25Z,November,11,6,05:25:25,Why Should I Be Sad,Britney Spears,Blackout
2025-11-06T05:27:40Z,November,11,6,05:27:40,mt_2,Toro Oro,mt_2
2025-11-06T05:30:58Z,November,11,6,05:30:58,I Like Ur Look,Kim Petras,I Like Ur Look
2025-11-06T07:43:54Z,November,11,6,07:43:54,Rock Star,Prima J,Rockstar
2025-11-06T23:03:56Z,November,11,6,23:03:56,"Sexo, Violencia y Llantas",ROSALÍA,LUX
2025-11-06T23:07:46Z,November,11,6,23:07:46,Reliquia,ROSALÍA,LUX
2025-11-06T23:10:22Z,November,11,6,23:10:22,Divinize,ROSALÍA,LUX
2025-11-06T23:13:49Z,November,11,6,23:13:49,Music,underscores,Music
2025-11-06T23:57:28Z,November,11,6,23:57:28,Do It,underscores,Do It
2025-11-07T00:02:58Z,November,11,7,00:02:58,Reliquia,ROSALÍA,LUX
2025-11-07T00:06:28Z,November,11,7,00:06:28,HENTAI,ROSALÍA,MOTOMAMI
2025-11-07T00:10:56Z,November,11,7,00:10:56,Shapeshifter,Lorde,Virgin
2025-11-07T00:15:15Z,November,11,7,00:15:15,Current Affairs,Lorde,Virgin
2025-11-07T00:19:25Z,November,11,7,00:19:25,If She Could See Me Now,Lorde,Virgin
2025-11-07T00:22:33Z,November,11,7,00:22:33,Clearblue,Lorde,Virgin
2025-11-07T00:27:41Z,November,11,7,00:27:41,Favourite Daughter,Lorde,Virgin
2025-11-07T00:30:57Z,November,11,7,00:30:57,Sober,Lorde,Melodrama
2025-11-07T00:48:42Z,November,11,7,00:48:42,Homemade Dynamite,Lorde,Melodrama
2025-11-07T00:53:13Z,November,11,7,00:53:13,The Louvre,Lorde,Melodrama
2025-11-07T00:56:05Z,November,11,7,00:56:05,"Sexo, Violencia y Llantas",ROSALÍA,LUX
2025-11-07T00:59:55Z,November,11,7,00:59:55,Reliquia,ROSALÍA,LUX
2025-11-07T01:03:58Z,November,11,7,01:03:58,Divinize,ROSALÍA,LUX
2025-11-07T01:08:06Z,November,11,7,01:08:06,Porcelana,ROSALÍA,LUX
2025-11-07T01:12:36Z,November,11,7,01:12:36,Mio Cristo Piange Diamanti,ROSALÍA,LUX
2025-11-07T01:15:35Z,November,11,7,01:15:35,Berghain,ROSALÍA,LUX
2025-11-07T01:18:50Z,November,11,7,01:18:50,La Perla,ROSALÍA,LUX
2025-11-07T01:21:11Z,November,11,7,01:21:11,Mundo Nuevo,ROSALÍA,LUX
2025-11-07T01:22:55Z,November,11,7,01:22:55,De Madrugá,ROSALÍA,LUX
2025-11-07T01:25:06Z,November,11,7,01:25:06,Dios Es Un Stalker,ROSALÍA,LUX
2025-11-07T01:26:37Z,November,11,7,01:26:37,La Yugular,ROSALÍA,LUX
2025-11-07T01:45:48Z,November,11,7,01:45:48,Sauvignon Blanc,ROSALÍA,LUX
2025-11-07T01:49:42Z,November,11,7,01:49:42,Reliquia,ROSALÍA,LUX
2025-11-07T01:53:27Z,November,11,7,01:53:27,Times,Cecile Believe,Plucking a Cherry From The Void
2025-11-07T01:56:10Z,November,11,7,01:56:10,Lucky Star,The Deep,Lucky Star
2025-11-07T04:18:17Z,November,11,7,04:18:17,Cry,HAIM,I quit (deluxe)
2025-11-07T21:24:50Z,November,11,7,21:24:50,Reliquia,ROSALÍA,LUX
2025-11-07T21:34:08Z,November,11,7,21:34:08,"Sexo, Violencia y Llantas",ROSALÍA,LUX
2025-11-07T21:38:54Z,November,11,7,21:38:54,Reliquia,ROSALÍA,LUX
2025-11-07T21:42:57Z,November,11,7,21:42:57,Divinize,ROSALÍA,LUX
2025-11-07T21:47:17Z,November,11,7,21:47:17,Divinize,ROSALÍA,LUX
2025-11-07T21:51:25Z,November,11,7,21:51:25,Porcelana,ROSALÍA,LUX
2025-11-07T21:55:57Z,November,11,7,21:55:57,Mio Cristo Piange Diamanti,ROSALÍA,LUX
2025-11-07T21:58:56Z,November,11,7,21:58:56,Berghain,ROSALÍA,LUX
2025-11-07T22:06:02Z,November,11,7,22:06:02,La Perla,ROSALÍA,LUX
2025-11-07T22:09:52Z,November,11,7,22:09:52,Reliquia,ROSALÍA,LUX
2025-11-07T23:25:53Z,November,11,7,23:25:53,"Sexo, Violencia y Llantas",ROSALÍA,LUX
2025-11-07T23:29:43Z,November,11,7,23:29:43,Reliquia,ROSALÍA,LUX
2025-11-07T23:33:46Z,November,11,7,23:33:46,Divinize,ROSALÍA,LUX
2025-11-07T23:37:54Z,November,11,7,23:37:54,Porcelana,ROSALÍA,LUX
2025-11-07T23:42:24Z,November,11,7,23:42:24,Mio Cristo Piange Diamanti,ROSALÍA,LUX
2025-11-07T23:45:23Z,November,11,7,23:45:23,Berghain,ROSALÍA,LUX
2025-11-07T23:48:38Z,November,11,7,23:48:38,La Perla,ROSALÍA,LUX
2025-11-07T23:50:59Z,November,11,7,23:50:59,Mundo Nuevo,ROSALÍA,LUX
2025-11-07T23:52:43Z,November,11,7,23:52:43,De Madrugá,ROSALÍA,LUX
2025-11-07T23:54:53Z,November,11,7,23:54:53,Dios Es Un Stalker,ROSALÍA,LUX
2025-11-07T23:59:12Z,November,11,7,23:59:12,La Yugular,ROSALÍA,LUX
2025-11-08T00:01:55Z,November,11,8,00:01:55,Sauvignon Blanc,ROSALÍA,LUX
2025-11-08T00:19:00Z,November,11,8,00:19:00,La Rumba Del Perdón,ROSALÍA,LUX
2025-11-08T00:22:45Z,November,11,8,00:22:45,Memória,ROSALÍA,LUX
2025-11-08T00:26:00Z,November,11,8,00:26:00,Magnolias,ROSALÍA,LUX
2025-11-08T00:32:16Z,November,11,8,00:32:16,the rothschild party,Vladimir Dubyshkin,ivanovo night luxe
2025-11-08T06:04:00Z,November,11,8,06:04:00,Music,underscores,Music
2025-11-08T06:07:56Z,November,11,8,06:07:56,Reliquia,ROSALÍA,LUX
2025-11-08T06:11:59Z,November,11,8,06:11:59,Divinize,ROSALÍA,LUX
2025-11-08T06:14:54Z,November,11,8,06:14:54,Sauvignon Blanc,ROSALÍA,LUX
2025-11-08T08:52:29Z,November,11,8,08:52:29,La Rumba Del Perdón,ROSALÍA,LUX
2025-11-08T21:10:03Z,November,11,8,21:10:03,Reliquia,ROSALÍA,LUX
2025-11-08T21:14:07Z,November,11,8,21:14:07,Divinize,ROSALÍA,LUX
2025-11-08T21:16:44Z,November,11,8,21:16:44,Dios Es Un Stalker,ROSALÍA,LUX
2025-11-08T21:21:25Z,November,11,8,21:21:25,Mio Cristo Piange Diamanti,ROSALÍA,LUX
2025-11-08T21:24:24Z,November,11,8,21:24:24,Berghain,ROSALÍA,LUX
2025-11-08T21:27:53Z,November,11,8,21:27:53,Hammer,Lorde,Virgin
2025-11-08T22:22:30Z,November,11,8,22:22:30,Divinize,ROSALÍA,LUX
2025-11-08T22:26:25Z,November,11,8,22:26:25,Reliquia,ROSALÍA,LUX
2025-11-08T22:32:11Z,November,11,8,22:32:11,Pluto,Björk,Homogenic
2025-11-08T22:37:30Z,November,11,8,22:37:30,Hunter,Björk,Homogenic
2025-11-08T22:43:49Z,November,11,8,22:43:49,Joga,Björk,Homogenic
2025-11-08T23:07:50Z,November,11,8,23:07:50,Pluto,Björk,Homogenic
2025-11-08T23:09:53Z,November,11,8,23:09:53,All Is Full of Love,Björk,Homogenic
2025-11-08T23:12:28Z,November,11,8,23:12:28,Take My L,Carlie Hanson,Take My L
2025-11-08T23:16:01Z,November,11,8,23:16:01,Copycats,Danny Brown,Copycats
2025-11-08T23:20:43Z,November,11,8,23:20:43,Boytoy,EQ,EQ
2025-11-08T23:25:07Z,November,11,8,23:25:07,B.S.A.S. (Si Alguna Vez te Sentís Sola de Noche),EQ,EQ
2025-11-08T23:34:59Z,November,11,8,23:34:59,Girls My Age,EQ,EQ
2025-11-08T23:37:53Z,November,11,8,23:37:53,Subway Lullaby,EQ,EQ
2025-11-08T23:40:44Z,November,11,8,23:40:44,EQetamine,EQ,EQ
2025-11-09T00:45:31Z,November,11,9,00:45:31,7’ Mix,EQ,EQ
2025-11-09T00:54:44Z,November,11,9,00:54:44,Girls Gone Wild,JT,Girls Gone Wild
2025-11-09T00:59:02Z,November,11,9,00:59:02,Divinize,ROSALÍA,LUX
2025-11-09T01:02:52Z,November,11,9,01:02:52,Reliquia,ROSALÍA,LUX
2025-11-09T01:12:33Z,November,11,9,01:12:33,"Sexo, Violencia y Llantas",ROSALÍA,LUX
2025-11-09T01:16:23Z,November,11,9,01:16:23,Reliquia,ROSALÍA,LUX
2025-11-09T01:20:27Z,November,11,9,01:20:27,Divinize,ROSALÍA,LUX
2025-11-09T01:25:04Z,November,11,9,01:25:04,Mio Cristo Piange Diamanti,ROSALÍA,LUX
2025-11-09T01:28:03Z,November,11,9,01:28:03,Berghain,ROSALÍA,LUX
2025-11-09T01:31:30Z,November,11,9,01:31:30,Girls Gone Wild,JT,Girls Gone Wild
2025-11-09T01:35:03Z,November,11,9,01:35:03,Do It,underscores,Do It
2025-11-09T01:38:07Z,November,11,9,01:38:07,Fame is a Gun,Addison Rae,Addison
2025-11-09T01:41:26Z,November,11,9,01:41:26,Current Affairs,Lorde,Virgin
2025-11-09T01:44:40Z,November,11,9,01:44:40,Broken Glass,Lorde,Virgin
2025-11-09T01:46:51Z,November,11,9,01:46:51,Clearblue,Lorde,Virgin
2025-11-09T01:49:49Z,November,11,9,01:49:49,Diet Pepsi,Addison Rae,Addison
2025-11-09T01:53:02Z,November,11,9,01:53:02,Hammer,Lorde,Virgin
2025-11-10T01:15:31Z,November,11,10,01:15:31,Hammer,Lorde,Virgin
2025-11-10T01:19:49Z,November,11,10,01:19:49,Shapeshifter,Lorde,Virgin
2025-11-10T01:23:19Z,November,11,10,01:23:19,What Was That,Lorde,Virgin
2025-11-10T01:26:20Z,November,11,10,01:26:20,Man Of The Year,Lorde,Virgin
2025-11-10T01:29:49Z,November,11,10,01:29:49,Favourite Daughter,Lorde,Virgin
2025-11-10T01:33:07Z,November,11,10,01:33:07,Current Affairs,Lorde,Virgin
2025-11-10T01:35:05Z,November,11,10,01:35:05,Clearblue,Lorde,Virgin
2025-11-10T03:58:26Z,November,11,10,03:58:26,"Sexo, Violencia y Llantas",ROSALÍA,LUX
2025-11-10T04:02:16Z,November,11,10,04:02:16,Reliquia,ROSALÍA,LUX
2025-11-10T04:06:19Z,November,11,10,04:06:19,Divinize,ROSALÍA,LUX
2025-11-10T04:09:33Z,November,11,10,04:09:33,Berghain,ROSALÍA,LUX
2025-11-10T04:12:57Z,November,11,10,04:12:57,Pluto,Björk,Homogenic
2025-11-10T04:33:19Z,November,11,10,04:33:19,Pluto,Björk,Homogenic
2025-11-10T04:35:40Z,November,11,10,04:35:40,"Sexo, Violencia y Llantas",ROSALÍA,LUX
2025-11-10T04:39:30Z,November,11,10,04:39:30,Reliquia,ROSALÍA,LUX
2025-11-10T04:45:15Z,November,11,10,04:45:15,Divinize,ROSALÍA,LUX
2025-11-10T04:47:33Z,November,11,10,04:47:33,SAOKO,ROSALÍA,MOTOMAMI
2025-11-10T04:50:16Z,November,11,10,04:50:16,HENTAI,ROSALÍA,MOTOMAMI
2025-11-10T04:52:05Z,November,11,10,04:52:05,BIZCOCHITO,ROSALÍA,MOTOMAMI
2025-11-10T04:53:07Z,November,11,10,04:53:07,MOTOMAMI,ROSALÍA,MOTOMAMI
2025-11-10T04:55:43Z,November,11,10,04:55:43,DELIRIO DE GRANDEZA,ROSALÍA,MOTOMAMI
2025-11-10T04:58:14Z,November,11,10,04:58:14,CUUUUuuuuuute,ROSALÍA,MOTOMAMI
2025-11-10T05:00:50Z,November,11,10,05:00:50,BULERÍAS,ROSALÍA,MOTOMAMI
2025-11-10T05:03:52Z,November,11,10,05:03:52,Breathless,Caroline Polachek,Breathless
2025-11-10T05:06:37Z,November,11,10,05:06:37,Dang,Caroline Polachek,"Desire, I Want To Turn Into You: Everasking Edition"
2025-11-10T05:10:24Z,November,11,10,05:10:24,Azimuth,Danny L Harle,Azimuth
2025-11-10T05:13:48Z,November,11,10,05:13:48,Everything is romantic featuring caroline polachek,Charli xcx,Brat and it’s completely different but also still brat
2025-11-10T05:18:17Z,November,11,10,05:18:17,La vita nuova,Christine and the Queens,La vita nuova
2025-11-10T05:24:03Z,November,11,10,05:24:03,Coma,Caroline Polachek,"Desire, I Want To Turn Into You: Everasking Edition"
2025-11-10T05:46:15Z,November,11,10,05:46:15,Bésame Sin Miedo,RBD,Celestial
2025-11-10T05:55:35Z,November,11,10,05:55:35,Milkshake,Kelis,The Hits
2025-11-10T05:59:24Z,November,11,10,05:59:24,Easy,Troye Sivan,In A Dream
2025-11-10T07:03:06Z,November,11,10,07:03:06,El Alma Que Te Trajo,Safety Trance,El Alma Que Te Trajo
2025-11-10T21:29:41Z,November,11,10,21:29:41,Reliquia,ROSALÍA,LUX
2025-11-10T21:33:17Z,November,11,10,21:33:17,House featuring John Cale,Charli xcx,House featuring John Cale
2025-11-10T21:39:49Z,November,11,10,21:39:49,Ponyboy,SOPHIE,OIL OF EVERY PEARL'S UN-INSIDES
2025-11-10T21:43:46Z,November,11,10,21:43:46,Faceshopping,SOPHIE,OIL OF EVERY PEARL'S UN-INSIDES
2025-11-10T21:47:18Z,November,11,10,21:47:18,Is It Cold In The Water?,SOPHIE,OIL OF EVERY PEARL'S UN-INSIDES
2025-11-10T21:51:59Z,November,11,10,21:51:59,Infatuation,SOPHIE,OIL OF EVERY PEARL'S UN-INSIDES
2025-11-10T21:53:47Z,November,11,10,21:53:47,Not Okay,SOPHIE,OIL OF EVERY PEARL'S UN-INSIDES
2025-11-10T22:36:34Z,November,11,10,22:36:34,Immaterial,SOPHIE,OIL OF EVERY PEARL'S UN-INSIDES
2025-11-10T22:40:48Z,November,11,10,22:40:48,Whole New World/Pretend World,SOPHIE,OIL OF EVERY PEARL'S UN-INSIDES
2025-11-10T22:42:12Z,November,11,10,22:42:12,Not Okay (Alone Mix),SOPHIE,OIL OF EVERY PEARL'S UN-INSIDES NON-STOP REMIX ALBUM
2025-11-10T22:43:35Z,November,11,10,22:43:35,XTC Acid,SOPHIE,OIL OF EVERY PEARL'S UN-INSIDES NON-STOP REMIX ALBUM
2025-11-10T22:45:31Z,November,11,10,22:45:31,Gallop (feat. Evita Manji),SOPHIE,SOPHIE
2025-11-10T22:52:45Z,November,11,10,22:52:45,Exhilarate (feat. Bibi Bourelly),SOPHIE,SOPHIE
2025-11-10T23:05:11Z,November,11,10,23:05:11,Gallop (feat. Evita Manji),SOPHIE,SOPHIE
2025-11-10T23:06:00Z,November,11,10,23:06:00,Not Okay (Alone Mix),SOPHIE,OIL OF EVERY PEARL'S UN-INSIDES NON-STOP REMIX ALBUM
2025-11-10T23:13:00Z,November,11,10,23:13:00,Pretending,SOPHIE,OIL OF EVERY PEARL'S UN-INSIDES
2025-11-10T23:18:43Z,November,11,10,23:18:43,Live In My Truth (feat. BC Kingdom and LIZ),SOPHIE,SOPHIE
2025-11-10T23:22:31Z,November,11,10,23:22:31,Girls Gone Wild,JT,Girls Gone Wild
2025-11-10T23:24:23Z,November,11,10,23:24:23,Take My L,Carlie Hanson,Take My L
2025-11-11T21:07:10Z,November,11,11,21:07:10,Not Okay (Alone Mix),SOPHIE,OIL OF EVERY PEARL'S UN-INSIDES NON-STOP REMIX ALBUM
2025-11-11T21:11:01Z,November,11,11,21:11:01,It's Okay To Cry,SOPHIE,OIL OF EVERY PEARL'S UN-INSIDES
2025-11-11T21:14:15Z,November,11,11,21:14:15,Ponyboy,SOPHIE,OIL OF EVERY PEARL'S UN-INSIDES
2025-11-11T21:18:12Z,November,11,11,21:18:12,Faceshopping,SOPHIE,OIL OF EVERY PEARL'S UN-INSIDES
2025-11-11T21:21:44Z,November,11,11,21:21:44,Is It Cold In The Water?,SOPHIE,OIL OF EVERY PEARL'S UN-INSIDES
2025-11-11T21:26:25Z,November,11,11,21:26:25,Infatuation,SOPHIE,OIL OF EVERY PEARL'S UN-INSIDES
2025-11-11T21:28:13Z,November,11,11,21:28:13,Not Okay,SOPHIE,OIL OF EVERY PEARL'S UN-INSIDES
2025-11-11T21:56:32Z,November,11,11,21:56:32,Pretending,SOPHIE,OIL OF EVERY PEARL'S UN-INSIDES
2025-11-11T21:58:11Z,November,11,11,21:58:11,Pretending,SOPHIE,OIL OF EVERY PEARL'S UN-INSIDES
2025-11-11T22:02:04Z,November,11,11,22:02:04,Immaterial,SOPHIE,OIL OF EVERY PEARL'S UN-INSIDES
2025-11-12T00:01:40Z,November,11,12,00:01:40,Predictable Girl,FKA twigs,Predictable Girl
2025-11-12T00:05:12Z,November,11,12,00:05:12,Cheap Hotel,FKA twigs,Predictable Girl
2025-11-12T00:08:14Z,November,11,12,00:08:14,Predictable Girl,FKA twigs,Predictable Girl
2025-11-12T00:13:43Z,November,11,12,00:13:43,Position Famous,Frost Children,SISTER
2025-11-12T00:17:30Z,November,11,12,00:17:30,Falling,Frost Children,SISTER
2025-11-12T00:18:55Z,November,11,12,00:18:55,ELECTRIC,Frost Children,SISTER
2025-11-12T00:33:30Z,November,11,12,00:33:30,No Better,Lorde,No Better
2025-11-12T00:36:32Z,November,11,12,00:36:32,IN MY ROOM (CHAEYOUNG),TWICE,TEN: The Story Goes On
2025-11-12T00:40:19Z,November,11,12,00:40:19,Azimuth,Danny L Harle,Azimuth
2025-11-12T00:43:11Z,November,11,12,00:43:11,I Like Ur Look,Kim Petras,I Like Ur Look
2025-11-12T00:55:22Z,November,11,12,00:55:22,giirL math,horsegiirL,v.i.p. - very important pony
2025-11-12T00:58:28Z,November,11,12,00:58:28,Thirst Trap,Audrey Hobert,Who's the Clown?
2025-11-12T01:01:19Z,November,11,12,01:01:19,Sue me,Audrey Hobert,Who's the Clown?
2025-11-12T01:05:09Z,November,11,12,01:05:09,Reliquia,ROSALÍA,LUX
2025-11-12T01:09:13Z,November,11,12,01:09:13,Divinize,ROSALÍA,LUX
2025-11-12T01:11:49Z,November,11,12,01:11:49,DELIRIO DE GRANDEZA,ROSALÍA,MOTOMAMI
2025-11-12T01:14:32Z,November,11,12,01:14:32,Lucky Star,The Deep,Lucky Star
2025-11-12T01:20:19Z,November,11,12,01:20:19,Breathless,Caroline Polachek,Breathless
2025-11-12T01:22:36Z,November,11,12,01:22:36,Saddle,horsegiirL,Farm Fatale
2025-11-12T01:26:05Z,November,11,12,01:26:05,ict,Oklou,choke enough
2025-11-12T01:32:10Z,November,11,12,01:32:10,Fuck Me Eyes,Ethel Cain,"Willoughby Tucker, I'll Always Love You"
2025-11-12T01:45:43Z,November,11,12,01:45:43,Hammer,Lorde,Virgin
2025-11-12T01:48:58Z,November,11,12,01:48:58,Air,YEJI,AIR
2025-11-12T01:52:17Z,November,11,12,01:52:17,Current Affairs,Lorde,Virgin
2025-11-12T01:55:41Z,November,11,12,01:55:41,If She Could See Me Now,Lorde,Virgin
2025-11-12T01:58:55Z,November,11,12,01:58:55,Broken Glass,Lorde,Virgin
2025-11-12T02:03:13Z,November,11,12,02:03:13,Shapeshifter,Lorde,Virgin
2025-11-12T03:04:09Z,November,11,12,03:04:09,Favourite Daughter,Lorde,Virgin
2025-11-12T20:43:18Z,November,11,12,20:43:18,Whole New World/Pretend World,SOPHIE,OIL OF EVERY PEARL'S UN-INSIDES
2025-11-12T20:46:33Z,November,11,12,20:46:33,Cold World,SOPHIE,OIL OF EVERY PEARL'S UN-INSIDES NON-STOP REMIX ALBUM
2025-11-12T20:50:24Z,November,11,12,20:50:24,It's Okay To Cry,SOPHIE,OIL OF EVERY PEARL'S UN-INSIDES
2025-11-12T20:53:39Z,November,11,12,20:53:39,Ponyboy,SOPHIE,OIL OF EVERY PEARL'S UN-INSIDES
2025-11-12T20:57:36Z,November,11,12,20:57:36,Faceshopping,SOPHIE,OIL OF EVERY PEARL'S UN-INSIDES
2025-11-12T21:01:08Z,November,11,12,21:01:08,Is It Cold In The Water?,SOPHIE,OIL OF EVERY PEARL'S UN-INSIDES
2025-11-12T21:05:48Z,November,11,12,21:05:48,Infatuation,SOPHIE,OIL OF EVERY PEARL'S UN-INSIDES
2025-11-12T21:07:37Z,November,11,12,21:07:37,Not Okay,SOPHIE,OIL OF EVERY PEARL'S UN-INSIDES
2025-11-12T21:13:30Z,November,11,12,21:13:30,Pretending,SOPHIE,OIL OF EVERY PEARL'S UN-INSIDES
2025-11-12T22:16:59Z,November,11,12,22:16:59,Immaterial,SOPHIE,OIL OF EVERY PEARL'S UN-INSIDES
2025-11-12T22:18:32Z,November,11,12,22:18:32,Ponyboy,SOPHIE,OIL OF EVERY PEARL'S UN-INSIDES
2025-11-12T22:22:26Z,November,11,12,22:22:26,Immaterial,SOPHIE,OIL OF EVERY PEARL'S UN-INSIDES
2025-11-12T22:25:14Z,November,11,12,22:25:14,OOH,SOPHIE,PRODUCT
2025-11-12T22:28:19Z,November,11,12,22:28:19,JUST LIKE WE NEVER SAID GOODBYE,SOPHIE,PRODUCT
2025-11-12T22:32:08Z,November,11,12,22:32:08,It's Okay To Cry,SOPHIE,OIL OF EVERY PEARL'S UN-INSIDES
2025-11-12T22:35:26Z,November,11,12,22:35:26,GET HIGHER,SOPHIE,GET HIGHER
2025-11-12T22:38:54Z,November,11,12,22:38:54,Music,underscores,Music
2025-11-12T22:55:27Z,November,11,12,22:55:27,"Sexo, Violencia y Llantas",ROSALÍA,LUX
2025-11-12T22:59:17Z,November,11,12,22:59:17,Reliquia,ROSALÍA,LUX
2025-11-12T23:03:21Z,November,11,12,23:03:21,Divinize,ROSALÍA,LUX
2025-11-12T23:08:07Z,November,11,12,23:08:07,Pluto,Björk,Homogenic
2025-11-12T23:38:30Z,November,11,12,23:38:30,B.S.A.S. (Si Alguna Vez te Sentís Sola de Noche),EQ,EQ
2025-11-13T20:44:31Z,November,11,13,20:44:31,SWEATER,JUSTB,SNOW ANGEL
2025-11-13T20:47:02Z,November,11,13,20:47:02,SNOW ANGEL,JUSTB,SNOW ANGEL
2025-11-13T20:49:25Z,November,11,13,20:49:25,TRUE HEART,JUSTB,SNOW ANGEL
2025-11-13T20:51:53Z,November,11,13,20:51:53,FREEDOM,JUSTB,SNOW ANGEL
2025-11-13T20:54:03Z,November,11,13,20:54:03,GOING SOUTH,JUSTB,SNOW ANGEL
2025-11-13T21:14:09Z,November,11,13,21:14:09,BHYT (Baby Hold You Tight),JUSTB,SNOW ANGEL
2025-11-13T22:00:52Z,November,11,13,22:00:52,It's Okay To Cry,SOPHIE,OIL OF EVERY PEARL'S UN-INSIDES
2025-11-13T22:04:06Z,November,11,13,22:04:06,Ponyboy,SOPHIE,OIL OF EVERY PEARL'S UN-INSIDES
2025-11-13T22:08:03Z,November,11,13,22:08:03,Faceshopping,SOPHIE,OIL OF EVERY PEARL'S UN-INSIDES
2025-11-13T22:11:36Z,November,11,13,22:11:36,Is It Cold In The Water?,SOPHIE,OIL OF EVERY PEARL'S UN-INSIDES
2025-11-13T22:16:16Z,November,11,13,22:16:16,Infatuation,SOPHIE,OIL OF EVERY PEARL'S UN-INSIDES
2025-11-13T22:18:04Z,November,11,13,22:18:04,Not Okay,SOPHIE,OIL OF EVERY PEARL'S UN-INSIDES
2025-11-13T22:23:57Z,November,11,13,22:23:57,Pretending,SOPHIE,OIL OF EVERY PEARL'S UN-INSIDES
2025-11-13T22:27:50Z,November,11,13,22:27:50,Immaterial,SOPHIE,OIL OF EVERY PEARL'S UN-INSIDES
2025-11-13T23:46:56Z,November,11,13,23:46:56,Girl Feels Good,FKA twigs,EUSEXUA
2025-11-13T23:50:13Z,November,11,13,23:50:13,Perfect Stranger,FKA twigs,EUSEXUA
2025-11-13T23:53:24Z,November,11,13,23:53:24,Drums of Death,FKA twigs,EUSEXUA
2025-11-13T23:56:23Z,November,11,13,23:56:23,Whole New World/Pretend World,SOPHIE,OIL OF EVERY PEARL'S UN-INSIDES
2025-11-13T23:57:50Z,November,11,13,23:57:50,Room Of Fools,FKA twigs,EUSEXUA
2025-11-14T00:00:47Z,November,11,14,00:00:47,Sticky,FKA twigs,EUSEXUA
2025-11-14T05:29:08Z,November,11,14,05:29:08,"Keep It, Hold It",FKA twigs,EUSEXUA
2025-11-14T05:33:18Z,November,11,14,05:33:18,hit me where it hurts x,Skrillex,hit me where it hurts x
2025-11-14T05:36:00Z,November,11,14,05:36:00,Love Crimes,FKA twigs,EUSEXUA Afterglow
2025-11-14T05:39:33Z,November,11,14,05:39:33,Slushy,FKA twigs,EUSEXUA Afterglow
2025-11-14T05:46:24Z,November,11,14,05:46:24,Wild And Alone (feat. PinkPantheress),FKA twigs,EUSEXUA Afterglow
2025-11-14T05:49:58Z,November,11,14,05:49:58,HARD,FKA twigs,EUSEXUA Afterglow
2025-11-14T19:33:12Z,November,11,14,19:33:12,Touch A Girl,FKA twigs,EUSEXUA Afterglow
2025-11-14T20:57:55Z,November,11,14,20:57:55,Wild And Alone (feat. PinkPantheress),FKA twigs,EUSEXUA Afterglow
2025-11-14T21:07:29Z,November,11,14,21:07:29,Wild And Alone (feat. PinkPantheress),FKA twigs,EUSEXUA Afterglow
2025-11-14T21:13:22Z,November,11,14,21:13:22,Sushi,FKA twigs,EUSEXUA Afterglow
2025-11-14T21:31:22Z,November,11,14,21:31:22,Piece Of Mine,FKA twigs,EUSEXUA Afterglow
2025-11-14T21:56:13Z,November,11,14,21:56:13,Lost All My Friends,FKA twigs,EUSEXUA Afterglow
2025-11-14T22:01:05Z,November,11,14,22:01:05,Stereo Boy,FKA twigs,EUSEXUA Afterglow
2025-11-14T22:12:28Z,November,11,14,22:12:28,Sushi,FKA twigs,EUSEXUA Afterglow
2025-11-14T22:16:02Z,November,11,14,22:16:02,HARD,FKA twigs,EUSEXUA Afterglow
2025-11-14T22:19:42Z,November,11,14,22:19:42,Slushy,FKA twigs,EUSEXUA Afterglow
2025-11-14T22:23:47Z,November,11,14,22:23:47,Wild And Alone (feat. PinkPantheress),FKA twigs,EUSEXUA Afterglow
2025-11-14T22:25:27Z,November,11,14,22:25:27,HARD,FKA twigs,EUSEXUA Afterglow
2025-11-14T22:28:56Z,November,11,14,22:28:56,The Dare,FKA twigs,EUSEXUA
2025-11-14T22:32:37Z,November,11,14,22:32:37,Got To Feel,FKA twigs,EUSEXUA
2025-11-14T22:47:02Z,November,11,14,22:47:02,Striptease (feat. Eartheater),FKA twigs,EUSEXUA
2025-11-14T23:07:51Z,November,11,14,23:07:51,Slushy,FKA twigs,EUSEXUA Afterglow
2025-11-14T23:11:57Z,November,11,14,23:11:57,Wild And Alone (feat. PinkPantheress),FKA twigs,EUSEXUA Afterglow
2025-11-14T23:15:31Z,November,11,14,23:15:31,HARD,FKA twigs,EUSEXUA Afterglow
2025-11-14T23:20:54Z,November,11,14,23:20:54,Sushi,FKA twigs,EUSEXUA Afterglow
2025-11-14T23:24:10Z,November,11,14,23:24:10,Piece Of Mine,FKA twigs,EUSEXUA Afterglow
2025-11-14T23:29:02Z,November,11,14,23:29:02,Stereo Boy,FKA twigs,EUSEXUA Afterglow
2025-11-14T23:32:53Z,November,11,14,23:32:53,It's Okay To Cry,SOPHIE,OIL OF EVERY PEARL'S UN-INSIDES
2025-11-14T23:47:53Z,November,11,14,23:47:53,Sushi,FKA twigs,EUSEXUA Afterglow
2025-11-14T23:51:43Z,November,11,14,23:51:43,Lost All My Friends,FKA twigs,EUSEXUA Afterglow
2025-11-14T23:54:56Z,November,11,14,23:54:56,Touch A Girl,FKA twigs,EUSEXUA Afterglow
2025-11-14T23:57:24Z,November,11,14,23:57:24,Predictable Girl,FKA twigs,EUSEXUA Afterglow
2025-11-15T00:00:13Z,November,11,15,00:00:13,Love Crimes,FKA twigs,EUSEXUA Afterglow
2025-11-15T00:03:53Z,November,11,15,00:03:53,Ponyboy,SOPHIE,OIL OF EVERY PEARL'S UN-INSIDES
2025-11-15T00:07:50Z,November,11,15,00:07:50,Faceshopping,SOPHIE,OIL OF EVERY PEARL'S UN-INSIDES
2025-11-15T05:38:41Z,November,11,15,05:38:41,Is It Cold In The Water?,SOPHIE,OIL OF EVERY PEARL'S UN-INSIDES
2025-11-15T05:41:57Z,November,11,15,05:41:57,Love Crimes,FKA twigs,EUSEXUA Afterglow
2025-11-15T05:45:30Z,November,11,15,05:45:30,Slushy,FKA twigs,EUSEXUA Afterglow
2025-11-15T05:49:36Z,November,11,15,05:49:36,Wild And Alone (feat. PinkPantheress),FKA twigs,EUSEXUA Afterglow
2025-11-15T05:50:29Z,November,11,15,05:50:29,Dopamine,Robyn,Dopamine
2025-11-15T05:53:10Z,November,11,15,05:53:10,HARD,FKA twigs,EUSEXUA Afterglow
2025-11-15T05:56:43Z,November,11,15,05:56:43,Cheap Hotel,FKA twigs,EUSEXUA Afterglow
2025-11-15T07:21:20Z,November,11,15,07:21:20,Touch A Girl,FKA twigs,EUSEXUA Afterglow
2025-11-15T21:05:09Z,November,11,15,21:05:09,Love Crimes,FKA twigs,EUSEXUA Afterglow
2025-11-15T21:08:43Z,November,11,15,21:08:43,Slushy,FKA twigs,EUSEXUA Afterglow
2025-11-15T21:12:48Z,November,11,15,21:12:48,Wild And Alone (feat. PinkPantheress),FKA twigs,EUSEXUA Afterglow
2025-11-15T21:16:23Z,November,11,15,21:16:23,HARD,FKA twigs,EUSEXUA Afterglow
2025-11-15T21:19:55Z,November,11,15,21:19:55,Cheap Hotel,FKA twigs,EUSEXUA Afterglow
2025-11-15T21:22:54Z,November,11,15,21:22:54,Touch A Girl,FKA twigs,EUSEXUA Afterglow
2025-11-15T21:25:22Z,November,11,15,21:25:22,Predictable Girl,FKA twigs,EUSEXUA Afterglow
2025-11-15T21:30:44Z,November,11,15,21:30:44,Sushi,FKA twigs,EUSEXUA Afterglow
2025-11-15T21:34:00Z,November,11,15,21:34:00,Piece Of Mine,FKA twigs,EUSEXUA Afterglow
2025-11-15T21:37:44Z,November,11,15,21:37:44,Lost All My Friends,FKA twigs,EUSEXUA Afterglow
2025-11-15T21:42:36Z,November,11,15,21:42:36,Stereo Boy,FKA twigs,EUSEXUA Afterglow
2025-11-15T21:56:49Z,November,11,15,21:56:49,2 die 4 (feat. Charli XCX),Addison Rae,AR
2025-11-15T22:32:27Z,November,11,15,22:32:27,Chains of Love,Charli xcx,Chains of Love
2025-11-15T22:34:57Z,November,11,15,22:34:57,Nothing On (But The Radio),Addison Rae,AR
2025-11-15T22:39:22Z,November,11,15,22:39:22,Reliquia,ROSALÍA,LUX
2025-11-15T23:13:59Z,November,11,15,23:13:59,2 die 4 (feat. Charli XCX),Addison Rae,AR
2025-11-15T23:16:49Z,November,11,15,23:16:49,Chains of Love,Charli xcx,Chains of Love
2025-11-15T23:21:15Z,November,11,15,23:21:15,Immaterial,SOPHIE,OIL OF EVERY PEARL'S UN-INSIDES
2025-11-15T23:25:22Z,November,11,15,23:25:22,Wild And Alone (feat. PinkPantheress),FKA twigs,EUSEXUA Afterglow
2025-11-15T23:30:45Z,November,11,15,23:30:45,Sushi,FKA twigs,EUSEXUA Afterglow
2025-11-15T23:33:59Z,November,11,15,23:33:59,Hammer,Lorde,Virgin
2025-11-15T23:37:28Z,November,11,15,23:37:28,What Was That,Lorde,Virgin
2025-11-15T23:40:18Z,November,11,15,23:40:18,Von dutch a. g. cook remix featuring addison rae,Charli xcx,Brat and it’s completely different but also still brat
2025-11-15T23:41:37Z,November,11,15,23:41:37,Sushi,FKA twigs,EUSEXUA Afterglow
2025-11-15T23:44:11Z,November,11,15,23:44:11,Unlock it (Lock It) - feat. Kim Petras and Jay Park,Charli xcx,Pop 2
2025-11-15T23:47:10Z,November,11,15,23:47:10,giirL math,horsegiirL,v.i.p. - very important pony
2025-11-15T23:50:57Z,November,11,15,23:50:57,Azimuth,Danny L Harle,Azimuth
2025-11-16T02:09:11Z,November,11,16,02:09:11,hit me where it hurts x,Skrillex,hit me where it hurts x
2025-11-16T02:11:04Z,November,11,16,02:11:04,hit me where it hurts x,Skrillex,hit me where it hurts x
2025-11-16T02:13:44Z,November,11,16,02:13:44,Love Crimes,FKA twigs,EUSEXUA Afterglow
2025-11-16T02:17:49Z,November,11,16,02:17:49,Wild And Alone (feat. PinkPantheress),FKA twigs,EUSEXUA Afterglow
2025-11-16T02:23:12Z,November,11,16,02:23:12,Sushi,FKA twigs,EUSEXUA Afterglow
2025-11-16T02:28:04Z,November,11,16,02:28:04,Stereo Boy,FKA twigs,EUSEXUA Afterglow
2025-11-16T16:12:41Z,November,11,16,16:12:41,I Choose You,f5ve,SEQUENCE 01.5 (dreaming of the 2nd 1st impact - consequences of fate redux)
2025-11-16T16:16:15Z,November,11,16,16:16:15,UFO (Dorian Electra & Count Baldor Remix),f5ve,SEQUENCE 01.5 (dreaming of the 2nd 1st impact - consequences of fate redux)
2025-11-16T16:19:54Z,November,11,16,16:19:54,Snowman (Hannah Diamond Remix),f5ve,SEQUENCE 01.5 (dreaming of the 2nd 1st impact - consequences of fate redux)
2025-11-16T16:22:44Z,November,11,16,16:22:44,I Choose You,f5ve,SEQUENCE 01.5 (dreaming of the 2nd 1st impact - consequences of fate redux)
2025-11-16T16:23:24Z,November,11,16,16:23:24,Underground (DJ CHARI x French Cries Remix) feat. STARKIDS,f5ve,SEQUENCE 01.5 (dreaming of the 2nd 1st impact - consequences of fate redux)
2025-11-16T16:25:47Z,November,11,16,16:25:47,Little Miss,GIRLSET,Little Miss
2025-11-17T01:16:29Z,November,11,17,01:16:29,Sushi,FKA twigs,EUSEXUA Afterglow
2025-11-17T01:21:57Z,November,11,17,01:21:57,Sushi,FKA twigs,EUSEXUA Afterglow
2025-11-17T01:26:03Z,November,11,17,01:26:03,Wild And Alone (feat. PinkPantheress),FKA twigs,EUSEXUA Afterglow
2025-11-17T01:30:02Z,November,11,17,01:30:02,hit me where it hurts x,Skrillex,hit me where it hurts x
2025-11-17T01:34:01Z,November,11,17,01:34:01,Snowman (Hannah Diamond Remix),f5ve,SEQUENCE 01.5 (dreaming of the 2nd 1st impact - consequences of fate redux)
2025-11-17T03:25:50Z,November,11,17,03:25:50,Underground (YAGI EXHIBITION’s MINI 4WD Remix),f5ve,SEQUENCE 01.5 (dreaming of the 2nd 1st impact - consequences of fate redux)
2025-11-17T23:11:51Z,November,11,17,23:11:51,Reliquia,ROSALÍA,LUX
2025-11-17T23:14:12Z,November,11,17,23:14:12,"Sexo, Violencia y Llantas",ROSALÍA,LUX
2025-11-17T23:18:33Z,November,11,17,23:18:33,Divinize,ROSALÍA,LUX
2025-11-17T23:22:23Z,November,11,17,23:22:23,It's Okay To Cry,SOPHIE,OIL OF EVERY PEARL'S UN-INSIDES
2025-11-17T23:25:43Z,November,11,17,23:25:43,Ponyboy,SOPHIE,OIL OF EVERY PEARL'S UN-INSIDES
2025-11-17T23:31:05Z,November,11,17,23:31:05,Sushi,FKA twigs,EUSEXUA Afterglow
2025-11-17T23:40:35Z,November,11,17,23:40:35,Hammer,Lorde,Virgin
2025-11-17T23:45:12Z,November,11,17,23:45:12,Shapeshifter,Lorde,Virgin
2025-11-18T00:00:02Z,November,11,18,00:00:02,Man Of The Year,Lorde,Virgin
2025-11-18T00:01:45Z,November,11,18,00:01:45,Skinny Love,Bon Iver,"For Emma, Forever Ago"
2025-11-18T00:15:48Z,November,11,18,00:15:48,Stereo Boy,FKA twigs,EUSEXUA Afterglow
2025-11-18T00:19:27Z,November,11,18,00:19:27,Snowman (Hannah Diamond Remix),f5ve,SEQUENCE 01.5 (dreaming of the 2nd 1st impact - consequences of fate redux)
2025-11-18T00:22:18Z,November,11,18,00:22:18,Chains of Love,Charli xcx,Chains of Love
2025-11-18T00:26:24Z,November,11,18,00:26:24,Wild And Alone (feat. PinkPantheress),FKA twigs,EUSEXUA Afterglow
2025-11-18T00:31:13Z,November,11,18,00:31:13,Headphones On,Addison Rae,Addison
2025-11-18T01:11:18Z,November,11,18,01:11:18,In The Rain,Addison Rae,Addison
2025-11-18T01:17:28Z,November,11,18,01:17:28,Stereo Boy,FKA twigs,EUSEXUA Afterglow
2025-11-18T01:20:19Z,November,11,18,01:20:19,Chains of Love,Charli xcx,Chains of Love
2025-11-18T01:23:58Z,November,11,18,01:23:58,Snowman (Hannah Diamond Remix),f5ve,SEQUENCE 01.5 (dreaming of the 2nd 1st impact - consequences of fate redux)
2025-11-18T01:28:33Z,November,11,18,01:28:33,Times,Cecile Believe,Plucking a Cherry From The Void
2025-11-18T01:32:20Z,November,11,18,01:32:20,Azimuth,Danny L Harle,Azimuth
2025-11-18T01:35:55Z,November,11,18,01:35:55,In The Rain,Addison Rae,Addison
2025-11-18T19:27:28Z,November,11,18,19:27:28,Sushi,FKA twigs,EUSEXUA Afterglow
2025-11-18T19:27:39Z,November,11,18,19:27:39,Everything is romantic featuring caroline polachek,Charli xcx,Brat and it’s completely different but also still brat
2025-11-18T19:30:44Z,November,11,18,19:30:44,Piece Of Mine,FKA twigs,EUSEXUA Afterglow
2025-11-18T19:42:24Z,November,11,18,19:42:24,Chains of Love,Charli xcx,Chains of Love
2025-11-18T19:46:54Z,November,11,18,19:46:54,Wild And Alone (feat. PinkPantheress),FKA twigs,EUSEXUA Afterglow
2025-11-18T19:50:28Z,November,11,18,19:50:28,HARD,FKA twigs,EUSEXUA Afterglow
2025-11-18T19:54:00Z,November,11,18,19:54:00,Cheap Hotel,FKA twigs,EUSEXUA Afterglow
2025-11-18T19:55:17Z,November,11,18,19:55:17,Touch A Girl,FKA twigs,EUSEXUA Afterglow
2025-11-18T19:58:56Z,November,11,18,19:58:56,Snowman (Hannah Diamond Remix),f5ve,SEQUENCE 01.5 (dreaming of the 2nd 1st impact - consequences of fate redux)
2025-11-18T20:02:55Z,November,11,18,20:02:55,hit me where it hurts x,Skrillex,hit me where it hurts x
2025-11-18T20:04:12Z,November,11,18,20:04:12,Not Okay (Alone Mix),SOPHIE,OIL OF EVERY PEARL'S UN-INSIDES NON-STOP REMIX ALBUM
2025-11-18T20:09:46Z,November,11,18,20:09:46,Pluto,Björk,Homogenic
2025-11-18T20:13:37Z,November,11,18,20:13:37,Reliquia,ROSALÍA,LUX
2025-11-18T20:17:36Z,November,11,18,20:17:36,viscus (feat. FKA twigs),Oklou,viscus (feat. FKA twigs)
2025-11-18T20:20:36Z,November,11,18,20:20:36,giirL math,horsegiirL,v.i.p. - very important pony
2025-11-18T20:25:00Z,November,11,18,20:25:00,B.S.A.S. (Si Alguna Vez te Sentís Sola de Noche),EQ,EQ
2025-11-18T20:41:09Z,November,11,18,20:41:09,Sushi,FKA twigs,EUSEXUA Afterglow
2025-11-18T20:44:22Z,November,11,18,20:44:22,Ponyboy,SOPHIE,OIL OF EVERY PEARL'S UN-INSIDES
2025-11-18T20:48:16Z,November,11,18,20:48:16,Immaterial,SOPHIE,OIL OF EVERY PEARL'S UN-INSIDES
2025-11-18T20:50:54Z,November,11,18,20:50:54,Club classics,Charli xcx,BRAT
2025-11-18T20:53:25Z,November,11,18,20:53:25,Sympathy is a knife,Charli xcx,BRAT
2025-11-18T20:56:57Z,November,11,18,20:56:57,Everything is romantic,Charli xcx,BRAT
2025-11-18T21:00:23Z,November,11,18,21:00:23,"Girl, so confusing featuring lorde",Charli xcx,Brat and it’s completely different but also still brat
2025-11-18T21:02:39Z,November,11,18,21:02:39,I think about it all the time,Charli xcx,BRAT
2025-11-18T21:23:30Z,November,11,18,21:23:30,Apple,Charli xcx,BRAT
2025-11-18T21:26:23Z,November,11,18,21:26:23,Chains of Love,Charli xcx,Chains of Love
2025-11-18T21:32:33Z,November,11,18,21:32:33,Chains of Love,Charli xcx,Chains of Love
2025-11-18T21:44:50Z,November,11,18,21:44:50,Snowman (Hannah Diamond Remix),f5ve,SEQUENCE 01.5 (dreaming of the 2nd 1st impact - consequences of fate redux)
2025-11-18T22:18:57Z,November,11,18,22:18:57,Snowman (Hannah Diamond Remix),f5ve,SEQUENCE 01.5 (dreaming of the 2nd 1st impact - consequences of fate redux)
2025-11-18T22:21:19Z,November,11,18,22:21:19,Underground,f5ve,SEQUENCE 01
2025-11-18T22:31:36Z,November,11,18,22:31:36,Wish,f5ve,SEQUENCE 01.5 (dreaming of the 2nd 1st impact - consequences of fate redux)
2025-11-18T22:34:31Z,November,11,18,22:34:31,Snowman,f5ve,SEQUENCE 01.5 (dreaming of the 2nd 1st impact - consequences of fate redux)
2025-11-18T22:37:20Z,November,11,18,22:37:20,I Choose You,f5ve,SEQUENCE 01.5 (dreaming of the 2nd 1st impact - consequences of fate redux)
2025-11-18T22:41:19Z,November,11,18,22:41:19,hit me where it hurts x,Skrillex,hit me where it hurts x
2025-11-18T22:44:47Z,November,11,18,22:44:47,Music,underscores,Music
2025-11-18T22:48:20Z,November,11,18,22:48:20,Do It,underscores,Do It
2025-11-18T22:52:04Z,November,11,18,22:52:04,Girls Gone Wild,JT,Girls Gone Wild
2025-11-18T22:54:56Z,November,11,18,22:54:56,I Like Ur Look,Kim Petras,I Like Ur Look
2025-11-18T22:57:43Z,November,11,18,22:57:43,I Don't Sell - Records Remix,umru,I Don't Sell
2025-11-18T23:01:17Z,November,11,18,23:01:17,"1,2,3 dayz up",Kim Petras,"1,2,3 dayz up"
2025-11-18T23:04:05Z,November,11,18,23:04:05,IN MY ROOM (CHAEYOUNG),TWICE,TEN: The Story Goes On
2025-11-18T23:06:43Z,November,11,18,23:06:43,Pretty Ugly,Zara Larsson,Midnight Sun
2025-11-18T23:09:46Z,November,11,18,23:09:46,Blue Moon,Zara Larsson,Midnight Sun
2025-11-18T23:14:20Z,November,11,18,23:14:20,Alejandro,Lady Gaga,The Fame Monster
2025-11-19T06:30:49Z,November,11,19,06:30:49,Sushi,FKA twigs,EUSEXUA Afterglow
2025-11-19T20:07:16Z,November,11,19,20:07:16,Chains of Love,Charli xcx,Chains of Love
2025-11-19T20:11:09Z,November,11,19,20:11:09,Times Like These,Addison Rae,Addison
2025-11-19T20:15:35Z,November,11,19,20:15:35,Shapeshifter,Lorde,Virgin
2025-11-19T20:16:10Z,November,11,19,20:16:10,Man Of The Year,Lorde,Virgin
2025-11-19T20:19:25Z,November,11,19,20:19:25,Broken Glass,Lorde,Virgin
2025-11-19T20:22:21Z,November,11,19,20:22:21,If She Could See Me Now,Lorde,Virgin
2025-11-19T20:24:33Z,November,11,19,20:24:33,Clearblue,Lorde,Virgin
2025-11-19T20:29:52Z,November,11,19,20:29:52,Shapeshifter,Lorde,Virgin
2025-11-19T20:33:30Z,November,11,19,20:33:30,Hammer,Lorde,Virgin
2025-11-19T20:36:45Z,November,11,19,20:36:45,Broken Glass,Lorde,Virgin
2025-11-19T20:53:04Z,November,11,19,20:53:04,What Was That,Lorde,Virgin
2025-11-19T20:56:35Z,November,11,19,20:56:35,David,Lorde,Virgin
2025-11-19T21:21:22Z,November,11,19,21:21:22,The Louvre,Lorde,Melodrama
2025-11-19T21:25:15Z,November,11,19,21:25:15,Dopamine,Robyn,Dopamine
2025-11-19T21:28:44Z,November,11,19,21:28:44,Favourite Daughter,Lorde,Virgin
2025-11-19T21:32:06Z,November,11,19,21:32:06,Current Affairs,Lorde,Virgin
2025-11-19T21:34:04Z,November,11,19,21:34:04,Clearblue,Lorde,Virgin
2025-11-19T21:36:39Z,November,11,19,21:36:39,GRWM,Lorde,Virgin
2025-11-19T21:48:09Z,November,11,19,21:48:09,Broken Glass,Lorde,Virgin
2025-11-19T21:50:50Z,November,11,19,21:50:50,claws,Charli xcx,how i'm feeling now
2025-11-19T21:54:31Z,November,11,19,21:54:31,c2.0,Charli xcx,how i'm feeling now
2025-11-19T21:59:28Z,November,11,19,21:59:28,party 4 u,Charli xcx,how i'm feeling now
2025-11-19T22:03:18Z,November,11,19,22:03:18,visions,Charli xcx,how i'm feeling now
2025-11-19T22:06:09Z,November,11,19,22:06:09,anthems,Charli xcx,how i'm feeling now
2025-11-19T22:17:50Z,November,11,19,22:17:50,Hammer,Lorde,Virgin
2025-11-19T22:21:22Z,November,11,19,22:21:22,What Was That,Lorde,Virgin
2025-11-20T21:40:26Z,November,11,20,21:40:26,Not Okay (Alone Mix),SOPHIE,OIL OF EVERY PEARL'S UN-INSIDES NON-STOP REMIX ALBUM
2025-11-20T21:43:46Z,November,11,20,21:43:46,Pluto,Björk,Homogenic
2025-11-20T21:48:57Z,November,11,20,21:48:57,Stereo Boy,FKA twigs,EUSEXUA Afterglow
2025-11-20T22:37:39Z,November,11,20,22:37:39,SAOKO,ROSALÍA,MOTOMAMI
2025-11-20T22:40:53Z,November,11,20,22:40:53,CANDY,ROSALÍA,MOTOMAMI
2025-11-20T22:44:01Z,November,11,20,22:44:01,LA FAMA,ROSALÍA,MOTOMAMI
2025-11-20T22:46:37Z,November,11,20,22:46:37,BULERÍAS,ROSALÍA,MOTOMAMI
2025-11-20T22:48:39Z,November,11,20,22:48:39,CHICKEN TERIYAKI,ROSALÍA,MOTOMAMI
2025-11-20T22:51:22Z,November,11,20,22:51:22,HENTAI,ROSALÍA,MOTOMAMI
2025-11-20T22:53:11Z,November,11,20,22:53:11,BIZCOCHITO,ROSALÍA,MOTOMAMI
2025-11-20T22:57:27Z,November,11,20,22:57:27,G3 N15,ROSALÍA,MOTOMAMI
2025-11-20T23:01:18Z,November,11,20,23:01:18,It's Okay To Cry,SOPHIE,OIL OF EVERY PEARL'S UN-INSIDES
2025-11-20T23:04:32Z,November,11,20,23:04:32,Ponyboy,SOPHIE,OIL OF EVERY PEARL'S UN-INSIDES
2025-11-20T23:08:29Z,November,11,20,23:08:29,Faceshopping,SOPHIE,OIL OF EVERY PEARL'S UN-INSIDES
2025-11-20T23:16:48Z,November,11,20,23:16:48,Is It Cold In The Water?,SOPHIE,OIL OF EVERY PEARL'S UN-INSIDES
2025-11-20T23:20:41Z,November,11,20,23:20:41,Immaterial,SOPHIE,OIL OF EVERY PEARL'S UN-INSIDES
2025-11-20T23:23:56Z,November,11,20,23:23:56,Ponyboy,SOPHIE,OIL OF EVERY PEARL'S UN-INSIDES
2025-11-20T23:41:44Z,November,11,20,23:41:44,Whole New World/Pretend World,SOPHIE,OIL OF EVERY PEARL'S UN-INSIDES
2025-11-20T23:44:34Z,November,11,20,23:44:34,Chains of Love,Charli xcx,Chains of Love
2025-11-20T23:46:47Z,November,11,20,23:46:47,Not Okay,SOPHIE,OIL OF EVERY PEARL'S UN-INSIDES
2025-11-20T23:51:22Z,November,11,20,23:51:22,Wild And Alone (feat. PinkPantheress),FKA twigs,EUSEXUA Afterglow
2025-11-20T23:54:56Z,November,11,20,23:54:56,HARD,FKA twigs,EUSEXUA Afterglow
2025-11-20T23:57:41Z,November,11,20,23:57:41,Predictable Girl,FKA twigs,EUSEXUA Afterglow
2025-11-21T00:03:03Z,November,11,21,00:03:03,Sushi,FKA twigs,EUSEXUA Afterglow
2025-11-21T00:06:19Z,November,11,21,00:06:19,Piece Of Mine,FKA twigs,EUSEXUA Afterglow
2025-11-21T05:20:28Z,November,11,21,05:20:28,Lost All My Friends,FKA twigs,EUSEXUA Afterglow
2025-11-21T05:25:12Z,November,11,21,05:25:12,Chains of Love,Charli xcx,Chains of Love
2025-11-21T05:29:18Z,November,11,21,05:29:18,Lost All My Friends,FKA twigs,EUSEXUA Afterglow
2025-11-21T05:31:59Z,November,11,21,05:31:59,Love Crimes,FKA twigs,EUSEXUA Afterglow
2025-11-21T05:37:22Z,November,11,21,05:37:22,Sushi,FKA twigs,EUSEXUA Afterglow
2025-11-21T15:27:35Z,November,11,21,15:27:35,"I Got It (feat. Brooke Candy, CupcakKe and Pabllo Vittar)",Charli xcx,Pop 2
2025-11-21T15:32:21Z,November,11,21,15:32:21,Crystallise My Tears,Danny L Harle,Crystallise My Tears
2025-11-21T15:35:55Z,November,11,21,15:35:55,Dopamine,Robyn,Dopamine
2025-11-21T15:46:57Z,November,11,21,15:46:57,TWELVE is BOLD [EQ],Shygirl,TWELVE is BOLD [EQ]
2025-11-21T15:49:46Z,November,11,21,15:49:46,Chains of Love,Charli xcx,Chains of Love
2025-11-21T15:53:25Z,November,11,21,15:53:25,Snowman (Hannah Diamond Remix),f5ve,SEQUENCE 01.5 (dreaming of the 2nd 1st impact - consequences of fate redux)
2025-11-21T15:56:14Z,November,11,21,15:56:14,Firetruck (umru Remix),f5ve,SEQUENCE 01.5 (dreaming of the 2nd 1st impact - consequences of fate redux)
2025-11-21T15:58:05Z,November,11,21,15:58:05,"Television (Kyundesu Remix) feat. N ², Aisho Nakajima, sheidA, Yohji Igarashi",f5ve,SEQUENCE 01.5 (dreaming of the 2nd 1st impact - consequences of fate redux)
2025-11-21T16:00:58Z,November,11,21,16:00:58,Snowman,f5ve,SEQUENCE 01.5 (dreaming of the 2nd 1st impact - consequences of fate redux)
2025-11-21T16:03:47Z,November,11,21,16:03:47,I Choose You,f5ve,SEQUENCE 01.5 (dreaming of the 2nd 1st impact - consequences of fate redux)
2025-11-21T21:29:19Z,November,11,21,21:29:19,UFO (Dorian Electra & Count Baldor Remix),f5ve,SEQUENCE 01.5 (dreaming of the 2nd 1st impact - consequences of fate redux)
2025-11-21T21:31:59Z,November,11,21,21:31:59,galore,Oklou,Galore
2025-11-21T21:34:58Z,November,11,21,21:34:58,If She Could See Me Now,Lorde,Virgin
2025-11-21T21:38:23Z,November,11,21,21:38:23,David,Lorde,Virgin
2025-11-21T21:42:46Z,November,11,21,21:42:46,The Path,Lorde,Solar Power
2025-11-21T21:47:13Z,November,11,21,21:47:13,Stoned at the Nail Salon,Lorde,Solar Power
2025-11-21T21:50:59Z,November,11,21,21:50:59,Mood Ring,Lorde,Solar Power
2025-11-21T21:55:28Z,November,11,21,21:55:28,Hold No Grudge - Bonus Track,Lorde,Solar Power
2025-11-21T21:59:57Z,November,11,21,21:59:57,Fallen Fruit,Lorde,Solar Power
2025-11-21T22:03:31Z,November,11,21,22:03:31,Is It Cold In The Water?,SOPHIE,OIL OF EVERY PEARL'S UN-INSIDES
2025-11-21T22:03:45Z,November,11,21,22:03:45,Secrets from a Girl (Who's Seen it All),Lorde,Solar Power
2025-11-21T22:08:01Z,November,11,21,22:08:01,The Man with the Axe,Lorde,Solar Power
2025-11-21T22:23:03Z,November,11,21,22:23:03,Dominoes,Lorde,Solar Power
2025-11-21T22:26:17Z,November,11,21,22:26:17,California,Lorde,Solar Power
2025-11-21T22:29:52Z,November,11,21,22:29:52,Dopamine,Robyn,Dopamine
2025-11-21T22:33:43Z,November,11,21,22:33:43,Reliquia,ROSALÍA,LUX
2025-11-21T22:49:27Z,November,11,21,22:49:27,Divinize,ROSALÍA,LUX
2025-11-21T23:09:17Z,November,11,21,23:09:17,Divinize,ROSALÍA,LUX
2025-11-21T23:11:58Z,November,11,21,23:11:58,Love Crimes,FKA twigs,EUSEXUA Afterglow
2025-11-21T23:16:05Z,November,11,21,23:16:05,Wild And Alone (feat. PinkPantheress),FKA twigs,EUSEXUA Afterglow
2025-11-21T23:18:39Z,November,11,21,23:18:39,Sympathy is a knife featuring ariana grande,Charli xcx,Brat and it’s completely different but also still brat
2025-11-21T23:25:41Z,November,11,21,23:25:41,I Like Ur Look,Kim Petras,I Like Ur Look
2025-11-22T06:01:36Z,November,11,22,06:01:36,Why Should I Be Sad,Britney Spears,Blackout
2025-11-22T06:05:27Z,November,11,22,06:05:27,In The Rain,Addison Rae,Addison
2025-11-22T06:08:30Z,November,11,22,06:08:30,Fame is a Gun,Addison Rae,Addison
2025-11-22T06:12:25Z,November,11,22,06:12:25,Times Like These,Addison Rae,Addison
2025-11-22T06:14:57Z,November,11,22,06:14:57,New York,Addison Rae,Addison
2025-11-22T06:22:31Z,November,11,22,06:22:31,hit me where it hurts x,Skrillex,hit me where it hurts x
2025-11-22T06:26:18Z,November,11,22,06:26:18,Azimuth,Danny L Harle,Azimuth
2025-11-22T06:31:48Z,November,11,22,06:31:48,Thing Called Love - Original Mix,Above & Beyond,Group Therapy
2025-11-22T06:36:13Z,November,11,22,06:36:13,B.S.A.S. (Si Alguna Vez te Sentís Sola de Noche),EQ,EQ
2025-11-22T06:40:47Z,November,11,22,06:40:47,Alejandro,Lady Gaga,The Fame Monster
2025-11-22T06:42:51Z,November,11,22,06:42:51,Money is Everything,Addison Rae,Addison
2025-11-22T06:45:41Z,November,11,22,06:45:41,Diet Pepsi,Addison Rae,Addison
2025-11-22T06:50:06Z,November,11,22,06:50:06,I'm Not Alone - 2009 Remaster,Calvin Harris,I'm Not Alone 2019
2025-11-22T06:55:36Z,November,11,22,06:55:36,Thing Called Love - Original Mix,Above & Beyond,Group Therapy
2025-11-22T06:58:28Z,November,11,22,06:58:28,I Like Ur Look,Kim Petras,I Like Ur Look
2025-11-22T07:01:17Z,November,11,22,07:01:17,SHOOT (Firecracker),CHAEYOUNG,LIL FANTASY vol.1
2025-11-22T07:04:00Z,November,11,22,07:04:00,Aquamarine,Addison Rae,Addison
2025-11-22T07:07:04Z,November,11,22,07:07:04,Fame is a Gun,Addison Rae,Addison
2025-11-22T09:16:31Z,November,11,22,09:16:31,Lost & Found,Addison Rae,Addison
2025-11-22T09:20:09Z,November,11,22,09:20:09,Chains of Love,Charli xcx,Chains of Love
2025-11-22T09:23:48Z,November,11,22,09:23:48,Snowman (Hannah Diamond Remix),f5ve,SEQUENCE 01.5 (dreaming of the 2nd 1st impact - consequences of fate redux)
2025-11-22T09:27:47Z,November,11,22,09:27:47,hit me where it hurts x,Skrillex,hit me where it hurts x
2025-11-22T09:28:24Z,November,11,22,09:28:24,Not Okay (Alone Mix),SOPHIE,OIL OF EVERY PEARL'S UN-INSIDES NON-STOP REMIX ALBUM
2025-11-22T09:33:15Z,November,11,22,09:33:15,dance 2,Oklou,choke enough (Deluxe)
2025-11-22T09:36:59Z,November,11,22,09:36:59,Times,Cecile Believe,Plucking a Cherry From The Void
2025-11-22T09:41:36Z,November,11,22,09:41:36,Rapture in Blue - Midnight Version,Daniel Avery,Rapture in Blue / Greasy off the Racing Line
2025-11-22T09:44:36Z,November,11,22,09:44:36,Berghain,ROSALÍA,Berghain
2025-11-22T09:48:07Z,November,11,22,09:48:07,Cry,HAIM,I quit (deluxe)
2025-11-22T09:50:59Z,November,11,22,09:50:59,I Like Ur Look,Kim Petras,I Like Ur Look
2025-11-22T11:04:55Z,November,11,22,11:04:55,No Better,Lorde,No Better
2025-11-22T11:08:29Z,November,11,22,11:08:29,"1,2,3 dayz up",Kim Petras,"1,2,3 dayz up"
2025-11-22T11:11:12Z,November,11,22,11:11:12,I Don't Sell - Records Remix,umru,I Don't Sell
2025-11-22T11:14:01Z,November,11,22,11:14:01,IN MY ROOM (CHAEYOUNG),TWICE,TEN: The Story Goes On
2025-11-22T11:17:48Z,November,11,22,11:17:48,viscus (feat. FKA twigs),Oklou,viscus (feat. FKA twigs)
2025-11-22T11:20:18Z,November,11,22,11:20:18,giirL math,horsegiirL,v.i.p. - very important pony
2025-11-22T11:22:35Z,November,11,22,11:22:35,Saddle,horsegiirL,Farm Fatale
2025-11-22T11:25:37Z,November,11,22,11:25:37,Starsiigns,horsegiirL,Starsiigns
2025-11-22T11:28:47Z,November,11,22,11:28:47,EQetamine,EQ,EQ
2025-11-22T11:33:40Z,November,11,22,11:33:40,Sorry,Madonna,Confessions on a Dance Floor
2025-11-22T21:56:17Z,November,11,22,21:56:17,Sweet Dreams,Beyoncé,I AM...SASHA FIERCE
2025-11-24T21:13:12Z,November,11,24,21:13:12,"Sexo, Violencia y Llantas",ROSALÍA,LUX
2025-11-24T21:17:02Z,November,11,24,21:17:02,Reliquia,ROSALÍA,LUX
2025-11-24T21:21:05Z,November,11,24,21:21:05,Divinize,ROSALÍA,LUX
2025-11-24T21:38:07Z,November,11,24,21:38:07,Porcelana,ROSALÍA,LUX
2025-11-24T21:40:44Z,November,11,24,21:40:44,"Sexo, Violencia y Llantas",ROSALÍA,LUX
2025-11-24T21:44:34Z,November,11,24,21:44:34,Reliquia,ROSALÍA,LUX
2025-11-24T22:10:32Z,November,11,24,22:10:32,Is It Cold In The Water?,SOPHIE,OIL OF EVERY PEARL'S UN-INSIDES
2025-11-24T22:15:12Z,November,11,24,22:15:12,Infatuation,SOPHIE,OIL OF EVERY PEARL'S UN-INSIDES
2025-11-24T22:17:00Z,November,11,24,22:17:00,Not Okay,SOPHIE,OIL OF EVERY PEARL'S UN-INSIDES
2025-11-24T22:21:31Z,November,11,24,22:21:31,Immaterial,SOPHIE,OIL OF EVERY PEARL'S UN-INSIDES
2025-11-24T22:39:53Z,November,11,24,22:39:53,Immaterial,SOPHIE,OIL OF EVERY PEARL'S UN-INSIDES
2025-11-24T22:44:21Z,November,11,24,22:44:21,Shapeshifter,Lorde,Virgin
2025-11-24T22:47:51Z,November,11,24,22:47:51,What Was That,Lorde,Virgin
2025-11-24T22:50:54Z,November,11,24,22:50:54,Club classics,Charli xcx,BRAT
2025-11-24T22:53:25Z,November,11,24,22:53:25,Sympathy is a knife,Charli xcx,BRAT
2025-11-24T22:55:35Z,November,11,24,22:55:35,360 featuring robyn & yung lean,Charli xcx,Brat and it’s completely different but also still brat
2025-11-24T22:58:30Z,November,11,24,22:58:30,Club classics featuring bb trickz,Charli xcx,Brat and it’s completely different but also still brat
2025-11-24T23:01:07Z,November,11,24,23:01:07,Von dutch a. g. cook remix featuring addison rae,Charli xcx,Brat and it’s completely different but also still brat
2025-11-24T23:05:47Z,November,11,24,23:05:47,"Girl, so confusing featuring lorde",Charli xcx,Brat and it’s completely different but also still brat
2025-11-24T23:09:10Z,November,11,24,23:09:10,Everything is romantic featuring caroline polachek,Charli xcx,Brat and it’s completely different but also still brat
2025-11-24T23:11:44Z,November,11,24,23:11:44,B2b featuring tinashe,Charli xcx,Brat and it’s completely different but also still brat
2025-11-24T23:14:06Z,November,11,24,23:14:06,Spring breakers,Charli xcx,Brat and it’s completely different but also still brat
2025-11-24T23:17:00Z,November,11,24,23:17:00,I think about it all the time,Charli xcx,Brat and it’s completely different but also still brat
2025-11-24T23:21:15Z,November,11,24,23:21:15,Azimuth,Danny L Harle,Azimuth
2025-11-24T23:42:47Z,November,11,24,23:42:47,Azimuth,Danny L Harle,Azimuth
2025-11-24T23:45:53Z,November,11,24,23:45:53,Thirst Trap,Audrey Hobert,Who's the Clown?
2025-11-25T21:25:59Z,November,11,25,21:25:59,Sue me,Audrey Hobert,Who's the Clown?
2025-11-25T21:28:29Z,November,11,25,21:28:29,360 featuring robyn & yung lean,Charli xcx,Brat and it’s completely different but also still brat
2025-11-25T21:31:24Z,November,11,25,21:31:24,Club classics featuring bb trickz,Charli xcx,Brat and it’s completely different but also still brat
2025-11-25T21:33:58Z,November,11,25,21:33:58,Sympathy is a knife featuring ariana grande,Charli xcx,Brat and it’s completely different but also still brat
2025-11-25T22:31:12Z,November,11,25,22:31:12,Shapeshifter,Lorde,Virgin
2025-11-25T22:34:41Z,November,11,25,22:34:41,What Was That,Lorde,Virgin
2025-11-25T22:37:55Z,November,11,25,22:37:55,Hammer,Lorde,Virgin
2025-11-25T22:41:10Z,November,11,25,22:41:10,Broken Glass,Lorde,Virgin
2025-11-25T22:44:29Z,November,11,25,22:44:29,Current Affairs,Lorde,Virgin
2025-11-25T22:46:31Z,November,11,25,22:46:31,Clearblue,Lorde,Virgin
2025-11-25T22:49:12Z,November,11,25,22:49:12,Love Crimes,FKA twigs,EUSEXUA Afterglow
2025-11-25T22:53:19Z,November,11,25,22:53:19,Wild And Alone (feat. PinkPantheress),FKA twigs,EUSEXUA Afterglow
2025-11-25T22:56:53Z,November,11,25,22:56:53,HARD,FKA twigs,EUSEXUA Afterglow
2025-11-25T23:02:16Z,November,11,25,23:02:16,Sushi,FKA twigs,EUSEXUA Afterglow
2025-11-25T23:07:08Z,November,11,25,23:07:08,Stereo Boy,FKA twigs,EUSEXUA Afterglow
2025-11-25T23:11:01Z,November,11,25,23:11:01,Times Like These,Addison Rae,Addison
2025-11-25T23:15:02Z,November,11,25,23:15:02,Headphones On,Addison Rae,Addison
2025-11-25T23:17:35Z,November,11,25,23:17:35,New York,Addison Rae,Addison
2025-11-25T23:19:41Z,November,11,25,23:19:41,2 die 4 (feat. Charli XCX),Addison Rae,AR
2025-11-25T23:22:11Z,November,11,25,23:22:11,Nothing On (But The Radio),Addison Rae,AR
2025-11-25T23:27:03Z,November,11,25,23:27:03,dance 2,Oklou,choke enough (Deluxe)
2025-11-25T23:30:44Z,November,11,25,23:30:44,viscus (feat. FKA twigs),Oklou,choke enough (Deluxe)
2025-11-25T23:39:32Z,November,11,25,23:39:32,ict,Oklou,choke enough (Deluxe)
2025-11-25T23:43:33Z,November,11,25,23:43:33,choke enough,Oklou,choke enough
2025-11-25T23:46:17Z,November,11,25,23:46:17,Magic Clock,f5ve,SEQUENCE 01
2025-11-25T23:48:35Z,November,11,25,23:48:35,Television,f5ve,SEQUENCE 01
2025-11-25T23:49:10Z,November,11,25,23:49:10,I might say something stupid featuring the 1975 & jon hopkins,Charli xcx,Brat and it’s completely different but also still brat
2025-11-26T22:18:11Z,November,11,26,22:18:11,Silver Thread Golden Needle,A. G. Cook,Britpop
2025-11-26T22:21:33Z,November,11,26,22:21:33,Britpop,A. G. Cook,Britpop
2025-11-26T22:25:40Z,November,11,26,22:25:40,You Know Me,A. G. Cook,Britpop
2025-11-26T22:30:19Z,November,11,26,22:30:19,Heartache,A. G. Cook,Britpop
2025-11-26T22:34:07Z,November,11,26,22:34:07,Beautiful,A. G. Cook,"PC Music, Vol. 1"
2025-11-26T23:20:15Z,November,11,26,23:20:15,Oh Yeah (Caroline Polachek Remix),A. G. Cook,Apple vs. 7G
2025-11-26T23:22:36Z,November,11,26,23:22:36,Xcxoplex (with Charli XCX),A. G. Cook,Apple vs. 7G
2025-11-26T23:23:51Z,November,11,26,23:23:51,2021 (umru Remix),A. G. Cook,Apple vs. 7G
2025-11-26T23:27:37Z,November,11,26,23:27:37,Beautiful,A. G. Cook,"PC Music, Vol. 1"
2025-11-26T23:30:52Z,November,11,26,23:30:52,Von dutch a. g. cook remix featuring addison rae,Charli xcx,Brat and it’s completely different but also still brat
2025-11-26T23:59:41Z,November,11,26,23:59:41,So I featuring a. g. cook,Charli xcx,Brat and it’s completely different but also still brat
2025-11-27T00:03:14Z,November,11,27,00:03:14,Beg for You (feat. Rina Sawayama) - A. G. Cook & VERNON OF SEVENTEEN Remix,Charli xcx,Beg For You (A. G. Cook & VERNON OF SEVENTEEN Remix) [feat. Rina Sawayama]
2025-11-27T05:46:55Z,November,11,27,05:46:55,Beautiful,A. G. Cook,"PC Music, Vol. 1"
2025-11-27T06:01:43Z,November,11,27,06:01:43,Sushi,FKA twigs,EUSEXUA Afterglow
2025-11-27T06:04:58Z,November,11,27,06:04:58,Piece Of Mine,FKA twigs,EUSEXUA Afterglow
2025-11-27T06:08:43Z,November,11,27,06:08:43,Lost All My Friends,FKA twigs,EUSEXUA Afterglow
2025-11-27T06:13:36Z,November,11,27,06:13:36,Stereo Boy,FKA twigs,EUSEXUA Afterglow
2025-11-27T06:16:17Z,November,11,27,06:16:17,Love Crimes,FKA twigs,EUSEXUA Afterglow
2025-11-27T06:21:09Z,November,11,27,06:21:09,dance 2,Oklou,choke enough (Deluxe)
2025-11-27T06:25:18Z,November,11,27,06:25:18,hit me where it hurts x,Skrillex,hit me where it hurts x
2025-11-27T06:28:10Z,November,11,27,06:28:10,I Like Ur Look,Kim Petras,I Like Ur Look
2025-11-27T10:11:27Z,November,11,27,10:11:27,Freak It,Kim Petras,I Like Ur Look
2025-11-27T10:14:16Z,November,11,27,10:14:16,Love Crimes,FKA twigs,EUSEXUA Afterglow
2025-11-27T10:18:39Z,November,11,27,10:18:39,Wild And Alone (feat. PinkPantheress),FKA twigs,EUSEXUA Afterglow
2025-11-27T10:22:13Z,November,11,27,10:22:13,HARD,FKA twigs,EUSEXUA Afterglow
2025-11-27T10:25:45Z,November,11,27,10:25:45,Cheap Hotel,FKA twigs,EUSEXUA Afterglow
2025-11-27T10:28:19Z,November,11,27,10:28:19,Predictable Girl,FKA twigs,EUSEXUA Afterglow
2025-11-27T10:33:42Z,November,11,27,10:33:42,Sushi,FKA twigs,EUSEXUA Afterglow
2025-11-27T10:36:57Z,November,11,27,10:36:57,Piece Of Mine,FKA twigs,EUSEXUA Afterglow
2025-11-27T21:04:48Z,November,11,27,21:04:48,Lost All My Friends,FKA twigs,EUSEXUA Afterglow
2025-11-27T22:40:29Z,November,11,27,22:40:29,Times Like These,Addison Rae,Addison
2025-11-27T22:41:26Z,November,11,27,22:41:26,Life's No Fun Through Clear Waters,Addison Rae,Addison
2025-11-27T22:45:15Z,November,11,27,22:45:15,Headphones On,Addison Rae,Addison
2025-11-27T22:49:03Z,November,11,27,22:49:03,Hammer,Lorde,Virgin
2025-11-27T22:52:54Z,November,11,27,22:52:54,Reliquia,ROSALÍA,LUX
2025-11-27T22:55:15Z,November,11,27,22:55:15,"Sexo, Violencia y Llantas",ROSALÍA,LUX
2025-11-28T16:09:02Z,November,11,28,16:09:02,HARD,FKA twigs,EUSEXUA Afterglow
2025-11-28T21:56:17Z,November,11,28,21:56:17,Amanaemonesia,Chairlift,Something
2025-11-28T22:00:25Z,November,11,28,22:00:25,The Steps,HAIM,Women In Music Pt. III
2025-11-28T22:04:19Z,November,11,28,22:04:19,Welcome To My Island,Caroline Polachek,"Desire, I Want To Turn Into You"
2025-11-28T22:07:33Z,November,11,28,22:07:33,Bunny Is A Rider,Caroline Polachek,"Desire, I Want To Turn Into You"
2025-11-28T22:10:56Z,November,11,28,22:10:56,Welcome To My Island - George Daniel & Charli XCX Remix,Caroline Polachek,Welcome To My Island
2025-11-28T22:31:36Z,November,11,28,22:31:36,Take It Out On Me,Chairlift,Something
2025-11-28T22:34:04Z,November,11,28,22:34:04,galore,Oklou,Galore
2025-11-28T22:37:32Z,November,11,28,22:37:32,I Belong In Your Arms,Chairlift,Something
2025-11-28T22:41:21Z,November,11,28,22:41:21,we can't be friends (wait for your love),Ariana Grande,eternal sunshine
2025-11-28T22:45:59Z,November,11,28,22:45:59,Supercut,Lorde,Melodrama
2025-11-28T22:48:50Z,November,11,28,22:48:50,Chains of Love,Charli xcx,Chains of Love
2025-11-28T22:52:12Z,November,11,28,22:52:12,ZEN,JENNIE,Ruby
2025-11-28T22:56:33Z,November,11,28,22:56:33,Yeah I Know,The 1975,Notes On A Conditional Form
2025-11-28T23:00:28Z,November,11,28,23:00:28,Frail State Of Mind,The 1975,Notes On A Conditional Form
2025-11-28T23:02:59Z,November,11,28,23:02:59,OOH,SOPHIE,OOH
2025-11-28T23:05:56Z,November,11,28,23:05:56,Toro,Remi Wolf,Big Ideas
2025-11-28T23:10:00Z,November,11,28,23:10:00,Cinderella,Remi Wolf,Big Ideas
2025-11-28T23:13:09Z,November,11,28,23:13:09,Slay Bitch - Bonus Track,Remi Wolf,Big Ideas
2025-11-28T23:15:51Z,November,11,28,23:15:51,Alone in Miami,Remi Wolf,Big Ideas
2025-11-28T23:20:42Z,November,11,28,23:20:42,Harajuku Girls,Gwen Stefani,Love. Angel. Music. Baby.
2025-11-28T23:24:06Z,November,11,28,23:24:06,I'm a Slave 4 U,Britney Spears,Britney (Digital Deluxe Version)
2025-11-28T23:26:57Z,November,11,28,23:26:57,Who,Jimin,MUSE
2025-11-28T23:33:39Z,November,11,28,23:33:39,Stronger,Britney Spears,Oops!... I Did It Again
2025-11-28T23:35:17Z,November,11,28,23:35:17,pamplemousse,FKA twigs,CAPRISONGS
2025-11-28T23:46:42Z,November,11,28,23:46:42,tears in the club (feat. the weeknd),FKA twigs,CAPRISONGS
2025-11-29T02:55:43Z,November,11,29,02:55:43,ride the dragon,FKA twigs,CAPRISONGS
2025-11-30T01:10:35Z,November,11,30,01:10:35,Love Crimes,FKA twigs,EUSEXUA Afterglow
2025-11-30T01:28:05Z,November,11,30,01:28:05,Silver Thread Golden Needle,A. G. Cook,Britpop
2025-11-30T01:31:27Z,November,11,30,01:31:27,Britpop,A. G. Cook,Britpop
2025-11-30T01:35:34Z,November,11,30,01:35:34,You Know Me,A. G. Cook,Britpop
2025-11-30T01:39:23Z,November,11,30,01:39:23,Prismatic,A. G. Cook,Britpop
2025-11-30T02:28:20Z,November,11,30,02:28:20,Crescent Sun,A. G. Cook,Britpop
2025-11-30T02:32:06Z,November,11,30,02:32:06,Golden,HUNTR/X,KPop Demon Hunters
2025-11-30T02:35:40Z,November,11,30,02:35:40,Dopamine,Robyn,Dopamine
2025-11-30T02:39:13Z,November,11,30,02:39:13,Do It,underscores,Do It
2025-11-30T02:42:30Z,November,11,30,02:42:30,Save Me,BTS,The Most Beautiful Moment in Life: Young Forever
2025-11-30T09:12:08Z,November,11,30,09:12:08,I'm Fine,BTS,Love Yourself 結 'Answer'
2025-12-01T00:52:38Z,December,12,1,00:52:38,I'm Fine,BTS,Love Yourself 結 'Answer'
2025-12-01T00:56:21Z,December,12,1,00:56:21,Me Against the Music (feat. Madonna) - LP Version / Video Mix,Britney Spears,In The Zone
2025-12-01T01:01:10Z,December,12,1,01:01:10,(I Got That) Boom Boom (feat. Ying Yang Twins),Britney Spears,In The Zone
2025-12-01T01:04:26Z,December,12,1,01:04:26,Showdown,Britney Spears,In The Zone
2025-12-01T01:08:10Z,December,12,1,01:08:10,Breathe on Me,Britney Spears,In The Zone
2025-12-01T01:11:56Z,December,12,1,01:11:56,Early Mornin',Britney Spears,In The Zone
2025-12-01T02:03:02Z,December,12,1,02:03:02,Toxic,Britney Spears,In The Zone
2025-12-01T02:06:29Z,December,12,1,02:06:29,Toxic,Britney Spears,In The Zone
2025-12-01T02:11:19Z,December,12,1,02:11:19,(I Got That) Boom Boom (feat. Ying Yang Twins),Britney Spears,In The Zone
2025-12-01T02:15:10Z,December,12,1,02:15:10,Everytime,Britney Spears,In The Zone
2025-12-01T02:19:22Z,December,12,1,02:19:22,Gimme More,Britney Spears,Blackout
2025-12-01T02:22:54Z,December,12,1,02:22:54,Piece of Me,Britney Spears,Blackout
2025-12-01T02:26:18Z,December,12,1,02:26:18,I'm a Slave 4 U,Britney Spears,Britney (Digital Deluxe Version)
2025-12-01T02:30:02Z,December,12,1,02:30:02,Me Against the Music (feat. Madonna) - LP Version / Video Mix,Britney Spears,In The Zone
2025-12-01T02:33:13Z,December,12,1,02:33:13,Circus,Britney Spears,Circus (Deluxe Version)
2025-12-01T02:36:28Z,December,12,1,02:36:28,Break the Ice,Britney Spears,Blackout
2025-12-01T02:53:23Z,December,12,1,02:53:23,Heaven On Earth,Britney Spears,Blackout
2025-12-01T02:58:13Z,December,12,1,02:58:13,(I Got That) Boom Boom (feat. Ying Yang Twins),Britney Spears,In The Zone
2025-12-01T03:01:41Z,December,12,1,03:01:41,Girls Gone Wild,JT,Girls Gone Wild
2025-12-01T03:04:46Z,December,12,1,03:04:46,Freak It,Kim Petras,Freak It
2025-12-01T15:15:13Z,December,12,1,15:15:13,(I Got That) Boom Boom (feat. Ying Yang Twins),Britney Spears,In The Zone
2025-12-01T20:47:45Z,December,12,1,20:47:45,Everytime,Britney Spears,In The Zone
2025-12-01T23:14:11Z,December,12,1,23:14:11,Everytime,Britney Spears,In The Zone
2025-12-01T23:18:11Z,December,12,1,23:18:11,Headphones On,Addison Rae,Addison
2025-12-01T23:22:04Z,December,12,1,23:22:04,Times Like These,Addison Rae,Addison
2025-12-01T23:25:25Z,December,12,1,23:25:25,Fame is a Gun,Addison Rae,Addison
2025-12-01T23:39:29Z,December,12,1,23:39:29,Spring breakers,Charli xcx,Brat and it’s completely different but also still brat
2025-12-01T23:43:00Z,December,12,1,23:43:00,So I,Charli xcx,BRAT
2025-12-01T23:46:24Z,December,12,1,23:46:24,365,Charli xcx,BRAT
2025-12-01T23:48:50Z,December,12,1,23:48:50,360,Charli xcx,BRAT
2025-12-01T23:51:23Z,December,12,1,23:51:23,Club classics,Charli xcx,BRAT
2025-12-01T23:59:42Z,December,12,1,23:59:42,Everything is romantic,Charli xcx,BRAT
2025-12-02T00:02:35Z,December,12,2,00:02:35,"Girl, so confusing",Charli xcx,BRAT
2025-12-02T00:06:05Z,December,12,2,00:06:05,"Girl, so confusing featuring lorde",Charli xcx,Brat and it’s completely different but also still brat
2025-12-02T00:09:17Z,December,12,2,00:09:17,Hammer,Lorde,Virgin
2025-12-02T00:12:46Z,December,12,2,00:12:46,What Was That,Lorde,Virgin
2025-12-02T00:17:03Z,December,12,2,00:17:03,Shapeshifter,Lorde,Virgin
2025-12-02T00:20:04Z,December,12,2,00:20:04,Man Of The Year,Lorde,Virgin
2025-12-02T00:23:33Z,December,12,2,00:23:33,Favourite Daughter,Lorde,Virgin
2025-12-02T00:26:51Z,December,12,2,00:26:51,Current Affairs,Lorde,Virgin
2025-12-02T00:28:48Z,December,12,2,00:28:48,Clearblue,Lorde,Virgin
2025-12-02T00:31:24Z,December,12,2,00:31:24,GRWM,Lorde,Virgin
2025-12-02T00:34:27Z,December,12,2,00:34:27,Broken Glass,Lorde,Virgin
2025-12-02T00:49:08Z,December,12,2,00:49:08,If She Could See Me Now,Lorde,Virgin
2025-12-02T00:52:33Z,December,12,2,00:52:33,David,Lorde,Virgin
2025-12-02T00:58:32Z,December,12,2,00:58:32,Me Against the Music (feat. Madonna) - LP Version / Video Mix,Britney Spears,In The Zone
2025-12-02T01:03:22Z,December,12,2,01:03:22,(I Got That) Boom Boom (feat. Ying Yang Twins),Britney Spears,In The Zone
2025-12-02T01:06:38Z,December,12,2,01:06:38,Showdown,Britney Spears,In The Zone
2025-12-02T01:09:57Z,December,12,2,01:09:57,Toxic,Britney Spears,In The Zone
2025-12-02T01:13:48Z,December,12,2,01:13:48,Everytime,Britney Spears,In The Zone
2025-12-02T01:17:41Z,December,12,2,01:17:41,Times Like These,Addison Rae,Addison
2025-12-02T01:18:38Z,December,12,2,01:18:38,Life's No Fun Through Clear Waters,Addison Rae,Addison
2025-12-02T01:22:39Z,December,12,2,01:22:39,Headphones On,Addison Rae,Addison
2025-12-02T01:26:27Z,December,12,2,01:26:27,Summer Forever,Addison Rae,Addison
2025-12-02T01:29:08Z,December,12,2,01:29:08,Love Crimes,FKA twigs,EUSEXUA Afterglow
2025-12-02T01:31:14Z,December,12,2,01:31:14,2 die 4 (feat. Charli XCX),Addison Rae,AR
2025-12-02T21:52:29Z,December,12,2,21:52:29,I like to touch people,Audrey Hobert,Who's the Clown?
2025-12-02T21:55:20Z,December,12,2,21:55:20,Sue me,Audrey Hobert,Who's the Clown?
2025-12-02T21:57:36Z,December,12,2,21:57:36,Drive,Audrey Hobert,Who's the Clown?
2025-12-02T22:00:43Z,December,12,2,22:00:43,Wet Hair,Audrey Hobert,Who's the Clown?
2025-12-02T22:03:18Z,December,12,2,22:03:18,Bowling alley,Audrey Hobert,Who's the Clown?
2025-12-02T22:06:24Z,December,12,2,22:06:24,Thirst Trap,Audrey Hobert,Who's the Clown?
2025-12-02T22:09:42Z,December,12,2,22:09:42,Chateau,Audrey Hobert,Who's the Clown?
2025-12-02T22:14:04Z,December,12,2,22:14:04,Sex and the city,Audrey Hobert,Who's the Clown?
2025-12-02T22:58:42Z,December,12,2,22:58:42,Immaterial,SOPHIE,OIL OF EVERY PEARL'S UN-INSIDES
2025-12-02T23:01:18Z,December,12,2,23:01:18,DELIRIO DE GRANDEZA,ROSALÍA,MOTOMAMI
2025-12-02T23:03:49Z,December,12,2,23:03:49,CUUUUuuuuuute,ROSALÍA,MOTOMAMI
2025-12-02T23:04:50Z,December,12,2,23:04:50,MOTOMAMI,ROSALÍA,MOTOMAMI
2025-12-02T23:07:29Z,December,12,2,23:07:29,SAOKO,ROSALÍA,MOTOMAMI
2025-12-02T23:09:36Z,December,12,2,23:09:36,Gallop (feat. Evita Manji),SOPHIE,SOPHIE
2025-12-02T23:13:11Z,December,12,2,23:13:11,Berlin Nightmare (feat. Evita Manji),SOPHIE,SOPHIE
2025-12-02T23:15:08Z,December,12,2,23:15:08,Gallop (feat. Evita Manji),SOPHIE,SOPHIE
2025-12-02T23:18:29Z,December,12,2,23:18:29,One More Time (feat. Popstar),SOPHIE,SOPHIE
2025-12-02T23:23:07Z,December,12,2,23:23:07,Exhilarate (feat. Bibi Bourelly),SOPHIE,SOPHIE
2025-12-02T23:25:04Z,December,12,2,23:25:04,Gallop (feat. Evita Manji),SOPHIE,SOPHIE
2025-12-02T23:39:14Z,December,12,2,23:39:14,Hammer,Lorde,Virgin
2025-12-02T23:41:31Z,December,12,2,23:41:31,mt_2,Toro Oro,mt_2
2025-12-02T23:45:01Z,December,12,2,23:45:01,Sweet Dreams,Beyoncé,I AM...SASHA FIERCE
2025-12-02T23:48:44Z,December,12,2,23:48:44,Bésame Sin Miedo,RBD,Celestial
2025-12-02T23:51:20Z,December,12,2,23:51:20,So Cynical (Badum),LE SSERAFIM,HOT
2025-12-02T23:54:39Z,December,12,2,23:54:39,Ash,LE SSERAFIM,HOT
2025-12-02T23:56:57Z,December,12,2,23:56:57,Come Over,LE SSERAFIM,HOT
2025-12-02T23:59:48Z,December,12,2,23:59:48,King of Hearts,Kim Petras,Feed The Beast
2025-12-03T00:03:35Z,December,12,3,00:03:35,I Know Alone,HAIM,Women In Music Pt. III
2025-12-03T00:06:53Z,December,12,3,00:06:53,High Fashion,Addison Rae,High Fashion
2025-12-03T00:10:18Z,December,12,3,00:10:18,Crush,Ethel Cain,Inbred
2025-12-03T00:13:23Z,December,12,3,00:13:23,Closer To You,Clairo,Immunity
2025-12-03T00:16:00Z,December,12,3,00:16:00,Apple featuring the japanese house,Charli xcx,Brat and it’s completely different but also still brat
2025-12-03T00:19:34Z,December,12,3,00:19:34,Do It,underscores,Do It
2025-12-03T00:23:40Z,December,12,3,00:23:40,Watching T.V.,Magdalena Bay,Imaginal Disk
2025-12-03T00:39:42Z,December,12,3,00:39:42,Bravado,Lorde,The Love Club EP
2025-12-03T01:47:18Z,December,12,3,01:47:18,Warm (feat. HAIM),Charli xcx,Charli
2025-12-03T01:49:59Z,December,12,3,01:49:59,Love Crimes,FKA twigs,EUSEXUA Afterglow
2025-12-03T01:53:28Z,December,12,3,01:53:28,Silver Cross,Charli xcx,Charli
2025-12-03T01:55:41Z,December,12,3,01:55:41,Gallop (feat. Evita Manji),SOPHIE,SOPHIE
2025-12-03T02:11:47Z,December,12,3,02:11:47,Berlin Nightmare (feat. Evita Manji),SOPHIE,SOPHIE
2025-12-03T02:16:45Z,December,12,3,02:16:45,Got Me Started,Troye Sivan,Something To Give Each Other
2025-12-03T04:53:32Z,December,12,3,04:53:32,Click (feat. Kim Petras and Tommy Cash),Charli xcx,Charli
2025-12-03T18:35:24Z,December,12,3,18:35:24,Gallop (feat. Evita Manji),SOPHIE,SOPHIE
2025-12-03T22:41:21Z,December,12,3,22:41:21,want to wanna come back,Oklou,choke enough
2025-12-03T22:44:39Z,December,12,3,22:44:39,blade bird,Oklou,choke enough
2025-12-03T22:48:39Z,December,12,3,22:48:39,choke enough,Oklou,choke enough
2025-12-03T22:49:26Z,December,12,3,22:49:26,(;´༎ຶٹ༎ຶ`),Oklou,choke enough
2025-12-03T23:24:34Z,December,12,3,23:24:34,ict,Oklou,choke enough
2025-12-03T23:25:57Z,December,12,3,23:25:57,Joga,Björk,Homogenic
2025-12-03T23:26:01Z,December,12,3,23:26:01,Beautiful (2023 Edit),A. G. Cook,Beautiful (2023 Edit)
2025-12-03T23:29:48Z,December,12,3,23:29:48,Beautiful,A. G. Cook,"PC Music, Vol. 1"
2025-12-03T23:33:27Z,December,12,3,23:33:27,Snowman (Hannah Diamond Remix),f5ve,SEQUENCE 01.5 (dreaming of the 2nd 1st impact - consequences of fate redux)
2025-12-03T23:35:50Z,December,12,3,23:35:50,Underground,f5ve,SEQUENCE 01.5 (dreaming of the 2nd 1st impact - consequences of fate redux)
2025-12-03T23:38:39Z,December,12,3,23:38:39,I Choose You,f5ve,SEQUENCE 01.5 (dreaming of the 2nd 1st impact - consequences of fate redux)
2025-12-03T23:43:19Z,December,12,3,23:43:19,So I featuring a. g. cook,Charli xcx,Brat and it’s completely different but also still brat
2025-12-03T23:45:57Z,December,12,3,23:45:57,Von dutch a. g. cook remix featuring addison rae,Charli xcx,Brat and it’s completely different but also still brat
2025-12-03T23:50:34Z,December,12,3,23:50:34,Heartache,A. G. Cook,Britpop
2025-12-03T23:54:07Z,December,12,3,23:54:07,Alewife,Clairo,Immunity
2025-12-03T23:57:57Z,December,12,3,23:57:57,Impossible,Clairo,Immunity
2025-12-04T00:01:02Z,December,12,4,00:01:02,Closer To You,Clairo,Immunity
2025-12-04T00:04:35Z,December,12,4,00:04:35,North,Clairo,Immunity
2025-12-04T00:08:55Z,December,12,4,00:08:55,Bags,Clairo,Immunity
2025-12-04T00:12:01Z,December,12,4,00:12:01,Softly,Clairo,Immunity
2025-12-04T00:15:09Z,December,12,4,00:15:09,Sofia,Clairo,Immunity
2025-12-04T00:18:30Z,December,12,4,00:18:30,White Flag,Clairo,Immunity
2025-12-04T00:21:26Z,December,12,4,00:21:26,Feel Something,Clairo,Immunity
2025-12-04T00:24:37Z,December,12,4,00:24:37,Sinking,Clairo,Immunity
2025-12-04T00:31:33Z,December,12,4,00:31:33,I Wouldn't Ask You,Clairo,Immunity
2025-12-04T23:19:24Z,December,12,4,23:19:24,"Sexo, Violencia y Llantas",ROSALÍA,LUX
2025-12-04T23:23:14Z,December,12,4,23:23:14,Reliquia,ROSALÍA,LUX
2025-12-04T23:27:18Z,December,12,4,23:27:18,Divinize,ROSALÍA,LUX
2025-12-04T23:30:21Z,December,12,4,23:30:21,Berghain,ROSALÍA,LUX
2025-12-04T23:33:03Z,December,12,4,23:33:03,Sauvignon Blanc,ROSALÍA,LUX
2025-12-05T05:44:24Z,December,12,5,05:44:24,La Rumba Del Perdón,ROSALÍA,LUX
2025-12-05T05:50:33Z,December,12,5,05:50:33,Everything Is Embarrassing,Sky Ferreira,Ghost
2025-12-05T05:55:06Z,December,12,5,05:55:06,Times Like These,Addison Rae,Addison
2025-12-05T05:59:01Z,December,12,5,05:59:01,Cookie,NewJeans,NewJeans 1st EP 'New Jeans'
2025-12-05T06:01:29Z,December,12,5,06:01:29,Cool With You,NewJeans,NewJeans 2nd EP 'Get Up'
2025-12-05T06:54:41Z,December,12,5,06:54:41,Hurt,NewJeans,NewJeans 1st EP 'New Jeans'
2025-12-05T19:56:46Z,December,12,5,19:56:46,A New Day Has Come - Radio Remix,Céline Dion,A New Day Has Come
2025-12-05T23:13:19Z,December,12,5,23:13:19,I'm Alive,Céline Dion,A New Day Has Come
2025-12-05T23:17:32Z,December,12,5,23:17:32,Right In Front of You,Céline Dion,A New Day Has Come
2025-12-05T23:21:40Z,December,12,5,23:21:40,Have You Ever Been In Love,Céline Dion,A New Day Has Come
2025-12-05T23:25:06Z,December,12,5,23:25:06,"Rain, Tax (It's Inevitable)",Céline Dion,A New Day Has Come
2025-12-05T23:29:26Z,December,12,5,23:29:26,A New Day Has Come - Radio Remix,Céline Dion,A New Day Has Come
2025-12-05T23:49:50Z,December,12,5,23:49:50,Ten Days,Céline Dion,A New Day Has Come
2025-12-05T23:52:53Z,December,12,5,23:52:53,A New Day Has Come - Radio Remix,Céline Dion,A New Day Has Come
2025-12-05T23:54:50Z,December,12,5,23:54:50,A New Day Has Come,Céline Dion,A New Day Has Come
2025-12-05T23:59:09Z,December,12,5,23:59:09,A New Day Has Come - Radio Remix,Céline Dion,A New Day Has Come
2025-12-06T00:05:19Z,December,12,6,00:05:19,"Rain, Tax (It's Inevitable)",Céline Dion,A New Day Has Come
2025-12-06T00:08:35Z,December,12,6,00:08:35,FUCK THE SPEAKERZ UP,ISOxo,FUCK THE SPEAKERZ UP
2025-12-06T00:12:45Z,December,12,6,00:12:45,Everything Is Embarrassing,Sky Ferreira,Ghost
2025-12-06T00:25:58Z,December,12,6,00:25:58,I Wouldn't Ask You,Clairo,Immunity
2025-12-06T04:57:39Z,December,12,6,04:57:39,White Flag,Clairo,Immunity
2025-12-06T17:14:59Z,December,12,6,17:14:59,Aquamarine,Addison Rae,Aquamarine
2025-12-06T17:18:08Z,December,12,6,17:18:08,Heaven,Shygirl,Nymph
2025-12-06T17:21:20Z,December,12,6,17:21:20,GET HIGHER,SOPHIE,GET HIGHER
2025-12-06T17:26:14Z,December,12,6,17:26:14,Paper Gangsta,Lady Gaga,The Fame
2025-12-06T17:26:46Z,December,12,6,17:26:46,Mosquito,PinkPantheress,Heaven knows
2025-12-06T17:29:35Z,December,12,6,17:29:35,Smart,LE SSERAFIM,EASY
2025-12-07T00:23:01Z,December,12,7,00:23:01,New Jeans,NewJeans,NewJeans 2nd EP 'Get Up'
2025-12-07T00:28:11Z,December,12,7,00:28:11,(I Got That) Boom Boom (feat. Ying Yang Twins),Britney Spears,In The Zone
2025-12-07T00:31:48Z,December,12,7,00:31:48,If U Seek Amy,Britney Spears,Circus (Deluxe Version)
2025-12-07T00:35:33Z,December,12,7,00:35:33,Womanizer,Britney Spears,Circus (Deluxe Version)
2025-12-07T01:00:37Z,December,12,7,01:00:37,Womanizer,Britney Spears,Circus (Deluxe Version)
2025-12-07T01:10:34Z,December,12,7,01:10:34,Silver Thread Golden Needle,A. G. Cook,Britpop
2025-12-07T01:57:21Z,December,12,7,01:57:21,Heartache,A. G. Cook,Britpop
2025-12-07T02:02:49Z,December,12,7,02:02:49,(I Got That) Boom Boom (feat. Ying Yang Twins),Britney Spears,In The Zone
2025-12-07T04:14:42Z,December,12,7,04:14:42,Milkshake,Kelis,The Hits
2025-12-07T16:55:20Z,December,12,7,16:55:20,Norman fucking Rockwell,Lana Del Rey,Norman Fucking Rockwell!
2025-12-07T16:59:28Z,December,12,7,16:59:28,Mariners Apartment Complex,Lana Del Rey,Norman Fucking Rockwell!
2025-12-08T00:37:02Z,December,12,8,00:37:02,Venice Bitch,Lana Del Rey,Norman Fucking Rockwell!
2025-12-08T06:44:25Z,December,12,8,06:44:25,Everything Is Embarrassing,Sky Ferreira,Ghost
2025-12-08T21:32:54Z,December,12,8,21:32:54,Hammer,Lorde,Virgin
2025-12-08T21:46:59Z,December,12,8,21:46:59,What Was That,Lorde,Virgin
2025-12-08T21:59:25Z,December,12,8,21:59:25,Reliquia,ROSALÍA,LUX
2025-12-08T22:03:28Z,December,12,8,22:03:28,Divinize,ROSALÍA,LUX
2025-12-08T22:20:23Z,December,12,8,22:20:23,Berghain,ROSALÍA,LUX
2025-12-08T22:24:15Z,December,12,8,22:24:15,It's Okay To Cry,SOPHIE,OIL OF EVERY PEARL'S UN-INSIDES
2025-12-08T22:27:30Z,December,12,8,22:27:30,Ponyboy,SOPHIE,OIL OF EVERY PEARL'S UN-INSIDES
2025-12-08T22:31:27Z,December,12,8,22:31:27,Faceshopping,SOPHIE,OIL OF EVERY PEARL'S UN-INSIDES
2025-12-08T22:34:59Z,December,12,8,22:34:59,Is It Cold In The Water?,SOPHIE,OIL OF EVERY PEARL'S UN-INSIDES
2025-12-08T22:39:39Z,December,12,8,22:39:39,Infatuation,SOPHIE,OIL OF EVERY PEARL'S UN-INSIDES
2025-12-08T22:41:28Z,December,12,8,22:41:28,Not Okay,SOPHIE,OIL OF EVERY PEARL'S UN-INSIDES
2025-12-08T22:45:24Z,December,12,8,22:45:24,Immaterial,SOPHIE,OIL OF EVERY PEARL'S UN-INSIDES
2025-12-08T23:07:04Z,December,12,8,23:07:04,Immaterial,SOPHIE,OIL OF EVERY PEARL'S UN-INSIDES
2025-12-08T23:10:38Z,December,12,8,23:10:38,Is It Cold In The Water?,SOPHIE,OIL OF EVERY PEARL'S UN-INSIDES
2025-12-08T23:14:56Z,December,12,8,23:14:56,Shapeshifter,Lorde,Virgin
2025-12-08T23:18:49Z,December,12,8,23:18:49,Times Like These,Addison Rae,Addison
2025-12-08T23:22:23Z,December,12,8,23:22:23,In The Rain,Addison Rae,Addison
2025-12-08T23:35:41Z,December,12,8,23:35:41,Fame is a Gun,Addison Rae,Addison
2025-12-08T23:38:18Z,December,12,8,23:38:18,New York,Addison Rae,Addison
2025-12-08T23:40:22Z,December,12,8,23:40:22,Whole New World/Pretend World,SOPHIE,OIL OF EVERY PEARL'S UN-INSIDES
2025-12-08T23:41:08Z,December,12,8,23:41:08,Diet Pepsi,Addison Rae,Addison
2025-12-08T23:43:10Z,December,12,8,23:43:10,Money is Everything,Addison Rae,Addison
2025-12-08T23:48:33Z,December,12,8,23:48:33,Sushi,FKA twigs,EUSEXUA Afterglow
2025-12-08T23:53:25Z,December,12,8,23:53:25,Stereo Boy,FKA twigs,EUSEXUA Afterglow
2025-12-08T23:56:07Z,December,12,8,23:56:07,Love Crimes,FKA twigs,EUSEXUA Afterglow
2025-12-09T05:33:55Z,December,12,9,05:33:55,Wild And Alone (feat. PinkPantheress),FKA twigs,EUSEXUA Afterglow
2025-12-09T05:37:37Z,December,12,9,05:37:37,Flume,Bon Iver,"For Emma, Forever Ago"
2025-12-09T05:52:52Z,December,12,9,05:52:52,Lump Sum,Bon Iver,"For Emma, Forever Ago"
2025-12-09T05:56:26Z,December,12,9,05:56:26,HARD,FKA twigs,EUSEXUA Afterglow
2025-12-09T05:59:42Z,December,12,9,05:59:42,Piece Of Mine,FKA twigs,EUSEXUA Afterglow
2025-12-09T06:03:27Z,December,12,9,06:03:27,Lost All My Friends,FKA twigs,EUSEXUA Afterglow
2025-12-09T06:27:49Z,December,12,9,06:27:49,"Keep It, Hold It",FKA twigs,EUSEXUA
2025-12-09T20:19:14Z,December,12,9,20:19:14,Backseat (feat. Carly Rae Jepsen),Charli xcx,Pop 2
2025-12-09T20:23:10Z,December,12,9,20:23:10,Out of My Head (feat. Tove Lo and ALMA),Charli xcx,Pop 2
2025-12-09T20:26:38Z,December,12,9,20:26:38,Porsche (feat. MØ),Charli xcx,Pop 2
2025-12-09T20:30:31Z,December,12,9,20:30:31,Unlock it (Lock It) - feat. Kim Petras and Jay Park,Charli xcx,Pop 2
2025-12-09T20:35:58Z,December,12,9,20:35:58,Track 10,Charli xcx,Pop 2
2025-12-09T20:43:00Z,December,12,9,20:43:00,Lucky,Charli xcx,Pop 2
2025-12-09T20:46:38Z,December,12,9,20:46:38,Femmebot (feat. Dorian Electra and Mykki Blanco),Charli xcx,Pop 2
2025-12-09T20:50:30Z,December,12,9,20:50:30,"I Got It (feat. Brooke Candy, CupcakKe and Pabllo Vittar)",Charli xcx,Pop 2
2025-12-09T20:55:03Z,December,12,9,20:55:03,Delicious (feat. Tommy Cash),Charli xcx,Pop 2
2025-12-09T20:59:09Z,December,12,9,20:59:09,Wild And Alone (feat. PinkPantheress),FKA twigs,EUSEXUA Afterglow
2025-12-09T21:02:25Z,December,12,9,21:02:25,Piece Of Mine,FKA twigs,EUSEXUA Afterglow
2025-12-10T03:39:09Z,December,12,10,03:39:09,Unlock it (Lock It) - feat. Kim Petras and Jay Park,Charli xcx,Pop 2
2025-12-10T03:49:17Z,December,12,10,03:49:17,Femmebot (feat. Dorian Electra and Mykki Blanco),Charli xcx,Pop 2
2025-12-10T03:53:17Z,December,12,10,03:53:17,Unlock it (Lock It) - feat. Kim Petras and Jay Park,Charli xcx,Pop 2
2025-12-10T03:56:42Z,December,12,10,03:56:42,Hammer,Lorde,Virgin
2025-12-10T04:00:12Z,December,12,10,04:00:12,What Was That,Lorde,Virgin
2025-12-10T04:07:56Z,December,12,10,04:07:56,Shapeshifter,Lorde,Virgin
2025-12-10T04:35:57Z,December,12,10,04:35:57,Favourite Daughter,Lorde,Virgin
2025-12-10T20:50:37Z,December,12,10,20:50:37,Favourite Daughter,Lorde,Virgin
2025-12-10T20:53:55Z,December,12,10,20:53:55,Crabs In A Bucket,Vince Staples,Big Fish Theory
2025-12-10T20:57:13Z,December,12,10,20:57:13,Big Fish,Vince Staples,Big Fish Theory
2025-12-10T20:59:55Z,December,12,10,20:59:55,Alyssa Interlude,Vince Staples,Big Fish Theory
2025-12-10T21:03:55Z,December,12,10,21:03:55,Love Can Be...,Vince Staples,Big Fish Theory
2025-12-10T21:07:43Z,December,12,10,21:07:43,745,Vince Staples,Big Fish Theory
2025-12-10T21:08:34Z,December,12,10,21:08:34,Ramona Park Is Yankee Stadium,Vince Staples,Big Fish Theory
2025-12-10T21:11:43Z,December,12,10,21:11:43,Yeah Right,Vince Staples,Big Fish Theory
2025-12-10T21:14:36Z,December,12,10,21:14:36,Homage,Vince Staples,Big Fish Theory
2025-12-10T21:23:28Z,December,12,10,21:23:28,SAMO,Vince Staples,Big Fish Theory
2025-12-10T21:26:26Z,December,12,10,21:26:26,Party People,Vince Staples,Big Fish Theory
2025-12-10T21:29:07Z,December,12,10,21:29:07,BagBak,Vince Staples,Big Fish Theory
2025-12-10T21:33:48Z,December,12,10,21:33:48,Rain Come Down,Vince Staples,Big Fish Theory
2025-12-10T21:37:07Z,December,12,10,21:37:07,Current Affairs,Lorde,Virgin
2025-12-10T21:39:04Z,December,12,10,21:39:04,Clearblue,Lorde,Virgin
2025-12-10T21:42:20Z,December,12,10,21:42:20,Broken Glass,Lorde,Virgin
2025-12-10T21:45:17Z,December,12,10,21:45:17,If She Could See Me Now,Lorde,Virgin
2025-12-10T21:48:42Z,December,12,10,21:48:42,David,Lorde,Virgin
2025-12-10T21:52:01Z,December,12,10,21:52:01,Pluto,Björk,Homogenic
2025-12-10T21:56:25Z,December,12,10,21:56:25,Alarm Call,Björk,Homogenic
2025-12-10T21:59:28Z,December,12,10,21:59:28,Immature,Björk,Homogenic
2025-12-10T22:04:48Z,December,12,10,22:04:48,Joga,Björk,Homogenic
2025-12-10T22:09:08Z,December,12,10,22:09:08,A New Day Has Come - Radio Remix,Céline Dion,A New Day Has Come
2025-12-10T22:26:25Z,December,12,10,22:26:25,A New Day Has Come - Radio Remix,Céline Dion,A New Day Has Come
2025-12-10T23:03:02Z,December,12,10,23:03:02,A New Day Has Come - Radio Remix,Céline Dion,A New Day Has Come
2025-12-10T23:05:22Z,December,12,10,23:05:22,"Sexo, Violencia y Llantas",ROSALÍA,LUX
2025-12-10T23:09:22Z,December,12,10,23:09:22,Reliquia,ROSALÍA,LUX
2025-12-10T23:13:12Z,December,12,10,23:13:12,It's Okay To Cry,SOPHIE,OIL OF EVERY PEARL'S UN-INSIDES
2025-12-10T23:16:45Z,December,12,10,23:16:45,Is It Cold In The Water?,SOPHIE,OIL OF EVERY PEARL'S UN-INSIDES
2025-12-10T23:20:38Z,December,12,10,23:20:38,Immaterial,SOPHIE,OIL OF EVERY PEARL'S UN-INSIDES
2025-12-10T23:24:31Z,December,12,10,23:24:31,Welcome To My Island,Caroline Polachek,"Desire, I Want To Turn Into You"
2025-12-10T23:27:14Z,December,12,10,23:27:14,Sunset,Caroline Polachek,"Desire, I Want To Turn Into You"
2025-12-10T23:30:37Z,December,12,10,23:30:37,Welcome To My Island - George Daniel & Charli XCX Remix,Caroline Polachek,Welcome To My Island
2025-12-10T23:33:00Z,December,12,10,23:33:00,Spring breakers,Charli xcx,Brat and it’s completely different but also still brat
2025-12-10T23:36:21Z,December,12,10,23:36:21,Yeah Right,Vince Staples,Big Fish Theory
2025-12-10T23:51:56Z,December,12,10,23:51:56,SAMO,Vince Staples,Big Fish Theory
2025-12-10T23:54:56Z,December,12,10,23:54:56,Cherry,Lana Del Rey,Lust For Life
2025-12-10T23:59:00Z,December,12,10,23:59:00,Dark Paradise,Lana Del Rey,Born To Die - The Paradise Edition
2025-12-11T00:02:35Z,December,12,11,00:02:35,Radio,Lana Del Rey,Born To Die - The Paradise Edition
2025-12-11T00:07:00Z,December,12,11,00:07:00,Summertime Sadness,Lana Del Rey,Born To Die - The Paradise Edition
2025-12-11T00:12:01Z,December,12,11,00:12:01,Off To The Races,Lana Del Rey,Born To Die - The Paradise Edition
2025-12-11T00:18:19Z,December,12,11,00:18:19,"Keep It, Hold It",FKA twigs,EUSEXUA
2025-12-11T00:24:00Z,December,12,11,00:24:00,Room Of Fools,FKA twigs,EUSEXUA
2025-12-11T00:27:16Z,December,12,11,00:27:16,Piece Of Mine,FKA twigs,EUSEXUA Afterglow
2025-12-11T00:52:50Z,December,12,11,00:52:50,Sushi,FKA twigs,EUSEXUA Afterglow
2025-12-11T20:47:15Z,December,12,11,20:47:15,Constant Repeat,Charli xcx,CRASH
2025-12-11T21:02:46Z,December,12,11,21:02:46,Lightning,Charli xcx,CRASH
2025-12-11T21:06:37Z,December,12,11,21:06:37,Femmebot (feat. Dorian Electra and Mykki Blanco),Charli xcx,Pop 2
2025-12-11T21:08:16Z,December,12,11,21:08:16,Lipgloss (feat. CupcakKe),Charli xcx,Number 1 Angel
2025-12-11T21:12:07Z,December,12,11,21:12:07,Unlock it (Lock It) - feat. Kim Petras and Jay Park,Charli xcx,Pop 2
2025-12-11T21:16:00Z,December,12,11,21:16:00,Welcome To My Island,Caroline Polachek,"Desire, I Want To Turn Into You: Everasking Edition"
2025-12-11T21:20:58Z,December,12,11,21:20:58,I Believe,Caroline Polachek,"Desire, I Want To Turn Into You: Everasking Edition"
2025-12-11T21:26:45Z,December,12,11,21:26:45,Coma,Caroline Polachek,"Desire, I Want To Turn Into You: Everasking Edition"
2025-12-11T21:30:41Z,December,12,11,21:30:41,Dang,Caroline Polachek,"Desire, I Want To Turn Into You: Everasking Edition"
2025-12-11T21:36:48Z,December,12,11,21:36:48,Sunset,Caroline Polachek,"Desire, I Want To Turn Into You"
2025-12-11T21:44:07Z,December,12,11,21:44:07,Azimuth,Danny L Harle,Azimuth
2025-12-11T21:44:59Z,December,12,11,21:44:59,Ramona Park Is Yankee Stadium,Vince Staples,Big Fish Theory
2025-12-11T21:48:08Z,December,12,11,21:48:08,Yeah Right,Vince Staples,Big Fish Theory
2025-12-11T21:49:43Z,December,12,11,21:49:43,Crabs In A Bucket,Vince Staples,Big Fish Theory
2025-12-11T21:53:21Z,December,12,11,21:53:21,Pluto,Björk,Homogenic
2025-12-11T21:58:26Z,December,12,11,21:58:26,Joga,Björk,Homogenic
2025-12-11T22:01:42Z,December,12,11,22:01:42,Piece Of Mine,FKA twigs,EUSEXUA Afterglow
2025-12-11T22:05:26Z,December,12,11,22:05:26,Lost All My Friends,FKA twigs,EUSEXUA Afterglow
2025-12-11T22:09:59Z,December,12,11,22:09:59,"Keep It, Hold It",FKA twigs,EUSEXUA
2025-12-11T22:13:10Z,December,12,11,22:13:10,Drums of Death,FKA twigs,EUSEXUA
2025-12-11T22:16:27Z,December,12,11,22:16:27,Dang,Caroline Polachek,"Desire, I Want To Turn Into You: Everasking Edition"
2025-12-11T22:18:46Z,December,12,11,22:18:46,Sushi,FKA twigs,EUSEXUA Afterglow
2025-12-11T22:29:55Z,December,12,11,22:29:55,Dark Paradise,Lana Del Rey,Born To Die - The Paradise Edition
2025-12-11T22:34:28Z,December,12,11,22:34:28,Summertime Sadness,Lana Del Rey,Born To Die - The Paradise Edition
2025-12-11T22:39:29Z,December,12,11,22:39:29,Off To The Races,Lana Del Rey,Born To Die - The Paradise Edition
2025-12-11T22:43:04Z,December,12,11,22:43:04,Radio,Lana Del Rey,Born To Die - The Paradise Edition
2025-12-11T22:46:05Z,December,12,11,22:46:05,Cherry,Lana Del Rey,Lust For Life
2025-12-11T22:46:54Z,December,12,11,22:46:54,Lost & Found,Addison Rae,Addison
2025-12-11T22:50:12Z,December,12,11,22:50:12,High Fashion,Addison Rae,Addison
2025-12-11T22:53:47Z,December,12,11,22:53:47,In The Rain,Addison Rae,Addison
2025-12-11T22:56:50Z,December,12,11,22:56:50,Fame is a Gun,Addison Rae,Addison
2025-12-11T23:00:43Z,December,12,11,23:00:43,Times Like These,Addison Rae,Addison
2025-12-11T23:01:40Z,December,12,11,23:01:40,Life's No Fun Through Clear Waters,Addison Rae,Addison
2025-12-11T23:05:40Z,December,12,11,23:05:40,Headphones On,Addison Rae,Addison
2025-12-11T23:07:38Z,December,12,11,23:07:38,Gallop (feat. Evita Manji),SOPHIE,SOPHIE
2025-12-11T23:10:39Z,December,12,11,23:10:39,GET HIGHER,SOPHIE,PRODUCT
2025-12-11T23:14:38Z,December,12,11,23:14:38,"Girl, so confusing featuring lorde",Charli xcx,Brat and it’s completely different but also still brat
2025-12-11T23:18:06Z,December,12,11,23:18:06,What Was That,Lorde,Virgin
2025-12-11T23:39:13Z,December,12,11,23:39:13,Homemade Dynamite,Lorde,Melodrama
2025-12-11T23:44:44Z,December,12,11,23:44:44,Hammer,Lorde,Virgin
2025-12-11T23:48:13Z,December,12,11,23:48:13,What Was That,Lorde,Virgin
2025-12-11T23:52:30Z,December,12,11,23:52:30,Shapeshifter,Lorde,Virgin
2025-12-11T23:55:51Z,December,12,11,23:55:51,Broken Glass,Lorde,Virgin
2025-12-11T23:58:35Z,December,12,11,23:58:35,Club classics,Charli xcx,BRAT
2025-12-12T00:01:06Z,December,12,12,00:01:06,Sympathy is a knife,Charli xcx,BRAT
2025-12-12T00:03:53Z,December,12,12,00:03:53,Apple,Charli xcx,BRAT
2025-12-12T00:06:49Z,December,12,12,00:06:49,B2b,Charli xcx,BRAT
2025-12-12T00:09:04Z,December,12,12,00:09:04,I think about it all the time,Charli xcx,BRAT
2025-12-12T00:12:28Z,December,12,12,00:12:28,365,Charli xcx,BRAT
2025-12-12T00:14:51Z,December,12,12,00:14:51,Spring breakers,Charli xcx,Brat and it’s completely different but also still brat
2025-12-12T00:17:34Z,December,12,12,00:17:34,I Don't Sell - Records Remix,umru,I Don't Sell
2025-12-12T00:22:08Z,December,12,12,00:22:08,My Barn My Rules,MCR-T,My Barn My Rules
2025-12-12T00:25:31Z,December,12,12,00:25:31,Welcome To My Island - George Daniel & Charli XCX Remix,Caroline Polachek,Welcome To My Island
2025-12-12T10:11:58Z,December,12,12,10:11:58,break,xo,whitenoise
2025-12-12T10:15:38Z,December,12,12,10:15:38,Hammer,Lorde,Virgin
2025-12-12T10:28:41Z,December,12,12,10:28:41,"Good Luck, Babe!",Chappell Roan,"Good Luck, Babe!"
2025-12-12T10:32:30Z,December,12,12,10:32:30,Reliquia,ROSALÍA,LUX
2025-12-12T10:37:58Z,December,12,12,10:37:58,Sushi,FKA twigs,EUSEXUA Afterglow
2025-12-12T10:41:51Z,December,12,12,10:41:51,Immaterial,SOPHIE,OIL OF EVERY PEARL'S UN-INSIDES
2025-12-12T10:44:10Z,December,12,12,10:44:10,Love Crimes,FKA twigs,EUSEXUA Afterglow
2025-12-12T10:48:12Z,December,12,12,10:48:12,Divinize,ROSALÍA,LUX
2025-12-12T22:34:02Z,December,12,12,22:34:02,Hammer,Lorde,Virgin
2025-12-12T22:54:02Z,December,12,12,22:54:02,Dread - The Moment (Original Score),A. G. Cook,Dread - The Moment (Original Score)
2025-12-13T02:50:51Z,December,12,13,02:50:51,Dread - The Moment (Original Score),A. G. Cook,Dread - The Moment (Original Score)
2025-12-13T02:54:40Z,December,12,13,02:54:40,Beautiful,A. G. Cook,"PC Music, Vol. 1"
2025-12-13T02:59:19Z,December,12,13,02:59:19,So I featuring a. g. cook,Charli xcx,Brat and it’s completely different but also still brat
2025-12-13T03:02:14Z,December,12,13,03:02:14,Von dutch a. g. cook remix featuring addison rae,Charli xcx,Brat and it’s completely different but also still brat
2025-12-13T03:04:12Z,December,12,13,03:04:12,Gallop (feat. Evita Manji),SOPHIE,SOPHIE
2025-12-13T03:06:34Z,December,12,13,03:06:34,Xcxoplex (with Charli XCX),A. G. Cook,Apple vs. 7G
2025-12-13T03:10:47Z,December,12,13,03:10:47,Tears (feat. Caroline Polachek),Charli xcx,Pop 2
2025-12-13T03:16:23Z,December,12,13,03:16:23,Track 10,Charli xcx,Pop 2
2025-12-13T03:20:21Z,December,12,13,03:20:21,Out of My Head (feat. Tove Lo and ALMA),Charli xcx,Pop 2
2025-12-13T03:25:07Z,December,12,13,03:25:07,Room Of Fools,FKA twigs,EUSEXUA
2025-12-13T03:40:38Z,December,12,13,03:40:38,Drums of Death,FKA twigs,EUSEXUA
2025-12-13T03:45:16Z,December,12,13,03:45:16,"Keep It, Hold It",FKA twigs,EUSEXUA
2025-12-13T03:47:47Z,December,12,13,03:47:47,Childlike Things,FKA twigs,EUSEXUA
2025-12-13T03:52:52Z,December,12,13,03:52:52,Striptease,FKA twigs,EUSEXUA
2025-12-13T03:56:57Z,December,12,13,03:56:57,Wild And Alone (feat. PinkPantheress),FKA twigs,EUSEXUA Afterglow
2025-12-13T04:00:31Z,December,12,13,04:00:31,HARD,FKA twigs,EUSEXUA Afterglow
2025-12-13T04:06:09Z,December,12,13,04:06:09,Sushi,FKA twigs,EUSEXUA Afterglow
2025-12-13T04:09:25Z,December,12,13,04:09:25,Piece Of Mine,FKA twigs,EUSEXUA Afterglow
2025-12-13T04:13:09Z,December,12,13,04:13:09,Lost All My Friends,FKA twigs,EUSEXUA Afterglow
2025-12-13T04:18:01Z,December,12,13,04:18:01,Stereo Boy,FKA twigs,EUSEXUA Afterglow
2025-12-13T04:20:42Z,December,12,13,04:20:42,Love Crimes,FKA twigs,EUSEXUA Afterglow
2025-12-13T04:24:25Z,December,12,13,04:24:25,Hammer,Lorde,Virgin
2025-12-13T04:27:54Z,December,12,13,04:27:54,What Was That,Lorde,Virgin
2025-12-13T08:12:18Z,December,12,13,08:12:18,Shapeshifter,Lorde,Virgin
2025-12-13T08:16:27Z,December,12,13,08:16:27,Beg for You (feat. Rina Sawayama) - A. G. Cook & VERNON OF SEVENTEEN Remix,Charli xcx,Beg For You (feat. Rina Sawayama)
2025-12-13T08:20:15Z,December,12,13,08:20:15,Beautiful,A. G. Cook,"PC Music, Vol. 1"
2025-12-13T09:24:58Z,December,12,13,09:24:58,Sushi,FKA twigs,EUSEXUA Afterglow
2025-12-13T09:28:13Z,December,12,13,09:28:13,Sushi,FKA twigs,EUSEXUA Afterglow
2025-12-13T09:30:24Z,December,12,13,09:30:24,Gallop (feat. Evita Manji),SOPHIE,SOPHIE
2025-12-13T09:34:49Z,December,12,13,09:34:49,Welcome To My Island - George Daniel & Charli XCX Remix,Caroline Polachek,Welcome To My Island
2025-12-13T09:38:59Z,December,12,13,09:38:59,Beg for You (feat. Rina Sawayama) - A. G. Cook & VERNON OF SEVENTEEN Remix,Charli xcx,Beg For You (A. G. Cook & VERNON OF SEVENTEEN Remix) [feat. Rina Sawayama]
2025-12-13T09:42:29Z,December,12,13,09:42:29,Screen Cleaner,George Daniel,Screen Cleaner
2025-12-13T09:45:55Z,December,12,13,09:45:55,"Girl, so confusing featuring lorde",Charli xcx,Brat and it’s completely different but also still brat
2025-12-13T09:49:13Z,December,12,13,09:49:13,Shake It Like A,Frost Children,Shake It Like A (Jane Remover Remix)
2025-12-13T09:51:57Z,December,12,13,09:51:57,Bluest Flame,Selena Gomez,I Said I Love You First
2025-12-13T09:56:54Z,December,12,13,09:56:54,Alejandro,Lady Gaga,The Fame Monster
2025-12-13T22:56:27Z,December,12,13,22:56:27,Constant Repeat,Charli xcx,CRASH
2025-12-13T23:11:16Z,December,12,13,23:11:16,Ash,LE SSERAFIM,HOT
2025-12-13T23:13:52Z,December,12,13,23:13:52,So Cynical (Badum),LE SSERAFIM,HOT
2025-12-13T23:16:10Z,December,12,13,23:16:10,Come Over,LE SSERAFIM,HOT
2025-12-13T23:18:57Z,December,12,13,23:18:57,Smart,LE SSERAFIM,Smart (Remixes)
2025-12-13T23:21:42Z,December,12,13,23:21:42,CRAZY,LE SSERAFIM,CRAZY (Party Remixes 1)
2025-12-13T23:27:58Z,December,12,13,23:27:58,SexOnTheBeat,ADÉLA,The Provocateur
2025-12-13T23:30:45Z,December,12,13,23:30:45,Go,ADÉLA,The Provocateur
2025-12-13T23:34:06Z,December,12,13,23:34:06,Superscar,ADÉLA,The Provocateur
2025-12-13T23:38:27Z,December,12,13,23:38:27,Sorry,Madonna,Confessions on a Dance Floor
2025-12-13T23:56:14Z,December,12,13,23:56:14,Sweet Dreams,Beyoncé,I AM...SASHA FIERCE
2025-12-14T00:00:49Z,December,12,14,00:00:49,Alejandro,Lady Gaga,The Fame Monster
2025-12-14T00:04:20Z,December,12,14,00:04:20,Cheap Hotel,FKA twigs,Cheap Hotel
2025-12-14T00:07:22Z,December,12,14,00:07:22,jeans,2hollis,jeans
2025-12-14T00:10:07Z,December,12,14,00:10:07,flash,2hollis,star
2025-12-14T00:12:50Z,December,12,14,00:12:50,Poplife,umru,Poplife
2025-12-14T00:15:16Z,December,12,14,00:15:16,galore,Oklou,Galore
2025-12-14T00:21:09Z,December,12,14,00:21:09,Hair,Lady Gaga,Born This Way
2025-12-14T00:24:35Z,December,12,14,00:24:35,High Fashion,Addison Rae,High Fashion
2025-12-14T00:29:41Z,December,12,14,00:29:41,Unlock it (Lock It) - feat. Kim Petras and Jay Park,Charli xcx,Pop 2
2025-12-14T00:31:39Z,December,12,14,00:31:39,Gallop (feat. Evita Manji),SOPHIE,SOPHIE
2025-12-14T00:33:56Z,December,12,14,00:33:56,Gnarly,KATSEYE,Gnarly
2025-12-14T00:36:48Z,December,12,14,00:36:48,I Like Ur Look,Kim Petras,I Like Ur Look
2025-12-14T08:39:25Z,December,12,14,08:39:25,ride the dragon,FKA twigs,CAPRISONGS
2025-12-14T22:56:03Z,December,12,14,22:56:03,SexOnTheBeat,ADÉLA,The Provocateur
2025-12-14T22:58:50Z,December,12,14,22:58:50,Go,ADÉLA,The Provocateur
2025-12-14T23:01:26Z,December,12,14,23:01:26,MachineGirl,ADÉLA,The Provocateur
2025-12-14T23:04:24Z,December,12,14,23:04:24,Homewrecked,ADÉLA,The Provocateur
2025-12-14T23:08:14Z,December,12,14,23:08:14,Snowman (Hannah Diamond Remix),f5ve,SEQUENCE 01.5 (dreaming of the 2nd 1st impact - consequences of fate redux)
2025-12-14T23:12:13Z,December,12,14,23:12:13,hit me where it hurts x,Skrillex,hit me where it hurts x
2025-12-14T23:21:40Z,December,12,14,23:21:40,Snowman (Hannah Diamond Remix),f5ve,SEQUENCE 01.5 (dreaming of the 2nd 1st impact - consequences of fate redux)
2025-12-14T23:25:27Z,December,12,14,23:25:27,Azimuth,Danny L Harle,Azimuth
2025-12-14T23:27:15Z,December,12,14,23:27:15,Not Okay (Alone Mix),SOPHIE,OIL OF EVERY PEARL'S UN-INSIDES NON-STOP REMIX ALBUM
2025-12-14T23:29:13Z,December,12,14,23:29:13,Gallop (feat. Evita Manji),SOPHIE,SOPHIE
2025-12-14T23:32:42Z,December,12,14,23:32:42,Trophy,Charli xcx,Vroom Vroom EP
2025-12-14T23:36:46Z,December,12,14,23:36:46,Bum Like You,Robyn,Robyn
2025-12-15T05:33:08Z,December,12,15,05:33:08,Alejandro,Lady Gaga,The Fame Monster
2025-12-15T05:49:01Z,December,12,15,05:49:01,Dread - The Moment (Original Score),A. G. Cook,Dread - The Moment (Original Score)
2025-12-15T21:35:58Z,December,12,15,21:35:58,ZEN,JENNIE,Ruby
2025-12-15T21:55:50Z,December,12,15,21:55:50,Breathless,Caroline Polachek,Breathless
2025-12-15T21:59:28Z,December,12,15,21:59:28,Breathless,Caroline Polachek,Breathless
2025-12-15T22:02:35Z,December,12,15,22:02:35,IS THIS LOVE,XG,AWE
2025-12-15T22:06:12Z,December,12,15,22:06:12,want to wanna come back,Oklou,choke enough
2025-12-15T22:09:49Z,December,12,15,22:09:49,Paparazzi,Lady Gaga,The Fame
2025-12-15T22:11:56Z,December,12,15,22:11:56,2 die 4 (feat. Charli XCX),Addison Rae,AR
2025-12-16T05:48:04Z,December,12,16,05:48:04,choke enough,Oklou,choke enough
2025-12-16T22:28:47Z,December,12,16,22:28:47,Crystallise My Tears,Danny L Harle,Crystallise My Tears
2025-12-16T22:29:54Z,December,12,16,22:29:54,Alice Practice,Crystal Castles,Crystal Castles
2025-12-16T22:33:46Z,December,12,16,22:33:46,Welcome To My Island,Caroline Polachek,"Desire, I Want To Turn Into You"
2025-12-16T22:43:14Z,December,12,16,22:43:14,Pretty In Possible,Caroline Polachek,"Desire, I Want To Turn Into You"
2025-12-16T22:49:12Z,December,12,16,22:49:12,Times Like These,Addison Rae,Addison
2025-12-16T22:53:04Z,December,12,16,22:53:04,In The Rain,Addison Rae,Addison
2025-12-16T22:56:51Z,December,12,16,22:56:51,Summer Forever,Addison Rae,Addison
2025-12-16T23:04:08Z,December,12,16,23:04:08,Fuck Me Eyes,Ethel Cain,"Willoughby Tucker, I'll Always Love You"
2025-12-16T23:06:40Z,December,12,16,23:06:40,Know Who You Are,Finn Keane,ELECTRIC
2025-12-16T23:10:27Z,December,12,16,23:10:27,I Know Alone,HAIM,Women In Music Pt. III
2025-12-16T23:14:04Z,December,12,16,23:14:04,I'm Not Alone - 2009 Remaster,Calvin Harris,I'm Not Alone 2019
2025-12-16T23:17:19Z,December,12,16,23:17:19,Aquamarine / Arcamarine,Addison Rae,Aquamarine / Arcamarine
2025-12-16T23:25:23Z,December,12,16,23:25:23,Nettles,Ethel Cain,"Willoughby Tucker, I'll Always Love You"
2025-12-16T23:29:42Z,December,12,16,23:29:42,American Teenager,Ethel Cain,Preacher’s Daughter
2025-12-16T23:43:52Z,December,12,16,23:43:52,Hard Times,Ethel Cain,Preacher’s Daughter
2025-12-16T23:48:51Z,December,12,16,23:48:51,Janie,Ethel Cain,"Willoughby Tucker, I'll Always Love You"
2025-12-16T23:53:36Z,December,12,16,23:53:36,Willoughby's Theme,Ethel Cain,"Willoughby Tucker, I'll Always Love You"
2025-12-17T00:01:18Z,December,12,17,00:01:18,Willoughby's Interlude,Ethel Cain,"Willoughby Tucker, I'll Always Love You"
2025-12-17T00:07:45Z,December,12,17,00:07:45,Dust Bowl,Ethel Cain,"Willoughby Tucker, I'll Always Love You"
2025-12-17T05:50:57Z,December,12,17,05:50:57,A Knock At The Door,Ethel Cain,"Willoughby Tucker, I'll Always Love You"
2025-12-18T00:32:25Z,December,12,18,00:32:25,Nettles,Ethel Cain,"Willoughby Tucker, I'll Always Love You"
2025-12-18T00:44:52Z,December,12,18,00:44:52,Dust Bowl,Ethel Cain,"Willoughby Tucker, I'll Always Love You"
2025-12-18T00:50:16Z,December,12,18,00:50:16,A Knock At The Door,Ethel Cain,"Willoughby Tucker, I'll Always Love You"
2025-12-18T00:56:54Z,December,12,18,00:56:54,Radio Towers,Ethel Cain,"Willoughby Tucker, I'll Always Love You"
2025-12-18T04:06:34Z,December,12,18,04:06:34,Tempest,Ethel Cain,"Willoughby Tucker, I'll Always Love You"
2025-12-18T20:39:56Z,December,12,18,20:39:56,Nettles,Ethel Cain,"Willoughby Tucker, I'll Always Love You"
2025-12-18T20:46:01Z,December,12,18,20:46:01,Fuck Me Eyes,Ethel Cain,"Willoughby Tucker, I'll Always Love You"
2025-12-18T20:51:25Z,December,12,18,20:51:25,Hard Times,Ethel Cain,Preacher’s Daughter
2025-12-18T23:45:23Z,December,12,18,23:45:23,Tempest,Ethel Cain,"Willoughby Tucker, I'll Always Love You"
2025-12-18T23:49:19Z,December,12,18,23:49:19,Tempest,Ethel Cain,"Willoughby Tucker, I'll Always Love You"
2025-12-18T23:53:26Z,December,12,18,23:53:26,I Believe,Caroline Polachek,"Desire, I Want To Turn Into You"
2025-12-18T23:57:50Z,December,12,18,23:57:50,Welcome To My Island,Caroline Polachek,"Desire, I Want To Turn Into You"
2025-12-19T00:01:26Z,December,12,19,00:01:26,Pretty In Possible,Caroline Polachek,"Desire, I Want To Turn Into You"
2025-12-19T00:04:40Z,December,12,19,00:04:40,Bunny Is A Rider,Caroline Polachek,"Desire, I Want To Turn Into You"
2025-12-19T00:07:23Z,December,12,19,00:07:23,Sunset,Caroline Polachek,"Desire, I Want To Turn Into You"
2025-12-19T00:10:52Z,December,12,19,00:10:52,Crude Drawing Of An Angel,Caroline Polachek,"Desire, I Want To Turn Into You"
2025-12-19T05:47:04Z,December,12,19,05:47:04,I Believe,Caroline Polachek,"Desire, I Want To Turn Into You"
2025-12-19T05:50:37Z,December,12,19,05:50:37,Crude Drawing Of An Angel,Caroline Polachek,"Desire, I Want To Turn Into You"
2025-12-19T05:54:43Z,December,12,19,05:54:43,Fly To You (feat. Grimes and Dido),Caroline Polachek,"Desire, I Want To Turn Into You"
2025-12-19T05:59:10Z,December,12,19,05:59:10,Blood And Butter,Caroline Polachek,"Desire, I Want To Turn Into You"
2025-12-19T06:03:08Z,December,12,19,06:03:08,Hopedrunk Everasking,Caroline Polachek,"Desire, I Want To Turn Into You"
2025-12-19T17:48:09Z,December,12,19,17:48:09,Crude Drawing Of An Angel,Caroline Polachek,"Desire, I Want To Turn Into You"
2025-12-19T17:52:16Z,December,12,19,17:52:16,I Believe,Caroline Polachek,"Desire, I Want To Turn Into You"
2025-12-19T17:56:21Z,December,12,19,17:56:21,Fly To You (feat. Grimes and Dido),Caroline Polachek,"Desire, I Want To Turn Into You"
2025-12-19T18:00:49Z,December,12,19,18:00:49,Blood And Butter,Caroline Polachek,"Desire, I Want To Turn Into You"
2025-12-19T18:04:08Z,December,12,19,18:04:08,Hopedrunk Everasking,Caroline Polachek,"Desire, I Want To Turn Into You"
2025-12-19T22:00:12Z,December,12,19,22:00:12,Butterfly Net,Caroline Polachek,"Desire, I Want To Turn Into You"
2025-12-19T22:06:21Z,December,12,19,22:06:21,(I Got That) Boom Boom (feat. Ying Yang Twins),Britney Spears,In The Zone
2025-12-19T22:10:06Z,December,12,19,22:10:06,Boys (feat. Pharrell Williams) - Co-Ed Remix,Britney Spears,Greatest Hits: My Prerogative
2025-12-19T22:13:30Z,December,12,19,22:13:30,I'm a Slave 4 U,Britney Spears,Britney (Digital Deluxe Version)
2025-12-19T22:16:03Z,December,12,19,22:16:03,New York,Addison Rae,Addison
2025-12-19T22:20:21Z,December,12,19,22:20:21,Fame is a Gun,Addison Rae,Addison
2025-12-19T22:24:13Z,December,12,19,22:24:13,Times Like These,Addison Rae,Addison
2025-12-19T23:46:28Z,December,12,19,23:46:28,In The Rain,Addison Rae,Addison
2025-12-19T23:50:50Z,December,12,19,23:50:50,Immaterial,SOPHIE,OIL OF EVERY PEARL'S UN-INSIDES
2025-12-19T23:54:36Z,December,12,19,23:54:36,Boys (feat. Pharrell Williams) - Co-Ed Remix,Britney Spears,Greatest Hits: My Prerogative
2025-12-19T23:58:44Z,December,12,19,23:58:44,I Believe,Caroline Polachek,"Desire, I Want To Turn Into You"
2025-12-20T00:02:37Z,December,12,20,00:02:37,Welcome To My Island,Caroline Polachek,"Desire, I Want To Turn Into You"
2025-12-20T00:06:00Z,December,12,20,00:06:00,Welcome To My Island - George Daniel & Charli XCX Remix,Caroline Polachek,Welcome To My Island
2025-12-20T00:39:14Z,December,12,20,00:39:14,Boys (feat. Pharrell Williams) - Co-Ed Remix,Britney Spears,Greatest Hits: My Prerogative
2025-12-20T00:43:09Z,December,12,20,00:43:09,Womanizer,Britney Spears,Circus (Deluxe Version)
2025-12-20T00:46:21Z,December,12,20,00:46:21,Circus,Britney Spears,Circus (Deluxe Version)
2025-12-20T00:50:29Z,December,12,20,00:50:29,Kill the Lights,Britney Spears,Circus (Deluxe Version)
2025-12-20T00:54:08Z,December,12,20,00:54:08,If U Seek Amy,Britney Spears,Circus (Deluxe Version)
2025-12-20T00:56:23Z,December,12,20,00:56:23,Money is Everything,Addison Rae,Addison
2025-12-20T00:59:06Z,December,12,20,00:59:06,Aquamarine,Addison Rae,Addison
2025-12-20T00:59:54Z,December,12,20,00:59:54,Lost & Found,Addison Rae,Addison
2025-12-20T01:03:12Z,December,12,20,01:03:12,High Fashion,Addison Rae,Addison
2025-12-20T01:07:00Z,December,12,20,01:07:00,Summer Forever,Addison Rae,Addison
2025-12-20T01:10:34Z,December,12,20,01:10:34,In The Rain,Addison Rae,Addison
2025-12-20T01:13:37Z,December,12,20,01:13:37,Fame is a Gun,Addison Rae,Addison
2025-12-20T01:17:30Z,December,12,20,01:17:30,Times Like These,Addison Rae,Addison
2025-12-20T01:18:27Z,December,12,20,01:18:27,Life's No Fun Through Clear Waters,Addison Rae,Addison
2025-12-20T01:22:27Z,December,12,20,01:22:27,Headphones On,Addison Rae,Addison
2025-12-20T01:25:00Z,December,12,20,01:25:00,New York,Addison Rae,Addison
2025-12-20T01:29:50Z,December,12,20,01:29:50,(I Got That) Boom Boom (feat. Ying Yang Twins),Britney Spears,In The Zone
2025-12-20T04:55:19Z,December,12,20,04:55:19,Boys (feat. Pharrell Williams) - Co-Ed Remix,Britney Spears,Greatest Hits: My Prerogative
2025-12-20T05:00:21Z,December,12,20,05:00:21,(I Got That) Boom Boom (feat. Ying Yang Twins),Britney Spears,In The Zone
2025-12-20T05:04:06Z,December,12,20,05:04:06,Boys (feat. Pharrell Williams) - Co-Ed Remix,Britney Spears,Greatest Hits: My Prerogative
2025-12-20T05:07:40Z,December,12,20,05:07:40,Piece of Me,Britney Spears,Blackout
2025-12-20T05:11:14Z,December,12,20,05:11:14,3,Britney Spears,The Singles Collection
2025-12-20T07:00:52Z,December,12,20,07:00:52,Get Back,Britney Spears,Blackout
2025-12-20T07:02:34Z,December,12,20,07:02:34,Get Back,Britney Spears,Blackout
2025-12-20T07:04:23Z,December,12,20,07:04:23,I Must Apologise,PinkPantheress,to hell with it
2025-12-20T07:07:53Z,December,12,20,07:07:53,I Wanna Go,Britney Spears,Femme Fatale (Deluxe Version)
2025-12-20T07:11:39Z,December,12,20,07:11:39,Scheiße,Lady Gaga,Born This Way
2025-12-20T07:16:36Z,December,12,20,07:16:36,party 4 u,Charli xcx,how i'm feeling now
2025-12-20T08:11:24Z,December,12,20,08:11:24,SNEAKERS,ITZY,CHECKMATE
2025-12-20T08:15:56Z,December,12,20,08:15:56,Boys (feat. Pharrell Williams) - Co-Ed Remix,Britney Spears,Greatest Hits: My Prerogative
2025-12-20T08:20:46Z,December,12,20,08:20:46,(I Got That) Boom Boom (feat. Ying Yang Twins),Britney Spears,In The Zone
2025-12-20T08:24:45Z,December,12,20,08:24:45,hit me where it hurts x,Skrillex,hit me where it hurts x
2025-12-20T08:28:32Z,December,12,20,08:28:32,Azimuth,Danny L Harle,Azimuth
2025-12-20T08:31:33Z,December,12,20,08:31:33,Milkshake,Kelis,The Hits
2025-12-20T08:35:42Z,December,12,20,08:35:42,Everything Is Embarrassing,Sky Ferreira,Ghost
2025-12-20T08:37:10Z,December,12,20,08:37:10,I Wouldn't Ask You,Clairo,Immunity
2025-12-20T08:41:08Z,December,12,20,08:41:08,hit me where it hurts x,Skrillex,hit me where it hurts x
2025-12-20T08:43:38Z,December,12,20,08:43:38,giirL math,horsegiirL,v.i.p. - very important pony
2025-12-20T10:39:25Z,December,12,20,10:39:25,Azimuth,Danny L Harle,Azimuth
2025-12-20T10:40:46Z,December,12,20,10:40:46,Azimuth,Danny L Harle,Azimuth
2025-12-20T10:44:16Z,December,12,20,10:44:16,I Like Ur Look,Kim Petras,I Like Ur Look
2025-12-20T10:47:07Z,December,12,20,10:47:07,No Better,Lorde,No Better
2025-12-20T10:50:41Z,December,12,20,10:50:41,"1,2,3 dayz up",Kim Petras,"1,2,3 dayz up"
2025-12-20T10:53:31Z,December,12,20,10:53:31,IN MY ROOM (CHAEYOUNG),TWICE,TEN: The Story Goes On
2025-12-20T10:59:01Z,December,12,20,10:59:01,Thing Called Love - Original Mix,Above & Beyond,Group Therapy
2025-12-20T11:02:42Z,December,12,20,11:02:42,viscus (feat. FKA twigs),Oklou,viscus (feat. FKA twigs)
2025-12-20T11:07:16Z,December,12,20,11:07:16,Alejandro,Lady Gaga,The Fame Monster
2025-12-20T11:10:03Z,December,12,20,11:10:03,want to wanna come back,Oklou,choke enough
2025-12-20T11:12:50Z,December,12,20,11:12:50,Go,ADÉLA,The Provocateur
2025-12-20T11:16:26Z,December,12,20,11:16:26,Trust Nobody (feat. Selena Gomez & Tory Lanez),Cashmere Cat,9
2025-12-20T11:18:44Z,December,12,20,11:18:44,SAOKO,ROSALÍA,MOTOMAMI
2025-12-20T11:21:15Z,December,12,20,11:21:15,Polo,Kim Petras,Polo
2025-12-20T11:24:56Z,December,12,20,11:24:56,Take over Control (feat. Eva Simons),AFROJACK,Take over Control (feat. Eva Simons)
2025-12-20T11:27:08Z,December,12,20,11:27:08,Block,Brooke Candy,Block
2025-12-20T11:32:39Z,December,12,20,11:32:39,(I Got That) Boom Boom (feat. Ying Yang Twins),Britney Spears,In The Zone
2025-12-20T11:36:31Z,December,12,20,11:36:31,Perfectly,FKA twigs,Perfectly
2025-12-20T11:40:17Z,December,12,20,11:40:17,Early Mornin',Britney Spears,In The Zone
2025-12-20T11:46:07Z,December,12,20,11:46:07,Dread - The Moment (Original Score),A. G. Cook,Dread - The Moment (Original Score)
2025-12-20T11:49:21Z,December,12,20,11:49:21,Hammer,Lorde,Virgin
2025-12-20T11:52:51Z,December,12,20,11:52:51,What Was That,Lorde,Virgin
2025-12-20T11:57:08Z,December,12,20,11:57:08,Shapeshifter,Lorde,Virgin
2025-12-20T12:00:08Z,December,12,20,12:00:08,Man Of The Year,Lorde,Virgin
2025-12-20T20:27:51Z,December,12,20,20:27:51,Favourite Daughter,Lorde,Virgin
2025-12-20T20:31:51Z,December,12,20,20:31:51,Welcome To My Island,Caroline Polachek,"Desire, I Want To Turn Into You"
2025-12-20T20:35:05Z,December,12,20,20:35:05,Bunny Is A Rider,Caroline Polachek,"Desire, I Want To Turn Into You"
2025-12-20T20:37:50Z,December,12,20,20:37:50,Dang,Caroline Polachek,"Desire, I Want To Turn Into You: Everasking Edition"
2025-12-20T20:41:04Z,December,12,20,20:41:04,Hammer,Lorde,Virgin
2025-12-20T20:46:27Z,December,12,20,20:46:27,Sushi,FKA twigs,EUSEXUA Afterglow
2025-12-20T20:50:13Z,December,12,20,20:50:13,Boys (feat. Pharrell Williams) - Co-Ed Remix,Britney Spears,Greatest Hits: My Prerogative
2025-12-20T21:41:37Z,December,12,20,21:41:37,Times Like These,Addison Rae,Addison
2025-12-21T22:48:51Z,December,12,21,22:48:51,Crude Drawing Of An Angel,Caroline Polachek,"Desire, I Want To Turn Into You"
2025-12-21T22:51:55Z,December,12,21,22:51:55,Fame is a Gun,Addison Rae,Addison
2025-12-21T22:54:50Z,December,12,21,22:54:50,SAMO,Vince Staples,Big Fish Theory
2025-12-21T22:58:35Z,December,12,21,22:58:35,Boys (feat. Pharrell Williams) - Co-Ed Remix,Britney Spears,Greatest Hits: My Prerogative
2025-12-21T23:02:50Z,December,12,21,23:02:50,Everything Is Embarrassing,Sky Ferreira,Ghost
2025-12-21T23:06:18Z,December,12,21,23:06:18,What Was That,Lorde,Virgin
2025-12-21T23:18:58Z,December,12,21,23:18:58,Shapeshifter,Lorde,Virgin
2025-12-21T23:22:54Z,December,12,21,23:22:54,Dopamine,Robyn,Dopamine
2025-12-21T23:26:32Z,December,12,21,23:26:32,Snowman (Hannah Diamond Remix),f5ve,SEQUENCE 01.5 (dreaming of the 2nd 1st impact - consequences of fate redux)
2025-12-21T23:30:19Z,December,12,21,23:30:19,Azimuth,Danny L Harle,Azimuth
2025-12-21T23:33:33Z,December,12,21,23:33:33,Broken Glass,Lorde,Virgin
2025-12-21T23:36:04Z,December,12,21,23:36:04,giirL math,horsegiirL,v.i.p. - very important pony
2025-12-22T05:50:43Z,December,12,22,05:50:43,B.S.A.S. (Si Alguna Vez te Sentís Sola de Noche),EQ,EQ
2025-12-22T05:53:48Z,December,12,22,05:53:48,Chains of Love,Charli xcx,Chains of Love
2025-12-22T22:44:38Z,December,12,22,22:44:38,Go,ADÉLA,The Provocateur
2025-12-22T22:47:25Z,December,12,22,22:47:25,SexOnTheBeat,ADÉLA,The Provocateur
2025-12-22T22:49:56Z,December,12,22,22:49:56,Childlike Things,FKA twigs,EUSEXUA
2025-12-22T22:53:25Z,December,12,22,22:53:25,ict,Oklou,choke enough
2025-12-22T22:57:16Z,December,12,22,22:57:16,Reliquia,ROSALÍA,LUX
2025-12-22T23:01:21Z,December,12,22,23:01:21,Divinize,ROSALÍA,LUX
2025-12-22T23:04:23Z,December,12,22,23:04:23,Berghain,ROSALÍA,Berghain
2025-12-22T23:14:36Z,December,12,22,23:14:36,Times,Cecile Believe,Plucking a Cherry From The Void
2025-12-22T23:19:04Z,December,12,22,23:19:04,Rapture in Blue - Midnight Version,Daniel Avery,Rapture in Blue / Greasy off the Racing Line
2025-12-22T23:20:49Z,December,12,22,23:20:49,pamplemousse,FKA twigs,CAPRISONGS
2025-12-22T23:23:53Z,December,12,22,23:23:53,Nasty Girl,The Greatest Hit Squad,Sexual Smash Hit Party Music
2025-12-22T23:25:20Z,December,12,22,23:25:20,Nasty,Janet Jackson,Control
2025-12-22T23:28:16Z,December,12,22,23:28:16,Make Up,The Deep,Make Up
2025-12-22T23:29:43Z,December,12,22,23:29:43,Lucky Star,The Deep,KPOP B!TCH
2025-12-22T23:31:59Z,December,12,22,23:31:59,Angel Tattoo,The Deep,Angel Tattoo
2025-12-22T23:36:04Z,December,12,22,23:36:04,Piece of Me,Britney Spears,Blackout
2025-12-23T05:34:13Z,December,12,23,05:34:13,Get Back,Britney Spears,Blackout
2025-12-23T05:40:37Z,December,12,23,05:40:37,Thing Called Love - Original Mix,Above & Beyond,Group Therapy
2025-12-23T05:44:14Z,December,12,23,05:44:14,I'm Not Alone - 2009 Remaster,Calvin Harris,I'm Not Alone 2019
2025-12-23T05:48:40Z,December,12,23,05:48:40,My Barn My Rules,MCR-T,My Barn My Rules
2025-12-23T05:52:24Z,December,12,23,05:52:24,Boys (feat. Pharrell Williams) - Co-Ed Remix,Britney Spears,Greatest Hits: My Prerogative
2025-12-23T05:55:18Z,December,12,23,05:55:18,Alice Practice,Crystal Castles,Crystal Castles
2025-12-23T05:59:31Z,December,12,23,05:59:31,White cat,Yves,White cat
2025-12-23T06:02:27Z,December,12,23,06:02:27,I LUV IT (feat. Playboi Carti),Camila Cabello,"C,XOXO"
2025-12-23T06:06:17Z,December,12,23,06:06:17,Can't We Just Leave the Monster Alive?,TOMORROW X TOGETHER,The Dream Chapter: MAGIC
2025-12-23T06:09:01Z,December,12,23,06:09:01,Deep Down,TOMORROW X TOGETHER,The Name Chapter: FREEFALL
2025-12-23T06:11:18Z,December,12,23,06:11:18,Mantra,JENNIE,Mantra
2025-12-23T06:42:04Z,December,12,23,06:42:04,So Cynical (Badum),LE SSERAFIM,HOT
2025-12-23T06:43:21Z,December,12,23,06:43:21,So Cynical (Badum),LE SSERAFIM,HOT
2025-12-23T06:47:00Z,December,12,23,06:47:00,Snowman (Hannah Diamond Remix),f5ve,SEQUENCE 01.5 (dreaming of the 2nd 1st impact - consequences of fate redux)
2025-12-23T06:50:01Z,December,12,23,06:50:01,New Woman (feat. ROSALÍA),LISA,New Woman (feat. ROSALÍA)
2025-12-23T07:16:19Z,December,12,23,07:16:19,Babylon,5 Seconds of Summer,Youngblood
2025-12-23T20:09:50Z,December,12,23,20:09:50,Plum,Troye Sivan,Bloom
2025-12-23T20:13:51Z,December,12,23,20:13:51,Lucky Strike,Troye Sivan,Bloom
2025-12-23T20:14:56Z,December,12,23,20:14:56,Seventeen,Troye Sivan,Bloom
2025-12-23T20:19:23Z,December,12,23,20:19:23,The Good Side,Troye Sivan,Bloom
2025-12-23T20:23:15Z,December,12,23,20:23:15,Dance To This (feat. Ariana Grande),Troye Sivan,Bloom
2025-12-23T20:26:21Z,December,12,23,20:26:21,Plum,Troye Sivan,Bloom
2025-12-23T20:29:58Z,December,12,23,20:29:58,Postcard (feat. Gordi),Troye Sivan,Bloom
2025-12-23T20:33:05Z,December,12,23,20:33:05,What A Heavenly Way To Die,Troye Sivan,Bloom
2025-12-23T20:37:31Z,December,12,23,20:37:31,Animal,Troye Sivan,Bloom
2025-12-23T20:40:56Z,December,12,23,20:40:56,My My My!,Troye Sivan,Bloom
2025-12-23T20:44:03Z,December,12,23,20:44:03,Bloom,Troye Sivan,Bloom
2025-12-23T20:47:53Z,December,12,23,20:47:53,Dance To This (feat. Ariana Grande),Troye Sivan,Bloom
2025-12-23T20:51:00Z,December,12,23,20:51:00,Plum,Troye Sivan,Bloom
2025-12-23T21:13:52Z,December,12,23,21:13:52,Postcard (feat. Gordi),Troye Sivan,Bloom
2025-12-23T21:17:02Z,December,12,23,21:17:02,Go,ADÉLA,The Provocateur
2025-12-23T22:06:39Z,December,12,23,22:06:39,SexOnTheBeat,ADÉLA,The Provocateur
2025-12-23T22:11:03Z,December,12,23,22:11:03,Go,ADÉLA,The Provocateur
2025-12-23T22:15:30Z,December,12,23,22:15:30,Rapture in Blue - Midnight Version,Daniel Avery,Rapture in Blue / Greasy off the Racing Line
2025-12-23T22:48:55Z,December,12,23,22:48:55,Times,Cecile Believe,Plucking a Cherry From The Void
2025-12-23T22:54:58Z,December,12,23,22:54:58,dance 2,Oklou,choke enough (Deluxe)
2025-12-23T22:58:34Z,December,12,23,22:58:34,Crude Drawing Of An Angel,Caroline Polachek,"Desire, I Want To Turn Into You"
2025-12-23T23:03:17Z,December,12,23,23:03:17,Times Like These,Addison Rae,Addison
2025-12-23T23:07:23Z,December,12,23,23:07:23,I'm so Stupid,Madonna,American Life
2025-12-23T23:10:59Z,December,12,23,23:10:59,Love Profusion,Madonna,American Life
2025-12-23T23:15:38Z,December,12,23,23:15:38,Nobody Knows Me,Madonna,American Life
2025-12-24T05:40:16Z,December,12,24,05:40:16,I'm so Stupid,Madonna,American Life
2025-12-24T05:44:29Z,December,12,24,05:44:29,I'm so Stupid,Madonna,American Life
2025-12-24T06:16:06Z,December,12,24,06:16:06,Drowned World / Substitute for Love,Madonna,Ray of Light
2025-12-24T23:51:49Z,December,12,24,23:51:49,I'm so Stupid,Madonna,American Life
2025-12-25T00:02:40Z,December,12,25,00:02:40,Lucky Strike,Troye Sivan,Bloom
2025-12-25T00:05:45Z,December,12,25,00:05:45,Plum,Troye Sivan,Bloom
2025-12-25T00:09:22Z,December,12,25,00:09:22,Postcard (feat. Gordi),Troye Sivan,Bloom
2025-12-25T00:15:16Z,December,12,25,00:15:16,Seventeen,Troye Sivan,Bloom
2025-12-25T00:17:40Z,December,12,25,00:17:40,Double Negative (Skeleton Milkshake),Dominic Fike,What Could Possibly Go Wrong
2025-12-25T00:26:33Z,December,12,25,00:26:33,Paradise (feat. Hannah Diamond),Charli xcx,Vroom Vroom EP
2025-12-25T00:31:17Z,December,12,25,00:31:17,Perfect Places,Lorde,Melodrama
2025-12-25T00:37:48Z,December,12,25,00:37:48,Ribs,Lorde,Pure Heroine
2025-12-25T00:41:01Z,December,12,25,00:41:01,Hammer,Lorde,Virgin
2025-12-25T00:45:12Z,December,12,25,00:45:12,In The Rain,Addison Rae,Addison
2025-12-25T00:48:27Z,December,12,25,00:48:27,Piece Of Mine,FKA twigs,EUSEXUA Afterglow
2025-12-25T00:53:56Z,December,12,25,00:53:56,"Keep It, Hold It",FKA twigs,EUSEXUA
2025-12-25T00:56:38Z,December,12,25,00:56:38,Childlike Things,FKA twigs,EUSEXUA
2025-12-25T01:31:18Z,December,12,25,01:31:18,Room Of Fools,FKA twigs,EUSEXUA
2025-12-25T01:35:01Z,December,12,25,01:35:01,What Was That,Lorde,Virgin
2025-12-25T01:39:18Z,December,12,25,01:39:18,Shapeshifter,Lorde,Virgin
2025-12-25T01:43:05Z,December,12,25,01:43:05,Favourite Daughter,Lorde,Virgin
2025-12-25T01:46:23Z,December,12,25,01:46:23,Current Affairs,Lorde,Virgin
2025-12-25T01:48:21Z,December,12,25,01:48:21,Clearblue,Lorde,Virgin
2025-12-25T01:50:56Z,December,12,25,01:50:56,GRWM,Lorde,Virgin
2025-12-25T01:54:10Z,December,12,25,01:54:10,Broken Glass,Lorde,Virgin
2025-12-25T01:57:07Z,December,12,25,01:57:07,If She Could See Me Now,Lorde,Virgin
2025-12-25T02:00:32Z,December,12,25,02:00:32,David,Lorde,Virgin
2025-12-25T06:29:54Z,December,12,25,06:29:54,I'm so Stupid,Madonna,American Life
2025-12-26T23:24:00Z,December,12,26,23:24:00,Si Yo Fuera Un Chico - If I Were A Boy - Spanish Version,Beyoncé,Si Yo Fuera Un Chico
2025-12-26T23:34:49Z,December,12,26,23:34:49,I'm so Stupid,Madonna,American Life
2025-12-26T23:37:07Z,December,12,26,23:37:07,Angel Tattoo,The Deep,Angel Tattoo
2025-12-26T23:40:52Z,December,12,26,23:40:52,Boys (feat. Pharrell Williams) - Co-Ed Remix,Britney Spears,Greatest Hits: My Prerogative
2025-12-26T23:43:34Z,December,12,26,23:43:34,Alice Practice,Crystal Castles,Crystal Castles
2025-12-27T03:32:48Z,December,12,27,03:32:48,Dread - The Moment (Original Score),A. G. Cook,Dread - The Moment (Original Score)
2025-12-27T21:22:57Z,December,12,27,21:22:57,Sunset,Caroline Polachek,"Desire, I Want To Turn Into You"
2025-12-27T21:27:07Z,December,12,27,21:27:07,Si Yo Fuera Un Chico - If I Were A Boy - Spanish Version,Beyoncé,Si Yo Fuera Un Chico
2025-12-27T21:31:15Z,December,12,27,21:31:15,I Believe,Caroline Polachek,"Desire, I Want To Turn Into You"
2025-12-27T21:40:21Z,December,12,27,21:40:21,Blood And Butter,Caroline Polachek,"Desire, I Want To Turn Into You"
2025-12-27T21:44:36Z,December,12,27,21:44:36,Tears (feat. Caroline Polachek),Charli xcx,Pop 2
2025-12-27T21:47:21Z,December,12,27,21:47:21,Heaven,Shygirl,Nymph
2025-12-28T00:47:12Z,December,12,28,00:47:12,Nettles,Ethel Cain,"Willoughby Tucker, I'll Always Love You"
2025-12-28T03:13:41Z,December,12,28,03:13:41,Breathless,Caroline Polachek,Breathless
2025-12-28T03:17:52Z,December,12,28,03:17:52,Thirst Trap,Audrey Hobert,Who's the Clown?
2025-12-28T03:21:04Z,December,12,28,03:21:04,Hammer,Lorde,Virgin
2025-12-28T03:24:34Z,December,12,28,03:24:34,What Was That,Lorde,Virgin
2025-12-28T03:28:51Z,December,12,28,03:28:51,Shapeshifter,Lorde,Virgin
2025-12-28T03:32:11Z,December,12,28,03:32:11,Broken Glass,Lorde,Virgin
2025-12-28T03:35:56Z,December,12,28,03:35:56,The Path,Lorde,Solar Power
2025-12-28T03:40:23Z,December,12,28,03:40:23,Stoned at the Nail Salon,Lorde,Solar Power
2025-12-28T03:44:21Z,December,12,28,03:44:21,Fallen Fruit,Lorde,Solar Power
2025-12-28T04:12:32Z,December,12,28,04:12:32,Mood Ring,Lorde,Solar Power
2025-12-28T04:16:38Z,December,12,28,04:16:38,3,Britney Spears,The Essential Britney Spears
2025-12-28T04:20:48Z,December,12,28,04:20:48,Gimme More,Britney Spears,Blackout
2025-12-28T04:24:20Z,December,12,28,04:24:20,Piece of Me,Britney Spears,Blackout
2025-12-28T04:26:18Z,December,12,28,04:26:18,Gallop (feat. Evita Manji),SOPHIE,SOPHIE
2025-12-28T04:31:15Z,December,12,28,04:31:15,Yummy,Gwen Stefani,The Sweet Escape
2025-12-28T04:34:09Z,December,12,28,04:34:09,"jealousy, jealousy",Olivia Rodrigo,SOUR
2025-12-28T04:38:51Z,December,12,28,04:38:51,Supercut,Lorde,Melodrama
2025-12-28T04:41:20Z,December,12,28,04:41:20,Hit It From The Back,Kim Petras,Feed The Beast
2025-12-28T04:44:50Z,December,12,28,04:44:50,Bum Like You,Robyn,Robyn
2025-12-28T18:37:00Z,December,12,28,18:37:00,I Don't Sell - Records Remix,umru,I Don't Sell
2025-12-28T23:39:49Z,December,12,28,23:39:49,Gallop (feat. Evita Manji),SOPHIE,SOPHIE
2025-12-28T23:43:11Z,December,12,28,23:43:11,Aquamarine / Arcamarine,Addison Rae,Aquamarine / Arcamarine
2025-12-28T23:45:10Z,December,12,28,23:45:10,LEMONADE,SOPHIE,LEMONADE
2025-12-28T23:49:05Z,December,12,28,23:49:05,break,xo,whitenoise
2025-12-28T23:54:28Z,December,12,28,23:54:28,Oh Yeah (Caroline Polachek Remix),A. G. Cook,Apple vs. 7G
2025-12-28T23:58:50Z,December,12,28,23:58:50,Lipgloss (feat. CupcakKe),Charli xcx,Number 1 Angel
2025-12-29T06:58:46Z,December,12,29,06:58:46,Trophy,Charli xcx,Vroom Vroom EP
2025-12-29T23:16:31Z,December,12,29,23:16:31,Like a Prayer,Madonna,Like a Prayer
2025-12-29T23:21:11Z,December,12,29,23:21:11,Express Yourself,Madonna,Like a Prayer
2025-12-29T23:41:00Z,December,12,29,23:41:00,Love Song,Madonna,Like a Prayer
2025-12-29T23:43:34Z,December,12,29,23:43:34,Act of Contrition,Madonna,Like a Prayer
2025-12-29T23:49:15Z,December,12,29,23:49:15,Like a Prayer,Madonna,Like a Prayer
2025-12-29T23:51:30Z,December,12,29,23:51:30,I'm so Stupid,Madonna,American Life
2025-12-29T23:55:12Z,December,12,29,23:55:12,Girl Gone Wild,Madonna,MDNA
2025-12-29T23:56:00Z,December,12,29,23:56:00,Gang Bang,Madonna,MDNA
2025-12-30T00:01:22Z,December,12,30,00:01:22,Sushi,FKA twigs,EUSEXUA Afterglow
2025-12-30T23:12:39Z,December,12,30,23:12:39,Piece Of Mine,FKA twigs,EUSEXUA Afterglow
2025-12-30T23:17:14Z,December,12,30,23:17:14,Genesis,Grimes,Visions
2025-12-30T23:21:26Z,December,12,30,23:21:26,Oblivion,Grimes,Visions
2025-12-30T23:25:09Z,December,12,30,23:25:09,Circumambient,Grimes,Visions
2025-12-30T23:41:09Z,December,12,30,23:41:09,Be a Body,Grimes,Visions
2025-12-30T23:45:03Z,December,12,30,23:45:03,Nightmusic,Grimes,Visions
2025-12-30T23:48:45Z,December,12,30,23:48:45,Poster Girl,Hannah Diamond,Poster Girl
2025-12-30T23:51:35Z,December,12,30,23:51:35,Perfect Picture,Hannah Diamond,Poster Girl
2025-12-30T23:52:21Z,December,12,30,23:52:21,Affirmations,Hannah Diamond,Poster Girl
2025-12-30T23:54:21Z,December,12,30,23:54:21,Staring At The Ceiling,Hannah Diamond,Poster Girl
2025-12-30T23:57:22Z,December,12,30,23:57:22,Paradise (feat. Hannah Diamond),Charli xcx,Vroom Vroom EP
2025-12-31T00:01:04Z,December,12,31,00:01:04,Snowman (Hannah Diamond Remix),f5ve,SEQUENCE 01.5 (dreaming of the 2nd 1st impact - consequences of fate redux)
2025-12-31T07:09:17Z,December,12,31,07:09:17,dance 2,Oklou,choke enough (Deluxe)
2025-12-31T23:22:30Z,December,12,31,23:22:30,Snowman (Hannah Diamond Remix),f5ve,SEQUENCE 01.5 (dreaming of the 2nd 1st impact - consequences of fate redux)
2025-12-31T23:59:39Z,December,12,31,23:59:39,Like a Prayer,Madonna,Like a Prayer
